hour,day_of_week,month,is_peak_hour,is_weekend,road_type,weather,traffic_density,speed,speed_limit,vehicle_type,vehicles_involved,vehicle_age,road_condition,road_width,alcohol_involved,driver_distracted,pedestrians_involved,visibility,temperature,humidity,junction_type,severity
11,Saturday,3,0,1,Urban Road,Rainy,3,83,40,Motorcycle,3,3,Wet,12,0,0,0,5,22,62,No Junction,High
22,Tuesday,5,0,0,Highway,Clear,5,28,80,Car,4,0,Dry,7,0,1,0,5,15,20,Y-Junction,High
18,Tuesday,8,1,0,Highway,Cloudy,5,10,80,Car,2,5,Slippery,9,0,0,0,7,25,88,No Junction,Medium
16,Wednesday,8,0,0,Residential,Rainy,1,38,40,Car,2,4,Dry,9,0,0,0,9,20,83,Y-Junction,Low
7,Friday,3,1,0,State Highway,Clear,5,10,60,Car,1,4,Good,4,0,1,2,7,19,45,T-Junction,High
7,Monday,8,1,0,Residential,Clear,5,21,40,Motorcycle,1,0,Dry,9,0,0,0,5,25,61,Intersection,Medium
5,Tuesday,11,0,0,Residential,Rainy,4,40,40,Truck,3,8,Dry,3,0,1,0,8,26,77,Intersection,Medium
20,Monday,8,1,0,Highway,Foggy,8,56,80,Truck,1,2,Good,10,0,0,1,4,28,86,Intersection,High
16,Sunday,3,0,1,Residential,Clear,4,41,40,Motorcycle,2,6,Dry,9,0,1,1,5,30,52,Y-Junction,High
18,Thursday,10,1,0,Highway,Heavy Rain,8,10,80,Auto,1,9,Dry,3,0,0,0,3,20,85,Intersection,High
2,Thursday,10,0,0,Highway,Rainy,2,35,80,Auto,1,3,Under Construction,5,0,0,0,5,19,60,T-Junction,Low
22,Friday,2,0,0,State Highway,Heavy Rain,3,34,60,Car,2,12,Dry,3,1,1,1,4,32,73,Intersection,High
19,Tuesday,10,1,0,State Highway,Heavy Rain,7,37,60,Truck,2,2,Dry,4,0,0,1,3,26,71,Intersection,High
8,Sunday,2,1,1,Residential,Rainy,9,34,40,Car,2,15,Dry,8,0,1,0,8,39,28,No Junction,Medium
8,Wednesday,9,1,0,State Highway,Rainy,10,10,60,Motorcycle,1,2,Under Construction,13,0,0,0,5,15,50,Y-Junction,Medium
8,Tuesday,7,1,0,National Highway,Clear,5,25,80,Motorcycle,2,4,Dry,9,1,0,1,6,30,40,T-Junction,High
9,Monday,6,1,0,Highway,Cloudy,4,11,80,Motorcycle,1,8,Slippery,6,0,0,0,5,23,48,No Junction,Medium
15,Saturday,7,0,1,National Highway,Cloudy,1,36,80,Motorcycle,2,4,Dry,10,0,0,0,6,23,71,T-Junction,Medium
12,Thursday,8,0,0,Residential,Rainy,3,51,40,Car,1,8,Dry,9,1,0,0,6,24,49,Roundabout,Medium
9,Monday,12,1,0,State Highway,Clear,9,21,60,Motorcycle,4,4,Dry,12,0,0,0,9,36,71,Roundabout,High
17,Friday,1,1,0,Residential,Cloudy,8,10,40,Car,1,6,Good,10,0,0,1,9,17,42,Roundabout,Low
7,Thursday,8,1,0,Residential,Clear,2,69,40,Car,2,5,Wet,8,0,0,0,6,17,58,No Junction,Medium
9,Wednesday,3,1,0,Residential,Rainy,3,43,40,Truck,3,9,Dry,3,0,1,0,7,31,94,Roundabout,High
11,Thursday,3,0,0,Urban Road,Clear,6,53,40,Auto,4,0,Dry,12,0,1,0,5,38,48,Y-Junction,Medium
13,Saturday,6,0,1,National Highway,Cloudy,8,25,80,Motorcycle,1,5,Wet,7,1,0,0,9,23,80,T-Junction,High
19,Sunday,4,1,1,Highway,Foggy,8,18,80,Bus,2,6,Wet,5,0,0,0,2,34,35,Roundabout,High
8,Tuesday,4,1,0,Urban Road,Clear,5,37,40,Motorcycle,3,9,Dry,3,0,0,3,7,33,81,No Junction,High
14,Saturday,4,0,1,Highway,Clear,2,47,80,Auto,2,0,Dry,4,1,0,0,6,29,47,No Junction,Medium
16,Sunday,10,0,1,Urban Road,Clear,4,51,40,Auto,4,9,Slippery,9,0,1,3,8,29,50,Roundabout,High
4,Saturday,9,0,1,Urban Road,Rainy,5,52,40,Bus,2,6,Wet,6,0,1,0,6,25,85,No Junction,High
16,Tuesday,8,0,0,Highway,Clear,6,10,80,Auto,3,1,Dry,10,0,0,2,8,33,20,Intersection,Medium
7,Thursday,3,1,0,Urban Road,Clear,3,32,40,Car,1,8,Dry,12,0,0,0,9,31,61,Intersection,Low
5,Friday,1,0,0,Urban Road,Cloudy,5,16,40,Car,5,4,Wet,3,0,0,0,9,24,83,T-Junction,Medium
22,Tuesday,1,0,0,Highway,Clear,5,15,80,Motorcycle,2,14,Dry,4,0,0,0,6,18,28,T-Junction,Medium
22,Tuesday,1,0,0,Urban Road,Rainy,6,49,40,Bus,3,5,Dry,8,0,0,1,9,23,61,Y-Junction,Medium
19,Sunday,4,1,1,National Highway,Clear,5,33,80,Car,2,11,Slippery,12,0,0,3,6,21,40,No Junction,High
9,Wednesday,6,1,0,Highway,Clear,10,29,80,Car,2,12,Wet,5,0,1,0,6,27,51,Roundabout,High
6,Thursday,4,0,0,Urban Road,Rainy,5,35,40,Car,1,2,Wet,8,0,0,1,8,30,67,Y-Junction,Medium
17,Tuesday,11,1,0,Highway,Rainy,4,27,80,Auto,5,7,Wet,4,0,1,0,5,30,74,Y-Junction,High
13,Friday,11,0,0,Highway,Clear,4,49,80,Truck,4,13,Slippery,7,0,0,0,6,30,74,Roundabout,High
7,Monday,3,1,0,Residential,Clear,6,38,40,Truck,1,13,Dry,8,0,0,1,5,29,88,T-Junction,High
14,Thursday,8,0,0,Urban Road,Clear,1,31,40,Car,1,3,Dry,7,0,1,1,7,27,60,No Junction,Low
3,Wednesday,8,0,0,Urban Road,Clear,2,51,40,Motorcycle,2,10,Dry,12,1,0,0,9,27,52,No Junction,Medium
21,Saturday,6,0,1,Highway,Clear,6,24,80,Car,1,6,Good,11,0,0,2,7,35,73,Intersection,Medium
8,Tuesday,9,1,0,Residential,Clear,6,14,40,Car,2,2,Wet,7,0,0,0,7,25,86,No Junction,Medium
17,Friday,12,1,0,State Highway,Rainy,10,25,60,Bus,1,2,Dry,7,0,0,0,6,26,50,Intersection,Low
10,Thursday,10,1,0,Highway,Clear,6,26,80,Truck,2,10,Dry,10,0,0,0,7,15,70,Roundabout,Medium
15,Friday,1,0,0,Highway,Rainy,6,32,80,Motorcycle,1,11,Slippery,8,0,0,0,6,24,73,No Junction,Medium
15,Friday,8,0,0,Highway,Rainy,7,10,80,Bus,1,12,Dry,8,0,1,2,9,26,65,No Junction,Medium
8,Sunday,6,1,1,Residential,Clear,7,11,40,Motorcycle,2,6,Slippery,5,0,0,3,9,35,72,Roundabout,High
22,Saturday,1,0,1,Highway,Rainy,3,51,80,Car,2,5,Good,9,1,0,2,7,19,78,No Junction,High
19,Wednesday,4,1,0,Urban Road,Rainy,9,29,40,Bus,2,7,Dry,6,0,0,2,6,27,69,Intersection,High
22,Thursday,5,0,0,Highway,Clear,3,38,80,Car,2,0,Dry,6,0,0,0,8,27,64,Y-Junction,Low
21,Tuesday,7,0,0,Highway,Clear,5,29,80,Auto,2,6,Dry,8,0,0,0,8,31,62,Y-Junction,Medium
16,Wednesday,8,0,0,Highway,Rainy,8,10,80,Truck,1,12,Dry,8,0,0,0,5,25,85,Intersection,Medium
21,Tuesday,9,0,0,Urban Road,Rainy,6,20,40,Motorcycle,5,6,Wet,8,0,0,1,5,31,72,Intersection,High
6,Monday,12,0,0,Highway,Cloudy,4,35,80,Car,1,10,Dry,3,0,1,3,5,29,87,Roundabout,High
8,Friday,12,1,0,Urban Road,Foggy,5,28,40,Motorcycle,2,8,Wet,8,0,0,1,4,23,67,T-Junction,High
4,Monday,6,0,0,Residential,Cloudy,7,42,40,Motorcycle,2,0,Wet,3,1,1,1,6,21,77,Intersection,High
10,Sunday,10,1,1,Urban Road,Clear,9,29,40,Auto,2,8,Good,11,0,0,3,5,40,76,No Junction,High
11,Friday,9,0,0,Residential,Clear,3,10,40,Car,2,8,Wet,6,0,0,3,6,24,53,No Junction,Medium
9,Saturday,4,1,1,Residential,Clear,6,23,40,Motorcycle,1,7,Dry,8,0,0,0,7,17,20,Intersection,Low
19,Wednesday,8,1,0,Residential,Clear,8,10,40,Motorcycle,2,6,Dry,6,0,1,2,6,25,32,Y-Junction,Medium
11,Tuesday,3,0,0,National Highway,Clear,5,39,80,Bus,4,7,Slippery,8,0,0,2,6,23,81,Roundabout,High
9,Sunday,4,1,1,Urban Road,Cloudy,6,28,40,Bus,1,3,Dry,4,0,0,0,7,20,76,T-Junction,Medium
15,Saturday,10,0,1,Highway,Rainy,5,11,80,Motorcycle,2,3,Dry,13,0,0,2,8,27,65,T-Junction,Medium
7,Tuesday,4,1,0,Residential,Foggy,5,67,40,Car,3,1,Good,5,0,0,1,4,29,69,T-Junction,High
19,Wednesday,6,1,0,Residential,Rainy,7,27,40,Car,3,4,Dry,10,0,0,1,6,15,51,T-Junction,Medium
6,Thursday,9,0,0,Urban Road,Rainy,4,21,40,Truck,1,3,Dry,4,0,0,3,9,28,50,Y-Junction,Medium
23,Sunday,6,0,1,Highway,Clear,4,30,80,Bus,3,3,Under Construction,6,0,0,0,9,32,59,T-Junction,Medium
19,Monday,1,1,0,Residential,Rainy,9,10,40,Motorcycle,3,6,Dry,5,0,0,1,5,22,81,No Junction,Medium
8,Monday,5,1,0,National Highway,Clear,9,10,80,Motorcycle,2,2,Dry,6,0,0,1,5,19,85,Intersection,Medium
0,Tuesday,9,0,0,Urban Road,Clear,4,38,40,Car,2,13,Dry,9,0,0,1,7,21,71,T-Junction,Medium
19,Tuesday,5,1,0,National Highway,Clear,7,30,80,Truck,1,1,Slippery,9,0,0,0,7,24,66,Intersection,Medium
18,Tuesday,6,1,0,Urban Road,Cloudy,9,10,40,Car,1,5,Good,9,0,1,0,9,27,63,Roundabout,Medium
18,Sunday,3,1,1,Highway,Cloudy,4,77,80,Truck,2,9,Wet,5,0,0,2,9,21,57,Intersection,High
19,Wednesday,8,1,0,Urban Road,Cloudy,6,10,40,Motorcycle,2,7,Dry,8,0,0,0,5,25,25,No Junction,Medium
6,Thursday,10,0,0,Urban Road,Heavy Rain,7,18,40,Bus,1,4,Dry,5,0,0,1,2,26,82,No Junction,Medium
11,Monday,11,0,0,Residential,Rainy,4,38,40,Motorcycle,1,7,Wet,12,0,1,0,6,28,78,T-Junction,Medium
7,Saturday,4,1,1,Urban Road,Cloudy,3,16,40,Car,4,10,Slippery,5,0,1,0,6,19,70,Intersection,High
20,Friday,4,1,0,Urban Road,Clear,8,32,40,Motorcycle,1,6,Slippery,6,0,0,2,9,22,77,No Junction,Medium
17,Sunday,11,1,1,Highway,Clear,6,10,80,Auto,2,6,Wet,8,0,1,0,7,23,100,T-Junction,High
10,Sunday,12,1,1,Urban Road,Rainy,7,31,40,Bus,1,14,Good,4,1,0,0,5,37,54,Y-Junction,Medium
5,Wednesday,5,0,0,Urban Road,Clear,6,28,40,Car,2,15,Dry,9,0,1,1,6,33,71,No Junction,Medium
10,Monday,10,1,0,National Highway,Cloudy,8,53,80,Car,2,6,Dry,11,0,1,0,7,26,40,Intersection,High
10,Thursday,9,1,0,Urban Road,Clear,5,11,40,Bicycle,4,9,Under Construction,5,0,0,1,9,18,99,Intersection,Medium
18,Wednesday,8,1,0,State Highway,Foggy,8,43,60,Truck,2,7,Dry,5,0,0,0,1,32,66,Intersection,High
17,Saturday,7,1,1,Urban Road,Cloudy,10,14,40,Bus,1,7,Dry,11,0,0,0,5,34,24,Y-Junction,Medium
20,Monday,5,1,0,Highway,Rainy,5,36,80,Auto,5,7,Wet,8,1,1,1,7,26,57,T-Junction,High
13,Wednesday,9,0,0,Urban Road,Clear,3,12,40,Motorcycle,1,8,Dry,7,1,0,0,7,24,90,Intersection,Medium
7,Monday,9,1,0,Urban Road,Clear,8,14,40,Auto,1,1,Dry,5,0,0,0,7,23,79,Roundabout,Medium
18,Monday,10,1,0,National Highway,Clear,7,15,80,Car,3,4,Good,6,0,1,1,9,31,98,T-Junction,High
18,Sunday,10,1,1,Residential,Clear,4,45,40,Car,3,3,Dry,7,0,1,2,9,31,62,No Junction,High
16,Thursday,2,0,0,National Highway,Foggy,3,33,80,Car,3,4,Wet,9,0,0,0,1,20,81,T-Junction,High
19,Sunday,4,1,1,State Highway,Clear,10,43,60,Car,2,7,Dry,7,0,0,0,9,22,72,No Junction,Medium
14,Friday,8,0,0,Residential,Clear,2,40,40,Car,2,8,Under Construction,5,0,0,3,5,20,71,Intersection,High
15,Thursday,1,0,0,Residential,Clear,2,10,40,Truck,2,3,Dry,6,0,0,1,8,37,45,Y-Junction,Low
12,Monday,5,0,0,Residential,Cloudy,6,25,40,Motorcycle,1,3,Slippery,4,1,0,0,9,28,20,Intersection,Medium
2,Wednesday,8,0,0,Residential,Rainy,3,44,40,Motorcycle,1,3,Dry,7,0,1,0,5,33,63,No Junction,Medium
6,Saturday,2,0,1,Urban Road,Cloudy,4,49,40,Motorcycle,1,0,Wet,14,0,0,0,8,27,23,No Junction,Medium
3,Thursday,2,0,0,Urban Road,Clear,2,41,40,Car,2,2,Slippery,15,0,0,0,8,29,76,Intersection,Medium
17,Friday,8,1,0,Residential,Clear,6,66,40,Auto,4,5,Dry,8,1,0,0,7,25,56,T-Junction,High
10,Monday,10,1,0,Highway,Rainy,6,30,80,Car,4,5,Dry,3,0,0,3,7,35,48,Intersection,High
14,Saturday,12,0,1,Urban Road,Rainy,2,36,40,Car,4,3,Slippery,10,0,0,0,5,29,47,Intersection,Medium
21,Thursday,9,0,0,State Highway,Clear,5,20,60,Car,1,11,Dry,10,0,0,0,7,26,66,Roundabout,Low
8,Sunday,7,1,1,Urban Road,Cloudy,4,56,40,Motorcycle,2,10,Good,16,0,0,0,8,16,84,No Junction,Medium
12,Sunday,8,0,1,Residential,Foggy,5,31,40,Car,2,6,Dry,8,1,0,0,3,30,59,No Junction,High
18,Thursday,5,1,0,Urban Road,Clear,5,35,40,Bus,2,14,Slippery,6,0,0,1,5,30,49,No Junction,Medium
8,Thursday,1,1,0,State Highway,Clear,7,41,60,Car,2,0,Under Construction,5,0,0,2,5,34,50,T-Junction,High
6,Thursday,4,0,0,Urban Road,Foggy,6,22,40,Bicycle,1,1,Dry,10,0,0,1,3,25,97,Y-Junction,Medium
9,Saturday,2,1,1,National Highway,Cloudy,7,12,80,Truck,4,0,Dry,7,0,0,0,7,22,64,No Junction,Medium
7,Sunday,3,1,1,National Highway,Clear,8,44,80,Auto,1,8,Dry,7,0,1,1,7,38,20,No Junction,Medium
21,Wednesday,12,0,0,National Highway,Clear,1,26,80,Motorcycle,3,6,Good,6,0,0,0,9,18,57,Roundabout,Medium
19,Friday,3,1,0,Highway,Rainy,4,42,80,Motorcycle,1,9,Slippery,14,0,0,0,9,22,36,T-Junction,Medium
17,Friday,9,1,0,Urban Road,Rainy,3,55,40,Bicycle,2,1,Wet,6,0,0,0,9,36,52,Intersection,Medium
20,Monday,10,1,0,National Highway,Rainy,7,10,80,Car,1,8,Dry,10,0,0,3,5,33,41,No Junction,Medium
19,Tuesday,4,1,0,State Highway,Foggy,5,52,60,Motorcycle,1,6,Dry,9,0,0,0,4,25,100,Y-Junction,High
8,Wednesday,2,1,0,National Highway,Clear,6,22,80,Car,2,5,Slippery,3,0,0,1,9,26,71,Y-Junction,Medium
21,Sunday,3,0,1,Residential,Rainy,5,24,40,Bicycle,4,5,Good,14,0,1,2,5,26,86,Intersection,High
15,Monday,3,0,0,Urban Road,Rainy,6,18,40,Motorcycle,3,4,Dry,3,0,0,0,8,32,100,No Junction,Medium
19,Monday,7,1,0,Highway,Cloudy,2,54,80,Car,1,0,Slippery,5,0,0,1,9,32,70,T-Junction,High
21,Thursday,8,0,0,State Highway,Cloudy,5,29,60,Car,2,5,Dry,6,0,0,0,5,31,100,Intersection,Medium
10,Tuesday,11,1,0,Residential,Foggy,5,28,40,Auto,1,8,Slippery,5,0,0,3,3,32,34,Intersection,High
7,Sunday,6,1,1,Highway,Cloudy,6,28,80,Car,1,16,Dry,7,0,0,0,9,31,93,Intersection,Medium
8,Tuesday,4,1,0,Urban Road,Foggy,7,10,40,Car,1,11,Slippery,5,0,0,0,2,13,68,T-Junction,High
12,Wednesday,6,0,0,Residential,Foggy,4,35,40,Motorcycle,1,4,Good,12,0,0,0,1,29,82,T-Junction,High
19,Tuesday,11,1,0,Residential,Clear,10,28,40,Bicycle,2,9,Wet,9,1,1,3,9,25,62,Y-Junction,High
20,Monday,1,1,0,Highway,Rainy,7,10,80,Car,1,11,Good,6,0,1,0,9,40,78,No Junction,Medium
0,Tuesday,10,0,0,Urban Road,Cloudy,3,32,40,Bus,2,11,Dry,5,0,0,0,6,19,73,No Junction,Medium
14,Tuesday,8,0,0,Highway,Foggy,4,36,80,Car,1,5,Good,6,0,0,1,2,20,63,No Junction,Medium
12,Friday,1,0,0,Urban Road,Rainy,1,48,40,Car,3,4,Under Construction,5,0,1,3,5,28,67,Intersection,High
8,Sunday,5,1,1,National Highway,Clear,2,37,80,Bus,1,7,Dry,4,0,0,0,5,20,100,No Junction,Medium
7,Sunday,2,1,1,Residential,Rainy,5,36,40,Motorcycle,2,3,Wet,10,1,1,0,7,43,50,T-Junction,High
10,Monday,6,1,0,Residential,Clear,7,42,40,Motorcycle,2,5,Good,6,0,0,1,6,31,95,T-Junction,High
22,Saturday,9,0,1,State Highway,Clear,6,44,60,Truck,2,5,Dry,9,0,0,0,5,24,50,No Junction,Medium
10,Tuesday,5,1,0,Urban Road,Clear,4,24,40,Truck,1,3,Wet,8,0,0,0,6,30,78,Intersection,Medium
14,Tuesday,4,0,0,State Highway,Clear,6,34,60,Truck,2,10,Slippery,12,0,1,0,7,29,63,No Junction,Medium
18,Thursday,2,1,0,National Highway,Heavy Rain,10,31,80,Car,4,3,Dry,10,0,0,0,5,24,77,T-Junction,High
11,Sunday,12,0,1,Residential,Foggy,6,39,40,Motorcycle,2,9,Slippery,9,1,0,0,4,20,71,Roundabout,High
23,Tuesday,3,0,0,Urban Road,Clear,6,46,40,Auto,2,3,Dry,14,0,0,1,6,21,75,T-Junction,Medium
22,Sunday,6,0,1,Residential,Foggy,1,53,40,Auto,2,7,Dry,5,0,0,0,2,25,77,No Junction,High
8,Tuesday,8,1,0,National Highway,Clear,5,18,80,Motorcycle,2,0,Wet,7,0,0,0,6,33,68,Y-Junction,Medium
14,Friday,8,0,0,Highway,Rainy,6,10,80,Car,1,5,Wet,9,0,0,2,7,31,89,Y-Junction,Low
9,Monday,5,1,0,Urban Road,Foggy,8,10,40,Car,2,6,Under Construction,10,0,0,0,3,41,75,T-Junction,High
9,Sunday,5,1,1,National Highway,Foggy,7,24,80,Auto,2,11,Slippery,5,0,0,0,1,22,100,T-Junction,High
3,Wednesday,10,0,0,National Highway,Clear,6,27,80,Car,2,2,Wet,7,0,0,0,7,20,60,T-Junction,Medium
16,Monday,3,0,0,Urban Road,Cloudy,4,31,40,Car,2,4,Slippery,8,0,0,1,8,27,50,Intersection,Medium
14,Thursday,7,0,0,Urban Road,Cloudy,4,29,40,Bus,2,7,Slippery,14,0,1,0,5,30,74,Roundabout,Medium
5,Monday,6,0,0,Urban Road,Clear,10,25,40,Bus,2,10,Good,9,0,0,1,5,30,36,No Junction,Medium
9,Tuesday,1,1,0,Urban Road,Clear,7,29,40,Motorcycle,3,6,Slippery,11,0,0,0,5,30,86,Intersection,High
21,Thursday,4,0,0,National Highway,Cloudy,7,16,80,Truck,3,4,Wet,6,1,0,0,7,29,57,T-Junction,High
8,Monday,6,1,0,Highway,Heavy Rain,6,22,80,Car,2,4,Dry,5,1,0,1,4,24,83,T-Junction,High
7,Thursday,11,1,0,Urban Road,Rainy,7,34,40,Auto,2,0,Under Construction,6,0,1,0,5,25,72,T-Junction,Medium
14,Wednesday,6,0,0,National Highway,Clear,4,67,80,Bicycle,2,2,Slippery,9,0,0,0,7,37,64,No Junction,High
23,Monday,11,0,0,Urban Road,Cloudy,5,54,40,Auto,1,11,Dry,12,0,0,0,6,20,71,Y-Junction,Medium
8,Sunday,12,1,1,State Highway,Clear,3,43,60,Motorcycle,2,2,Slippery,3,0,0,0,6,29,36,Intersection,Medium
17,Sunday,12,1,1,Urban Road,Clear,7,10,40,Car,2,8,Wet,13,0,0,1,6,34,56,No Junction,High
18,Saturday,3,1,1,State Highway,Clear,10,16,60,Motorcycle,2,0,Dry,10,0,0,3,9,21,81,T-Junction,Medium
8,Tuesday,6,1,0,National Highway,Rainy,7,37,80,Motorcycle,1,0,Wet,11,0,0,0,5,21,38,Roundabout,High
18,Thursday,12,1,0,Urban Road,Clear,3,15,40,Motorcycle,1,8,Dry,10,0,0,3,8,29,76,No Junction,Low
11,Saturday,10,0,1,State Highway,Clear,2,23,60,Car,1,5,Slippery,6,0,0,1,5,30,82,T-Junction,Medium
17,Saturday,6,1,1,National Highway,Rainy,9,17,80,Auto,3,4,Dry,7,1,0,0,6,26,52,Roundabout,High
17,Friday,12,1,0,National Highway,Clear,4,10,80,Auto,2,0,Dry,10,0,0,2,5,30,91,No Junction,Medium
15,Thursday,9,0,0,Urban Road,Rainy,5,26,40,Car,3,9,Dry,7,1,1,0,9,18,81,T-Junction,High
6,Saturday,9,0,1,Urban Road,Clear,6,20,40,Bicycle,3,5,Wet,8,0,0,3,6,24,92,No Junction,High
19,Friday,2,1,0,Urban Road,Clear,8,24,40,Car,1,7,Dry,6,0,1,1,9,34,72,T-Junction,Medium
10,Saturday,4,1,1,Urban Road,Cloudy,2,27,40,Bus,4,4,Under Construction,10,1,0,0,9,16,56,Roundabout,Medium
8,Tuesday,9,1,0,Urban Road,Rainy,5,26,40,Motorcycle,1,8,Dry,7,0,0,1,9,40,88,No Junction,Medium
4,Wednesday,4,0,0,Urban Road,Cloudy,7,17,40,Motorcycle,2,8,Under Construction,6,1,0,3,6,27,65,Roundabout,High
16,Friday,8,0,0,Residential,Rainy,3,46,40,Bicycle,5,10,Wet,5,0,0,0,9,37,83,T-Junction,Medium
17,Wednesday,10,1,0,Urban Road,Cloudy,7,17,40,Motorcycle,1,3,Good,6,0,0,0,9,34,55,Intersection,Medium
1,Thursday,12,0,0,State Highway,Cloudy,3,19,60,Bus,1,5,Dry,4,1,0,2,8,29,54,T-Junction,Medium
14,Tuesday,3,0,0,State Highway,Heavy Rain,6,37,60,Car,1,3,Dry,9,0,0,0,4,29,50,Roundabout,Medium
8,Friday,3,1,0,Urban Road,Rainy,7,25,40,Car,3,6,Wet,6,0,0,0,8,39,93,Roundabout,Medium
17,Thursday,9,1,0,Urban Road,Rainy,7,35,40,Car,3,5,Slippery,7,0,1,1,5,21,78,Intersection,High
7,Saturday,11,1,1,State Highway,Clear,4,41,60,Bicycle,4,8,Dry,11,0,1,0,6,27,35,Intersection,High
18,Sunday,10,1,1,Highway,Cloudy,4,46,80,Motorcycle,2,2,Dry,7,1,0,3,8,24,58,No Junction,High
11,Monday,8,0,0,Highway,Clear,1,40,80,Bus,4,3,Wet,7,0,0,0,7,22,69,Y-Junction,Medium
22,Thursday,1,0,0,State Highway,Cloudy,3,50,60,Truck,1,6,Dry,7,0,0,0,6,34,95,Intersection,Low
7,Wednesday,10,1,0,Highway,Clear,6,10,80,Car,2,4,Dry,8,0,0,1,6,30,59,Roundabout,Medium
10,Tuesday,2,1,0,State Highway,Rainy,7,10,60,Car,2,5,Wet,6,0,0,2,5,30,86,Intersection,High
7,Tuesday,3,1,0,National Highway,Clear,3,12,80,Motorcycle,1,6,Slippery,10,1,0,1,5,30,98,T-Junction,Medium
21,Thursday,11,0,0,Urban Road,Clear,8,10,40,Auto,3,5,Good,8,0,0,3,9,32,40,No Junction,Low
20,Saturday,2,1,1,State Highway,Clear,4,35,60,Car,3,13,Dry,6,0,1,1,7,26,66,Intersection,Medium
8,Monday,3,1,0,Urban Road,Clear,6,26,40,Motorcycle,3,0,Slippery,6,0,0,0,6,34,52,Y-Junction,Medium
17,Wednesday,8,1,0,State Highway,Rainy,8,10,60,Bus,2,1,Dry,11,0,0,2,6,27,94,No Junction,Medium
19,Thursday,11,1,0,State Highway,Cloudy,6,49,60,Car,2,7,Dry,6,0,0,0,8,28,76,Roundabout,Medium
15,Thursday,11,0,0,Highway,Clear,6,34,80,Motorcycle,2,7,Wet,9,0,0,1,5,25,56,Intersection,Medium
15,Sunday,12,0,1,Residential,Rainy,2,17,40,Motorcycle,1,1,Slippery,9,0,0,0,8,26,45,Y-Junction,Low
8,Tuesday,6,1,0,Residential,Clear,5,49,40,Car,1,3,Good,4,0,0,3,5,29,52,No Junction,Medium
6,Wednesday,7,0,0,Highway,Cloudy,4,23,80,Truck,5,6,Slippery,3,1,1,1,5,27,46,No Junction,High
21,Monday,10,0,0,National Highway,Rainy,3,47,80,Truck,2,9,Dry,7,1,1,2,8,23,53,No Junction,High
21,Tuesday,10,0,0,Urban Road,Clear,5,41,40,Motorcycle,3,6,Dry,10,0,0,2,8,26,52,Roundabout,Medium
17,Thursday,6,1,0,Urban Road,Rainy,9,10,40,Car,2,4,Slippery,3,0,0,0,8,26,75,Y-Junction,Medium
10,Tuesday,1,1,0,Highway,Rainy,2,60,80,Car,1,2,Wet,5,0,0,1,5,26,49,Roundabout,High
10,Tuesday,11,1,0,Residential,Foggy,9,63,40,Bus,2,0,Dry,10,0,0,3,2,16,75,Y-Junction,High
18,Friday,3,1,0,State Highway,Heavy Rain,7,10,60,Motorcycle,2,0,Wet,4,0,0,0,4,32,51,Intersection,High
21,Tuesday,1,0,0,Residential,Clear,7,36,40,Motorcycle,1,2,Good,11,0,1,0,5,26,41,Roundabout,Medium
20,Saturday,12,1,1,State Highway,Clear,6,28,60,Auto,1,0,Slippery,15,0,0,2,8,29,60,No Junction,Medium
19,Tuesday,10,1,0,Residential,Rainy,8,20,40,Motorcycle,1,5,Wet,5,0,0,0,7,30,52,T-Junction,Medium
17,Saturday,12,1,1,Urban Road,Cloudy,3,70,40,Car,4,10,Good,12,0,0,0,7,21,41,No Junction,Medium
6,Wednesday,9,0,0,Urban Road,Rainy,7,33,40,Motorcycle,1,9,Slippery,8,1,0,0,9,31,52,T-Junction,Medium
7,Tuesday,9,1,0,Highway,Clear,4,38,80,Motorcycle,3,2,Dry,5,0,0,0,9,21,96,No Junction,Medium
21,Monday,5,0,0,Highway,Clear,4,59,80,Truck,2,1,Dry,12,0,0,2,7,29,56,No Junction,Medium
16,Saturday,4,0,1,Highway,Rainy,7,65,80,Motorcycle,1,11,Wet,9,0,0,0,8,17,70,T-Junction,Medium
0,Saturday,12,0,1,National Highway,Clear,5,21,80,Bus,2,5,Dry,11,1,1,3,9,14,51,T-Junction,High
6,Thursday,9,0,0,National Highway,Cloudy,3,37,80,Motorcycle,5,5,Under Construction,15,0,0,0,5,33,80,No Junction,Medium
17,Wednesday,9,1,0,Highway,Clear,6,29,80,Motorcycle,2,4,Under Construction,7,0,0,0,7,31,38,Intersection,Medium
0,Tuesday,3,0,0,Urban Road,Clear,6,16,40,Bus,1,5,Dry,9,0,0,1,8,26,87,Roundabout,Low
7,Sunday,5,1,1,Highway,Cloudy,8,37,80,Car,4,2,Slippery,4,0,1,1,5,27,83,Intersection,High
15,Monday,3,0,0,State Highway,Rainy,2,46,60,Auto,1,5,Wet,6,0,1,0,7,18,62,Intersection,Medium
18,Thursday,10,1,0,Urban Road,Clear,8,10,40,Car,3,3,Dry,7,0,1,0,7,27,97,Intersection,Medium
17,Wednesday,2,1,0,Residential,Clear,6,19,40,Car,1,2,Slippery,8,0,0,0,8,28,81,Y-Junction,Low
8,Saturday,1,1,1,Urban Road,Foggy,3,10,40,Car,3,5,Wet,3,0,0,2,3,24,100,No Junction,High
18,Monday,12,1,0,Residential,Clear,8,10,40,Motorcycle,1,11,Wet,12,1,0,0,6,26,80,No Junction,High
8,Tuesday,10,1,0,Urban Road,Heavy Rain,5,10,40,Car,1,2,Dry,9,0,0,0,5,21,43,No Junction,Medium
10,Sunday,2,1,1,Highway,Cloudy,3,48,80,Car,2,1,Wet,9,0,0,1,5,18,52,Roundabout,High
18,Friday,8,1,0,Highway,Clear,7,10,80,Car,2,0,Dry,14,0,0,3,9,28,83,T-Junction,Medium
17,Friday,11,1,0,Urban Road,Cloudy,7,10,40,Car,5,4,Wet,12,1,0,0,8,20,35,T-Junction,High
20,Wednesday,8,1,0,National Highway,Rainy,6,19,80,Car,2,10,Dry,7,0,0,3,8,30,63,No Junction,High
17,Sunday,3,1,1,Urban Road,Clear,3,55,40,Car,1,4,Wet,6,0,0,0,9,29,20,Roundabout,Medium
16,Monday,7,0,0,Highway,Clear,8,38,80,Car,1,17,Dry,9,0,0,0,9,33,83,Roundabout,Low
6,Thursday,7,0,0,National Highway,Clear,6,69,80,Car,4,3,Dry,12,0,1,2,7,29,62,No Junction,High
11,Monday,2,0,0,Highway,Rainy,6,10,80,Bicycle,1,3,Dry,7,0,1,0,7,45,56,T-Junction,Medium
9,Sunday,9,1,1,Highway,Clear,4,10,80,Motorcycle,2,0,Under Construction,10,0,1,0,9,25,63,Intersection,Medium
8,Saturday,3,1,1,State Highway,Rainy,4,22,60,Auto,1,5,Dry,13,0,1,0,9,29,50,Intersection,Medium
23,Friday,2,0,0,Residential,Clear,2,76,40,Motorcycle,3,10,Slippery,10,0,1,0,9,23,43,No Junction,High
12,Wednesday,12,0,0,Urban Road,Clear,4,53,40,Bus,1,4,Dry,3,1,0,0,5,33,65,Intersection,High
21,Tuesday,3,0,0,State Highway,Cloudy,2,60,60,Truck,1,6,Wet,4,0,0,0,6,28,56,No Junction,Medium
17,Monday,2,1,0,Residential,Cloudy,5,10,40,Car,1,6,Slippery,13,1,1,2,5,16,45,T-Junction,High
19,Friday,8,1,0,Highway,Foggy,10,10,80,Motorcycle,1,0,Dry,8,0,0,0,4,22,100,No Junction,Medium
14,Thursday,5,0,0,Residential,Clear,10,12,40,Car,2,9,Dry,8,0,0,0,7,26,63,Y-Junction,Medium
16,Wednesday,3,0,0,Residential,Clear,4,45,40,Motorcycle,5,0,Dry,9,0,0,2,9,19,56,No Junction,Medium
14,Tuesday,5,0,0,National Highway,Rainy,4,53,80,Car,2,10,Slippery,12,1,0,0,5,30,64,No Junction,High
8,Monday,11,1,0,National Highway,Rainy,8,15,80,Motorcycle,5,5,Dry,5,0,0,0,9,18,63,Y-Junction,Medium
18,Thursday,11,1,0,Urban Road,Rainy,6,10,40,Truck,1,5,Wet,6,1,0,0,9,26,60,Roundabout,Medium
9,Tuesday,8,1,0,Residential,Cloudy,9,10,40,Auto,1,2,Dry,4,0,0,0,9,25,36,Intersection,Medium
2,Saturday,7,0,1,Highway,Rainy,4,50,80,Car,2,5,Wet,3,0,0,1,5,33,91,No Junction,High
17,Friday,6,1,0,Highway,Cloudy,9,40,80,Truck,3,6,Wet,9,0,0,1,9,26,48,T-Junction,High
7,Saturday,1,1,1,Urban Road,Clear,8,25,40,Car,5,1,Dry,5,0,1,2,7,32,96,Y-Junction,High
22,Friday,10,0,0,Residential,Foggy,3,32,40,Auto,4,2,Under Construction,10,0,1,0,2,29,41,Roundabout,High
22,Thursday,1,0,0,Residential,Cloudy,4,25,40,Motorcycle,2,1,Good,6,0,1,0,8,20,83,Intersection,Low
21,Saturday,1,0,1,Urban Road,Rainy,4,31,40,Auto,2,12,Dry,3,0,1,2,7,40,85,Y-Junction,High
11,Friday,10,0,0,State Highway,Heavy Rain,8,55,60,Car,3,2,Slippery,11,1,1,1,2,33,66,Intersection,High
1,Wednesday,8,0,0,State Highway,Rainy,8,14,60,Motorcycle,1,10,Dry,9,0,0,0,8,21,29,T-Junction,Low
21,Thursday,8,0,0,Residential,Cloudy,5,17,40,Motorcycle,3,8,Slippery,7,0,0,0,9,20,67,T-Junction,Medium
12,Friday,7,0,0,Highway,Foggy,4,29,80,Truck,3,11,Dry,7,1,0,0,1,34,91,No Junction,High
22,Monday,6,0,0,State Highway,Rainy,6,34,60,Bicycle,1,6,Under Construction,9,0,0,0,8,32,37,T-Junction,Low
22,Friday,4,0,0,National Highway,Clear,5,27,80,Car,1,7,Dry,13,0,0,0,8,31,57,Y-Junction,Low
20,Saturday,1,1,1,Highway,Rainy,7,10,80,Truck,1,1,Under Construction,9,0,1,0,8,21,46,T-Junction,Medium
9,Wednesday,9,1,0,Urban Road,Clear,7,28,40,Car,2,7,Slippery,9,1,0,1,9,23,75,Y-Junction,Medium
11,Tuesday,1,0,0,National Highway,Clear,1,20,80,Motorcycle,5,11,Dry,6,1,1,1,6,35,97,Intersection,High
20,Tuesday,4,1,0,Residential,Clear,7,10,40,Bus,1,3,Dry,7,0,0,3,6,30,64,Y-Junction,Medium
10,Friday,3,1,0,Urban Road,Rainy,6,19,40,Motorcycle,2,7,Slippery,3,0,0,0,7,22,50,Y-Junction,Medium
7,Tuesday,7,1,0,Highway,Clear,6,29,80,Bus,2,10,Dry,5,0,0,2,9,35,100,Intersection,Medium
15,Friday,5,0,0,Residential,Heavy Rain,5,22,40,Motorcycle,1,5,Good,4,1,0,0,3,39,69,Intersection,High
22,Wednesday,5,0,0,Urban Road,Foggy,2,18,40,Auto,1,8,Good,4,0,0,0,2,24,64,Intersection,Medium
18,Tuesday,4,1,0,Highway,Clear,8,25,80,Bus,2,4,Slippery,6,0,0,0,6,23,60,Intersection,High
16,Saturday,1,0,1,Urban Road,Clear,2,93,40,Truck,2,4,Wet,7,0,1,0,5,36,42,Intersection,Medium
6,Saturday,5,0,1,Highway,Foggy,1,43,80,Truck,1,1,Dry,4,0,0,0,2,37,78,Intersection,Medium
17,Monday,4,1,0,Residential,Clear,8,23,40,Motorcycle,2,12,Under Construction,11,0,0,2,5,37,83,T-Junction,Medium
23,Friday,10,0,0,National Highway,Clear,6,29,80,Bus,1,7,Dry,9,0,0,3,6,29,59,T-Junction,Medium
7,Tuesday,8,1,0,Urban Road,Clear,3,22,40,Motorcycle,2,3,Dry,8,1,0,0,6,24,78,No Junction,Medium
14,Saturday,2,0,1,Residential,Clear,1,59,40,Car,1,6,Dry,9,0,0,1,5,32,22,No Junction,Medium
20,Sunday,8,1,1,Urban Road,Clear,3,25,40,Truck,3,6,Good,3,1,1,1,9,25,59,T-Junction,Medium
18,Wednesday,1,1,0,Highway,Clear,3,11,80,Truck,2,3,Dry,3,0,1,0,7,25,52,Intersection,Medium
18,Wednesday,4,1,0,National Highway,Cloudy,5,25,80,Car,1,7,Under Construction,11,0,1,1,8,28,68,Intersection,Medium
18,Sunday,3,1,1,Highway,Clear,7,10,80,Car,1,6,Wet,15,0,1,0,5,27,42,No Junction,Medium
11,Sunday,5,0,1,Highway,Clear,5,52,80,Car,2,5,Dry,8,0,0,0,9,24,31,Intersection,Medium
9,Monday,5,1,0,Urban Road,Clear,6,38,40,Motorcycle,2,8,Slippery,14,0,0,2,9,21,59,Y-Junction,Medium
19,Wednesday,5,1,0,Residential,Clear,3,52,40,Motorcycle,3,10,Dry,8,0,0,1,8,26,63,Intersection,Medium
19,Wednesday,12,1,0,Urban Road,Foggy,7,10,40,Car,2,8,Dry,5,0,0,3,4,23,89,Intersection,High
20,Tuesday,4,1,0,Highway,Clear,8,15,80,Motorcycle,4,6,Slippery,10,1,0,1,7,19,75,No Junction,High
21,Friday,8,0,0,State Highway,Rainy,3,85,60,Car,2,0,Dry,3,1,0,1,6,28,79,T-Junction,High
14,Thursday,3,0,0,Urban Road,Heavy Rain,2,17,40,Car,2,6,Dry,6,0,0,1,5,28,26,Roundabout,Medium
14,Wednesday,12,0,0,Highway,Rainy,5,25,80,Car,1,0,Dry,5,1,0,0,5,32,86,No Junction,Medium
19,Wednesday,4,1,0,Urban Road,Clear,5,24,40,Motorcycle,1,10,Wet,4,0,0,0,7,28,84,No Junction,Medium
17,Thursday,1,1,0,Urban Road,Clear,2,24,40,Car,1,8,Slippery,6,0,0,0,5,27,74,Y-Junction,Medium
18,Wednesday,7,1,0,Urban Road,Rainy,4,19,40,Bicycle,1,4,Dry,8,0,0,2,6,32,20,Intersection,Medium
19,Tuesday,1,1,0,Residential,Rainy,5,17,40,Motorcycle,2,9,Dry,11,0,1,0,5,28,67,No Junction,Medium
21,Tuesday,2,0,0,State Highway,Clear,7,10,60,Bus,2,1,Dry,11,0,0,1,8,29,53,T-Junction,Medium
10,Thursday,11,1,0,Urban Road,Foggy,5,10,40,Motorcycle,1,1,Dry,3,0,1,0,2,31,57,T-Junction,Medium
11,Saturday,7,0,1,Highway,Rainy,2,32,80,Auto,2,7,Wet,14,0,0,3,6,24,49,No Junction,High
6,Wednesday,1,0,0,Highway,Heavy Rain,5,10,80,Bus,1,3,Dry,11,0,0,2,4,33,72,Intersection,High
16,Saturday,11,0,1,Urban Road,Cloudy,4,15,40,Car,3,5,Slippery,8,0,0,3,8,27,41,No Junction,Medium
3,Wednesday,3,0,0,Highway,Cloudy,2,44,80,Car,2,12,Good,12,0,0,0,8,27,67,Intersection,Medium
13,Friday,6,0,0,Urban Road,Clear,4,27,40,Motorcycle,2,11,Under Construction,5,0,0,0,7,33,90,Intersection,Medium
15,Wednesday,6,0,0,Highway,Clear,7,10,80,Motorcycle,2,4,Dry,10,0,0,0,8,24,54,Roundabout,Low
9,Tuesday,6,1,0,Residential,Rainy,7,15,40,Motorcycle,4,3,Wet,3,1,0,0,8,25,56,Intersection,High
16,Monday,11,0,0,Urban Road,Rainy,6,26,40,Auto,4,0,Under Construction,7,0,0,0,7,30,39,No Junction,Medium
3,Sunday,2,0,1,Highway,Foggy,5,47,80,Truck,2,16,Dry,12,0,0,0,1,29,81,Roundabout,High
3,Monday,2,0,0,Urban Road,Cloudy,3,44,40,Motorcycle,2,0,Under Construction,6,0,0,3,9,45,46,Intersection,Medium
19,Monday,6,1,0,Urban Road,Foggy,9,10,40,Truck,5,6,Under Construction,6,0,1,0,1,34,51,Intersection,High
11,Monday,10,0,0,Residential,Clear,3,19,40,Car,1,2,Dry,6,0,0,1,9,13,79,No Junction,Low
7,Sunday,5,1,1,Urban Road,Rainy,4,24,40,Bus,2,9,Wet,7,1,0,2,8,29,73,T-Junction,High
15,Saturday,7,0,1,Highway,Clear,3,10,80,Auto,2,5,Dry,4,1,1,3,6,16,31,T-Junction,High
18,Sunday,7,1,1,Urban Road,Foggy,8,55,40,Auto,5,6,Dry,12,1,0,0,4,25,75,Roundabout,High
8,Saturday,5,1,1,Urban Road,Cloudy,9,10,40,Car,1,4,Under Construction,4,0,0,2,7,29,59,Intersection,Medium
17,Sunday,8,1,1,State Highway,Clear,2,35,60,Car,4,4,Good,8,0,0,0,6,25,62,Roundabout,Medium
6,Sunday,10,0,1,National Highway,Rainy,4,28,80,Car,3,7,Good,10,0,0,0,6,14,94,Intersection,Medium
5,Wednesday,6,0,0,Highway,Foggy,1,44,80,Truck,1,4,Dry,5,1,0,1,4,28,82,No Junction,High
15,Saturday,5,0,1,Residential,Clear,5,37,40,Car,1,7,Good,3,0,0,0,9,24,89,Intersection,Low
15,Wednesday,4,0,0,Urban Road,Heavy Rain,3,20,40,Motorcycle,1,8,Under Construction,6,0,0,0,5,31,45,T-Junction,Medium
17,Friday,7,1,0,Highway,Foggy,7,32,80,Bus,2,1,Under Construction,6,0,0,3,2,16,94,No Junction,High
18,Wednesday,4,1,0,Highway,Rainy,8,32,80,Auto,3,12,Good,10,1,0,0,6,23,49,Roundabout,High
23,Monday,5,0,0,State Highway,Foggy,2,38,60,Motorcycle,3,5,Wet,7,0,1,0,3,32,50,T-Junction,High
14,Thursday,5,0,0,Urban Road,Cloudy,6,43,40,Motorcycle,2,5,Dry,8,0,0,0,8,14,63,No Junction,Medium
10,Thursday,1,1,0,National Highway,Rainy,5,59,80,Car,1,0,Dry,3,0,0,1,6,30,75,Intersection,High
19,Tuesday,1,1,0,Urban Road,Clear,2,42,40,Truck,1,5,Dry,7,0,0,0,6,23,90,Y-Junction,Medium
9,Tuesday,3,1,0,Highway,Cloudy,7,26,80,Truck,1,2,Wet,12,0,0,0,7,26,64,T-Junction,High
12,Wednesday,11,0,0,State Highway,Cloudy,5,10,60,Car,2,9,Dry,11,0,0,0,6,21,99,T-Junction,Medium
6,Sunday,3,0,1,National Highway,Clear,5,51,80,Truck,2,5,Wet,6,0,0,0,8,26,100,No Junction,Medium
2,Sunday,2,0,1,State Highway,Cloudy,1,40,60,Car,3,2,Dry,10,1,1,2,8,21,41,Y-Junction,High
22,Thursday,12,0,0,Residential,Clear,1,63,40,Truck,3,6,Good,7,1,0,0,7,20,92,T-Junction,High
19,Monday,2,1,0,Urban Road,Rainy,5,29,40,Car,1,8,Dry,9,1,0,2,5,32,67,No Junction,High
18,Saturday,6,1,1,Highway,Foggy,5,10,80,Auto,2,0,Wet,7,0,1,2,1,27,85,T-Junction,High
12,Monday,1,0,0,Urban Road,Clear,2,38,40,Motorcycle,3,6,Wet,5,0,1,0,8,29,43,No Junction,Medium
7,Monday,6,1,0,Urban Road,Clear,5,47,40,Motorcycle,4,0,Dry,4,0,1,0,8,28,89,No Junction,High
7,Wednesday,5,1,0,National Highway,Foggy,6,82,80,Car,2,7,Slippery,9,0,0,0,2,35,54,No Junction,High
8,Wednesday,6,1,0,Residential,Clear,2,16,40,Auto,4,9,Wet,3,1,0,2,7,30,87,No Junction,High
15,Friday,5,0,0,State Highway,Cloudy,3,10,60,Bicycle,3,7,Wet,11,0,1,2,6,31,64,No Junction,Medium
18,Monday,7,1,0,Urban Road,Clear,8,15,40,Car,1,6,Under Construction,7,0,1,0,7,32,62,Intersection,High
17,Sunday,1,1,1,Residential,Clear,8,20,40,Car,2,9,Dry,6,0,1,0,5,22,64,Y-Junction,Medium
9,Sunday,3,1,1,State Highway,Clear,3,42,60,Motorcycle,1,4,Under Construction,10,0,0,1,5,38,79,T-Junction,Medium
22,Monday,6,0,0,Urban Road,Clear,4,58,40,Bicycle,2,10,Under Construction,3,0,1,0,9,19,64,Roundabout,Medium
18,Wednesday,1,1,0,Urban Road,Heavy Rain,10,19,40,Bus,2,8,Under Construction,9,0,1,1,5,29,77,Intersection,High
15,Wednesday,11,0,0,Residential,Clear,6,16,40,Bicycle,2,9,Dry,12,0,0,0,5,29,65,T-Junction,Medium
17,Friday,11,1,0,Residential,Rainy,7,26,40,Auto,2,0,Dry,3,0,0,0,9,42,40,T-Junction,Low
12,Friday,7,0,0,National Highway,Foggy,2,20,80,Truck,2,7,Wet,6,0,0,0,4,30,71,Intersection,Medium
8,Tuesday,4,1,0,Urban Road,Clear,9,10,40,Car,1,10,Dry,9,0,0,0,9,23,73,T-Junction,Low
11,Thursday,3,0,0,Highway,Cloudy,3,65,80,Auto,3,6,Dry,3,0,0,2,9,24,36,Roundabout,Medium
18,Monday,10,1,0,Urban Road,Clear,5,45,40,Motorcycle,1,14,Dry,8,0,0,0,9,25,58,T-Junction,Medium
1,Sunday,9,0,1,Urban Road,Rainy,5,10,40,Motorcycle,3,7,Wet,16,0,0,0,8,28,79,T-Junction,Medium
7,Monday,1,1,0,Residential,Rainy,6,45,40,Motorcycle,1,3,Dry,8,0,0,1,6,29,67,Intersection,High
4,Friday,8,0,0,Highway,Rainy,5,38,80,Bicycle,5,5,Good,8,0,0,2,9,30,73,Intersection,High
4,Friday,1,0,0,National Highway,Foggy,6,52,80,Car,5,13,Slippery,4,0,0,2,4,28,56,Y-Junction,High
20,Tuesday,5,1,0,State Highway,Cloudy,8,10,60,Bus,5,12,Dry,11,0,0,0,5,31,51,Intersection,High
18,Thursday,10,1,0,Highway,Cloudy,6,10,80,Bus,1,2,Under Construction,3,0,1,0,8,21,71,No Junction,Medium
13,Tuesday,8,0,0,Highway,Rainy,8,11,80,Car,1,2,Good,7,0,1,3,9,18,20,Intersection,High
6,Sunday,6,0,1,Urban Road,Clear,10,15,40,Bicycle,2,12,Dry,10,0,1,0,8,34,74,Intersection,Medium
14,Thursday,7,0,0,State Highway,Clear,5,36,60,Motorcycle,3,5,Dry,3,0,0,0,7,18,85,Roundabout,Low
13,Saturday,11,0,1,Urban Road,Cloudy,6,10,40,Truck,3,6,Dry,3,0,0,0,6,27,79,T-Junction,Medium
7,Monday,8,1,0,Highway,Cloudy,8,10,80,Motorcycle,1,6,Under Construction,3,0,0,0,9,23,65,No Junction,Medium
12,Tuesday,6,0,0,Urban Road,Clear,4,28,40,Car,4,8,Dry,12,1,1,0,6,38,87,Y-Junction,High
12,Friday,11,0,0,Residential,Clear,5,21,40,Motorcycle,2,8,Slippery,6,0,0,0,6,39,86,Intersection,Medium
17,Tuesday,6,1,0,Urban Road,Cloudy,5,19,40,Auto,1,3,Slippery,10,0,1,1,7,28,35,T-Junction,High
17,Saturday,11,1,1,Residential,Rainy,4,73,40,Motorcycle,1,9,Slippery,10,0,0,0,6,26,57,No Junction,High
4,Tuesday,6,0,0,National Highway,Clear,3,38,80,Truck,4,8,Wet,3,0,0,1,5,26,66,Intersection,High
11,Monday,5,0,0,Highway,Rainy,5,10,80,Car,1,16,Dry,6,1,0,2,6,29,68,T-Junction,Medium
17,Saturday,8,1,1,Urban Road,Clear,7,31,40,Car,2,9,Dry,7,1,1,2,7,33,75,T-Junction,High
14,Friday,2,0,0,Highway,Clear,5,52,80,Motorcycle,4,11,Dry,9,1,0,1,7,45,75,Intersection,High
20,Friday,7,1,0,Urban Road,Rainy,6,35,40,Car,2,5,Wet,8,0,0,0,9,21,68,Intersection,High
17,Wednesday,4,1,0,Highway,Rainy,8,10,80,Motorcycle,1,11,Under Construction,7,0,0,0,5,29,77,No Junction,Medium
7,Saturday,1,1,1,Urban Road,Clear,3,53,40,Car,5,12,Under Construction,11,0,0,0,6,27,61,Intersection,Medium
6,Wednesday,5,0,0,State Highway,Heavy Rain,3,52,60,Truck,2,6,Dry,11,0,0,1,2,24,92,Intersection,High
17,Wednesday,3,1,0,Residential,Clear,6,37,40,Motorcycle,2,9,Dry,3,0,1,0,7,25,100,Roundabout,High
2,Monday,4,0,0,Urban Road,Foggy,3,49,40,Car,2,5,Under Construction,6,0,1,0,2,27,90,T-Junction,High
16,Tuesday,7,0,0,Highway,Clear,7,48,80,Motorcycle,2,0,Good,8,0,0,1,6,29,79,No Junction,Medium
22,Friday,5,0,0,Residential,Clear,2,46,40,Motorcycle,2,9,Dry,8,0,0,2,9,30,72,No Junction,Medium
16,Friday,4,0,0,Highway,Cloudy,3,48,80,Car,1,8,Slippery,9,0,0,1,9,30,64,No Junction,Low
11,Tuesday,1,0,0,Urban Road,Cloudy,4,30,40,Car,5,11,Dry,9,1,1,0,5,19,78,No Junction,High
17,Friday,6,1,0,Urban Road,Clear,7,10,40,Auto,2,6,Dry,9,0,0,1,9,23,70,T-Junction,Medium
13,Tuesday,11,0,0,National Highway,Clear,4,71,80,Car,1,7,Wet,10,0,0,1,9,31,86,No Junction,High
15,Saturday,10,0,1,Highway,Clear,1,36,80,Bicycle,3,6,Under Construction,7,1,1,0,8,36,56,T-Junction,Medium
22,Monday,6,0,0,Residential,Cloudy,6,25,40,Car,1,0,Dry,6,0,1,2,6,30,87,T-Junction,Medium
11,Monday,7,0,0,Highway,Foggy,5,27,80,Car,4,6,Slippery,12,1,0,1,4,26,72,T-Junction,High
22,Sunday,1,0,1,Residential,Rainy,2,50,40,Motorcycle,2,9,Wet,6,0,1,0,8,30,76,Intersection,High
21,Monday,4,0,0,Residential,Rainy,5,10,40,Auto,1,6,Wet,10,0,0,0,8,29,60,T-Junction,Low
8,Tuesday,12,1,0,State Highway,Cloudy,9,10,60,Auto,1,7,Wet,5,0,0,2,9,21,64,No Junction,Medium
5,Sunday,9,0,1,Urban Road,Clear,4,33,40,Truck,4,10,Dry,9,0,0,0,7,26,81,No Junction,Medium
6,Tuesday,12,0,0,Urban Road,Clear,4,39,40,Bus,1,6,Dry,9,0,0,0,9,29,93,Intersection,Low
1,Thursday,10,0,0,Urban Road,Clear,5,10,40,Motorcycle,2,7,Wet,9,0,1,3,9,32,27,T-Junction,Medium
6,Sunday,6,0,1,Highway,Clear,1,54,80,Auto,2,0,Wet,12,1,0,1,6,36,64,Y-Junction,High
17,Friday,2,1,0,Urban Road,Clear,6,10,40,Car,3,3,Dry,5,0,0,1,7,38,36,Intersection,Medium
6,Friday,4,0,0,State Highway,Rainy,5,36,60,Motorcycle,3,11,Wet,8,0,0,0,5,17,59,No Junction,Medium
10,Thursday,6,1,0,Urban Road,Heavy Rain,5,46,40,Bus,3,8,Slippery,9,0,0,1,3,26,80,T-Junction,High
20,Thursday,4,1,0,Residential,Clear,10,13,40,Motorcycle,1,10,Wet,9,0,1,1,9,36,79,Intersection,Medium
2,Monday,10,0,0,Urban Road,Foggy,4,49,40,Bus,3,12,Wet,7,1,0,0,3,32,93,No Junction,High
19,Thursday,7,1,0,Urban Road,Foggy,8,10,40,Car,1,6,Slippery,9,0,0,0,3,32,69,No Junction,High
9,Tuesday,12,1,0,Urban Road,Cloudy,6,10,40,Car,1,2,Dry,7,0,1,1,8,23,31,T-Junction,Medium
7,Wednesday,3,1,0,Highway,Clear,4,45,80,Motorcycle,2,3,Wet,10,0,0,0,7,23,68,Y-Junction,High
18,Tuesday,6,1,0,Urban Road,Rainy,4,58,40,Truck,2,4,Dry,7,0,0,1,5,31,87,T-Junction,High
17,Sunday,12,1,1,State Highway,Clear,4,55,60,Motorcycle,2,6,Wet,7,0,0,1,9,25,85,T-Junction,Medium
20,Thursday,4,1,0,Urban Road,Rainy,7,10,40,Motorcycle,2,2,Wet,8,0,0,0,8,21,79,No Junction,Medium
18,Friday,3,1,0,Residential,Clear,3,18,40,Truck,1,2,Dry,6,0,0,0,6,28,59,Roundabout,Low
19,Tuesday,12,1,0,State Highway,Clear,4,10,60,Auto,1,12,Dry,5,1,0,1,9,26,91,Intersection,Medium
9,Friday,3,1,0,Urban Road,Rainy,5,10,40,Motorcycle,2,9,Dry,4,0,0,0,6,33,67,T-Junction,Medium
7,Tuesday,2,1,0,State Highway,Clear,6,19,60,Car,2,12,Wet,7,0,0,0,7,30,38,Intersection,Medium
18,Friday,11,1,0,Urban Road,Clear,7,26,40,Motorcycle,4,2,Dry,5,0,0,0,6,39,54,T-Junction,Medium
19,Saturday,3,1,1,Urban Road,Foggy,5,26,40,Bus,2,9,Dry,7,0,1,2,4,22,72,Intersection,High
23,Tuesday,12,0,0,Urban Road,Cloudy,3,60,40,Car,1,13,Slippery,11,0,0,0,5,28,43,No Junction,Medium
12,Sunday,10,0,1,Highway,Clear,1,65,80,Motorcycle,3,5,Dry,7,0,0,0,7,31,53,Intersection,Medium
11,Friday,1,0,0,Residential,Rainy,5,34,40,Truck,2,3,Dry,11,1,1,0,7,31,46,Intersection,Medium
19,Wednesday,3,1,0,State Highway,Foggy,7,32,60,Car,1,8,Good,9,0,0,0,1,29,72,Intersection,High
10,Sunday,9,1,1,Urban Road,Clear,8,16,40,Car,3,8,Under Construction,7,0,0,0,5,17,51,No Junction,Medium
22,Monday,4,0,0,Highway,Clear,5,56,80,Truck,1,6,Dry,4,1,0,2,9,16,77,Intersection,High
20,Tuesday,3,1,0,Urban Road,Cloudy,6,47,40,Car,2,7,Wet,7,0,0,0,5,21,65,T-Junction,High
12,Wednesday,8,0,0,Residential,Cloudy,2,49,40,Car,1,13,Slippery,6,1,0,0,6,30,23,Y-Junction,Medium
18,Monday,1,1,0,Urban Road,Rainy,6,29,40,Truck,2,8,Good,11,0,0,0,7,16,64,T-Junction,Medium
18,Tuesday,5,1,0,Urban Road,Clear,5,32,40,Car,2,13,Wet,13,0,0,1,8,31,46,Intersection,High
6,Wednesday,1,0,0,Residential,Rainy,4,32,40,Car,3,3,Wet,11,0,0,0,5,26,76,T-Junction,Medium
21,Wednesday,7,0,0,Urban Road,Clear,5,59,40,Motorcycle,1,0,Under Construction,5,0,0,0,8,25,55,T-Junction,Low
14,Sunday,5,0,1,National Highway,Clear,4,10,80,Auto,1,7,Dry,8,0,0,2,9,39,84,No Junction,Medium
19,Saturday,2,1,1,Urban Road,Clear,5,29,40,Motorcycle,2,10,Wet,7,0,0,1,5,38,90,No Junction,Medium
10,Wednesday,12,1,0,National Highway,Clear,8,27,80,Car,1,2,Wet,6,0,0,0,9,23,50,No Junction,Medium
21,Saturday,1,0,1,Urban Road,Clear,1,46,40,Motorcycle,3,5,Good,7,0,0,1,9,32,84,No Junction,Medium
11,Thursday,11,0,0,Highway,Rainy,9,13,80,Motorcycle,1,12,Good,7,0,0,0,5,28,47,No Junction,Medium
1,Sunday,7,0,1,State Highway,Clear,1,69,60,Auto,2,11,Dry,13,1,1,3,5,33,63,Intersection,High
21,Friday,12,0,0,Residential,Rainy,3,14,40,Bicycle,4,5,Dry,8,0,0,0,9,25,61,T-Junction,Low
6,Sunday,1,0,1,State Highway,Heavy Rain,1,61,60,Car,1,8,Dry,10,0,1,1,2,19,54,Intersection,High
10,Monday,3,1,0,Urban Road,Rainy,3,23,40,Truck,3,10,Dry,11,0,1,2,5,27,72,Roundabout,High
22,Friday,11,0,0,National Highway,Foggy,4,10,80,Auto,2,8,Wet,10,0,0,3,1,32,89,Intersection,High
22,Friday,6,0,0,Highway,Clear,4,42,80,Motorcycle,1,12,Wet,12,0,1,1,6,27,74,T-Junction,High
16,Saturday,6,0,1,Highway,Heavy Rain,3,15,80,Auto,3,3,Wet,6,0,0,0,2,32,63,No Junction,Medium
17,Friday,7,1,0,Urban Road,Clear,7,10,40,Motorcycle,1,8,Slippery,10,0,0,0,6,35,37,Roundabout,Medium
13,Wednesday,11,0,0,State Highway,Rainy,6,27,60,Motorcycle,2,9,Dry,13,0,1,1,5,35,20,Intersection,Medium
9,Saturday,11,1,1,Residential,Heavy Rain,6,43,40,Car,1,1,Wet,5,0,0,0,2,30,58,Roundabout,High
10,Friday,1,1,0,Urban Road,Cloudy,6,41,40,Motorcycle,2,2,Good,6,1,0,1,5,20,32,Intersection,High
17,Saturday,7,1,1,Urban Road,Heavy Rain,3,37,40,Car,2,6,Wet,6,1,0,1,5,16,42,Intersection,High
18,Thursday,2,1,0,Highway,Clear,6,34,80,Truck,3,11,Dry,14,0,0,1,6,31,69,T-Junction,High
19,Saturday,6,1,1,Urban Road,Clear,4,41,40,Motorcycle,2,8,Dry,4,0,0,0,7,32,42,Intersection,Medium
19,Tuesday,8,1,0,Urban Road,Clear,9,10,40,Auto,1,4,Dry,8,0,0,0,9,28,51,Intersection,Low
6,Wednesday,5,0,0,Residential,Heavy Rain,5,70,40,Car,2,5,Slippery,9,0,0,0,2,29,69,No Junction,High
14,Monday,10,0,0,Residential,Clear,4,25,40,Car,1,11,Dry,6,0,0,0,9,27,70,T-Junction,Low
5,Tuesday,3,0,0,National Highway,Clear,2,13,80,Motorcycle,1,8,Under Construction,5,0,0,2,8,28,57,Intersection,Medium
15,Tuesday,11,0,0,Highway,Rainy,5,10,80,Bicycle,1,7,Under Construction,5,0,0,3,5,30,34,Roundabout,Medium
13,Tuesday,8,0,0,Urban Road,Rainy,5,10,40,Bicycle,5,6,Wet,7,0,0,2,6,33,56,Y-Junction,Medium
20,Friday,8,1,0,Urban Road,Clear,7,10,40,Truck,1,5,Dry,6,0,0,0,6,28,67,No Junction,Low
11,Saturday,4,0,1,Residential,Rainy,3,33,40,Car,2,4,Wet,12,0,1,0,6,28,65,Intersection,Medium
7,Saturday,8,1,1,Urban Road,Rainy,2,23,40,Motorcycle,1,10,Under Construction,6,0,1,2,7,27,85,Intersection,Medium
7,Sunday,5,1,1,National Highway,Clear,7,11,80,Bicycle,1,4,Dry,6,0,0,0,5,29,54,Intersection,Medium
18,Friday,11,1,0,Residential,Clear,7,10,40,Bus,1,11,Good,9,0,0,1,9,15,37,T-Junction,Low
17,Wednesday,5,1,0,Highway,Cloudy,5,32,80,Truck,4,2,Wet,8,0,0,0,9,33,58,T-Junction,High
6,Friday,3,0,0,Highway,Rainy,6,45,80,Auto,1,4,Dry,3,0,0,2,5,26,57,Roundabout,High
6,Friday,7,0,0,State Highway,Clear,6,40,60,Truck,3,18,Wet,5,0,0,3,9,23,67,T-Junction,High
18,Friday,11,1,0,Residential,Rainy,9,10,40,Car,2,10,Dry,6,0,0,0,9,36,91,Intersection,Medium
6,Wednesday,11,0,0,Highway,Foggy,6,36,80,Motorcycle,2,1,Wet,4,1,0,0,1,26,43,No Junction,High
19,Sunday,9,1,1,Highway,Rainy,6,15,80,Car,5,10,Wet,10,0,0,1,6,21,71,Roundabout,High
18,Wednesday,9,1,0,Residential,Clear,9,10,40,Motorcycle,4,10,Dry,3,1,0,0,8,32,73,No Junction,High
6,Thursday,1,0,0,Residential,Clear,5,60,40,Bicycle,1,9,Dry,11,0,0,0,5,25,60,T-Junction,Medium
6,Sunday,1,0,1,Highway,Clear,5,45,80,Motorcycle,2,5,Dry,3,1,1,0,9,25,66,Intersection,High
23,Thursday,10,0,0,Urban Road,Clear,2,12,40,Motorcycle,1,3,Wet,8,1,0,2,9,33,64,No Junction,Medium
11,Thursday,12,0,0,Urban Road,Clear,6,55,40,Car,2,10,Dry,12,0,1,0,8,33,65,Intersection,Medium
11,Thursday,12,0,0,National Highway,Cloudy,4,17,80,Car,1,6,Slippery,6,0,0,0,8,19,100,No Junction,Low
19,Saturday,11,1,1,Urban Road,Clear,7,10,40,Car,2,1,Dry,8,0,0,0,8,27,75,Roundabout,Medium
22,Tuesday,5,0,0,Residential,Rainy,5,31,40,Truck,5,4,Dry,11,0,0,0,5,19,45,T-Junction,High
23,Tuesday,1,0,0,Urban Road,Cloudy,5,10,40,Motorcycle,2,0,Dry,10,0,1,0,6,25,66,No Junction,Medium
18,Thursday,4,1,0,Highway,Cloudy,6,14,80,Motorcycle,1,2,Dry,8,0,0,0,8,23,100,No Junction,Low
11,Thursday,12,0,0,Urban Road,Clear,2,19,40,Auto,3,9,Dry,7,0,0,2,7,34,61,Intersection,Medium
6,Monday,1,0,0,Highway,Rainy,5,28,80,Motorcycle,2,6,Under Construction,7,0,0,0,6,21,20,T-Junction,Low
19,Tuesday,2,1,0,Residential,Heavy Rain,7,32,40,Motorcycle,1,11,Slippery,3,0,0,1,3,31,50,No Junction,High
15,Monday,2,0,0,Residential,Rainy,4,75,40,Car,2,2,Good,4,0,1,1,9,26,60,Intersection,Medium
12,Sunday,4,0,1,Highway,Cloudy,5,68,80,Motorcycle,3,1,Dry,8,0,0,3,5,18,61,No Junction,High
21,Monday,8,0,0,Urban Road,Rainy,4,18,40,Car,2,8,Under Construction,8,0,0,0,9,23,95,Intersection,Low
7,Friday,2,1,0,State Highway,Clear,5,68,60,Car,4,1,Slippery,15,0,1,0,9,20,74,Roundabout,High
14,Saturday,9,0,1,Urban Road,Clear,3,23,40,Truck,2,3,Wet,10,1,1,0,5,23,54,No Junction,High
1,Sunday,12,0,1,Urban Road,Cloudy,5,10,40,Car,2,3,Dry,6,0,1,3,6,21,73,No Junction,Medium
13,Wednesday,9,0,0,Urban Road,Cloudy,3,36,40,Car,2,7,Dry,9,0,0,0,9,26,59,Roundabout,Low
5,Tuesday,2,0,0,National Highway,Clear,6,22,80,Motorcycle,2,1,Under Construction,3,0,0,0,6,33,60,No Junction,Low
7,Thursday,1,1,0,Urban Road,Clear,7,10,40,Auto,1,7,Slippery,8,1,0,0,5,22,93,No Junction,High
7,Sunday,10,1,1,Residential,Clear,5,10,40,Truck,5,11,Slippery,10,0,0,0,8,21,98,Intersection,High
17,Thursday,10,1,0,Highway,Cloudy,8,36,80,Motorcycle,2,4,Dry,10,0,0,0,9,24,75,T-Junction,Medium
18,Wednesday,9,1,0,Highway,Clear,6,19,80,Motorcycle,2,4,Dry,7,0,1,0,9,26,52,T-Junction,Medium
16,Sunday,2,0,1,Urban Road,Clear,4,21,40,Bus,2,8,Good,9,0,0,1,5,23,98,T-Junction,Medium
22,Tuesday,8,0,0,Urban Road,Cloudy,7,10,40,Car,2,6,Wet,7,0,0,0,5,20,74,Roundabout,Medium
11,Sunday,3,0,1,Residential,Clear,7,10,40,Car,1,6,Slippery,9,0,0,1,8,32,69,Roundabout,Low
9,Thursday,1,1,0,Residential,Rainy,5,15,40,Motorcycle,1,10,Dry,5,0,0,3,5,31,51,Roundabout,Medium
20,Thursday,11,1,0,Urban Road,Clear,8,14,40,Truck,4,7,Slippery,4,1,0,2,7,27,62,Y-Junction,High
8,Friday,1,1,0,Residential,Clear,9,19,40,Car,2,5,Dry,11,0,1,0,7,37,100,T-Junction,Medium
22,Monday,10,0,0,Highway,Rainy,8,26,80,Bus,3,3,Dry,7,0,1,0,5,42,26,T-Junction,High
1,Sunday,2,0,1,Highway,Rainy,3,51,80,Car,2,9,Wet,9,0,0,3,8,35,100,No Junction,High
22,Thursday,7,0,0,State Highway,Clear,3,37,60,Car,1,3,Wet,5,0,1,0,7,15,98,No Junction,Low
4,Saturday,12,0,1,Residential,Clear,5,39,40,Motorcycle,2,7,Dry,4,0,1,1,9,29,94,No Junction,Medium
21,Tuesday,6,0,0,Residential,Foggy,5,15,40,Bicycle,1,7,Slippery,6,0,1,0,1,23,73,T-Junction,High
15,Saturday,12,0,1,Urban Road,Foggy,1,59,40,Car,4,5,Wet,9,0,1,0,1,25,55,Roundabout,High
23,Wednesday,11,0,0,Urban Road,Rainy,6,39,40,Car,2,0,Good,3,0,0,0,7,18,54,No Junction,Low
6,Sunday,2,0,1,Highway,Clear,5,56,80,Motorcycle,1,11,Dry,8,0,0,2,8,29,39,Intersection,Medium
15,Friday,4,0,0,State Highway,Cloudy,5,59,60,Car,1,0,Dry,10,0,1,0,9,38,59,T-Junction,Low
22,Tuesday,2,0,0,Residential,Clear,5,85,40,Motorcycle,4,0,Good,5,0,0,0,5,27,60,Y-Junction,High
15,Friday,1,0,0,Highway,Foggy,3,72,80,Motorcycle,1,8,Slippery,8,0,1,0,2,34,75,Roundabout,High
17,Monday,12,1,0,State Highway,Clear,4,35,60,Motorcycle,1,9,Slippery,8,0,0,0,7,30,39,Intersection,Medium
18,Thursday,3,1,0,Urban Road,Clear,7,47,40,Truck,2,2,Dry,5,0,0,1,9,32,45,Intersection,Medium
13,Tuesday,4,0,0,State Highway,Rainy,5,69,60,Car,1,12,Good,7,0,0,3,8,14,39,Intersection,Medium
17,Wednesday,10,1,0,Highway,Clear,3,19,80,Bicycle,2,1,Slippery,7,0,1,0,7,30,71,T-Junction,Medium
16,Sunday,5,0,1,Highway,Clear,4,17,80,Motorcycle,2,9,Slippery,5,0,0,0,7,33,78,T-Junction,Medium
21,Monday,5,0,0,Highway,Clear,6,10,80,Car,1,9,Good,6,0,0,0,5,38,91,Roundabout,Medium
4,Monday,7,0,0,Urban Road,Heavy Rain,5,33,40,Car,3,8,Wet,7,0,0,1,3,19,48,T-Junction,High
9,Friday,10,1,0,State Highway,Foggy,8,10,60,Bus,2,11,Dry,8,0,1,2,4,37,60,No Junction,High
22,Monday,8,0,0,Residential,Cloudy,5,71,40,Car,3,2,Wet,13,0,1,0,7,26,46,T-Junction,High
21,Tuesday,9,0,0,Residential,Rainy,4,10,40,Truck,1,4,Slippery,5,1,0,0,9,29,47,No Junction,Medium
13,Friday,12,0,0,State Highway,Clear,7,18,60,Truck,2,4,Slippery,12,0,0,0,8,33,74,No Junction,Medium
17,Monday,7,1,0,Urban Road,Foggy,8,39,40,Bicycle,2,11,Wet,5,1,0,1,3,33,100,No Junction,High
9,Sunday,5,1,1,National Highway,Rainy,4,30,80,Car,1,6,Dry,7,1,0,0,7,17,54,T-Junction,Medium
8,Wednesday,9,1,0,National Highway,Rainy,4,44,80,Motorcycle,3,3,Under Construction,10,0,0,0,9,28,31,No Junction,Medium
13,Sunday,8,0,1,Urban Road,Clear,6,11,40,Truck,1,0,Wet,9,0,0,3,6,21,100,T-Junction,Medium
11,Saturday,10,0,1,Highway,Clear,2,14,80,Car,2,0,Dry,3,0,0,1,8,28,31,Intersection,Medium
16,Tuesday,9,0,0,Residential,Clear,4,50,40,Bus,4,11,Wet,11,1,0,0,5,24,58,T-Junction,High
6,Wednesday,10,0,0,Urban Road,Clear,4,47,40,Motorcycle,3,8,Good,8,0,0,0,6,18,65,Y-Junction,Medium
23,Wednesday,8,0,0,State Highway,Clear,8,40,60,Motorcycle,3,12,Dry,6,0,1,0,8,21,84,No Junction,Medium
23,Friday,6,0,0,Highway,Cloudy,1,44,80,Motorcycle,1,7,Dry,7,0,0,0,7,31,92,Intersection,Medium
18,Thursday,4,1,0,Urban Road,Clear,7,53,40,Motorcycle,3,5,Dry,9,0,1,0,5,30,60,No Junction,High
15,Friday,9,0,0,Urban Road,Foggy,8,29,40,Bus,2,7,Dry,9,0,0,2,4,21,100,Y-Junction,High
9,Tuesday,12,1,0,Highway,Clear,8,31,80,Bicycle,1,13,Dry,9,1,1,3,8,24,60,No Junction,High
19,Tuesday,9,1,0,Urban Road,Rainy,7,27,40,Truck,2,3,Under Construction,5,0,1,2,8,29,38,Intersection,High
17,Friday,10,1,0,Highway,Clear,5,10,80,Car,1,7,Dry,7,0,1,0,8,29,63,No Junction,Medium
7,Thursday,10,1,0,Urban Road,Clear,6,31,40,Car,2,1,Under Construction,5,0,1,1,6,32,59,Roundabout,High
21,Sunday,9,0,1,State Highway,Clear,4,51,60,Car,4,0,Dry,10,0,0,1,5,29,55,No Junction,Medium
19,Friday,10,1,0,Urban Road,Clear,6,41,40,Motorcycle,2,7,Good,7,0,0,0,7,31,84,Intersection,Medium
22,Tuesday,3,0,0,State Highway,Clear,6,18,60,Auto,2,7,Dry,9,0,0,0,5,27,34,Roundabout,Low
18,Thursday,11,1,0,Highway,Cloudy,10,29,80,Motorcycle,4,6,Wet,6,0,1,0,6,30,76,Y-Junction,High
17,Tuesday,12,1,0,Residential,Clear,7,10,40,Car,3,4,Dry,8,0,0,3,5,37,66,Roundabout,Medium
12,Thursday,3,0,0,National Highway,Rainy,6,38,80,Motorcycle,2,9,Dry,7,0,1,2,6,37,42,T-Junction,High
22,Thursday,11,0,0,Urban Road,Clear,4,26,40,Bus,3,5,Dry,4,0,0,1,6,28,68,No Junction,Medium
20,Friday,6,1,0,National Highway,Clear,5,10,80,Bus,4,7,Wet,11,0,0,0,6,20,95,Intersection,High
4,Friday,6,0,0,Urban Road,Rainy,6,11,40,Motorcycle,1,13,Dry,10,1,0,0,6,36,77,No Junction,Medium
2,Friday,6,0,0,Urban Road,Heavy Rain,2,65,40,Motorcycle,1,8,Under Construction,4,0,0,0,3,13,53,Intersection,Medium
11,Thursday,5,0,0,State Highway,Rainy,6,53,60,Motorcycle,3,10,Dry,5,0,0,0,5,31,81,No Junction,Medium
19,Thursday,5,1,0,Highway,Cloudy,4,15,80,Motorcycle,1,7,Dry,6,1,0,0,9,30,39,T-Junction,Medium
23,Tuesday,2,0,0,Highway,Clear,6,28,80,Car,1,0,Dry,11,1,0,2,6,28,74,Roundabout,High
7,Wednesday,7,1,0,Residential,Clear,4,10,40,Bus,2,10,Wet,10,0,1,0,6,30,98,T-Junction,Medium
16,Friday,12,0,0,State Highway,Cloudy,6,53,60,Motorcycle,2,8,Dry,8,0,0,2,5,20,39,Intersection,High
11,Saturday,4,0,1,State Highway,Rainy,7,49,60,Car,3,6,Dry,3,0,0,3,8,21,84,No Junction,Medium
22,Tuesday,3,0,0,Highway,Foggy,4,10,80,Car,2,1,Slippery,9,0,0,0,3,20,43,No Junction,Medium
20,Tuesday,8,1,0,National Highway,Clear,5,10,80,Auto,2,9,Dry,8,0,0,0,6,21,64,Y-Junction,Medium
19,Monday,4,1,0,Residential,Clear,6,57,40,Car,4,6,Slippery,6,0,0,1,8,23,34,T-Junction,High
13,Friday,11,0,0,National Highway,Clear,6,47,80,Truck,4,4,Dry,11,0,0,2,8,26,88,Intersection,High
12,Sunday,4,0,1,Urban Road,Cloudy,1,51,40,Car,2,6,Wet,7,1,0,0,9,33,42,T-Junction,Medium
9,Tuesday,8,1,0,Residential,Heavy Rain,6,10,40,Car,1,1,Good,11,0,0,0,5,39,59,Intersection,Medium
5,Monday,1,0,0,State Highway,Cloudy,7,17,60,Motorcycle,2,7,Dry,6,0,0,0,8,23,90,No Junction,Medium
20,Saturday,9,1,1,Urban Road,Clear,6,22,40,Auto,1,4,Dry,5,0,0,0,9,27,75,T-Junction,Medium
19,Saturday,7,1,1,National Highway,Clear,4,53,80,Bus,5,6,Under Construction,4,0,1,2,8,28,83,T-Junction,High
23,Sunday,12,0,1,Urban Road,Rainy,3,27,40,Car,5,2,Wet,7,0,0,1,9,22,85,T-Junction,Medium
23,Friday,2,0,0,Urban Road,Rainy,6,53,40,Motorcycle,1,13,Wet,8,1,0,0,9,25,73,Y-Junction,Medium
15,Thursday,11,0,0,National Highway,Clear,7,13,80,Motorcycle,2,6,Wet,5,0,0,0,9,38,100,No Junction,Medium
18,Monday,12,1,0,National Highway,Clear,8,10,80,Motorcycle,4,4,Dry,5,0,0,0,8,35,76,Intersection,High
22,Thursday,6,0,0,Urban Road,Clear,6,31,40,Auto,1,0,Under Construction,11,0,0,0,7,35,61,T-Junction,Medium
20,Saturday,8,1,1,Highway,Foggy,3,45,80,Motorcycle,2,6,Slippery,10,0,0,3,2,31,58,No Junction,High
8,Saturday,11,1,1,State Highway,Foggy,5,43,60,Auto,1,5,Wet,13,0,0,1,1,33,58,No Junction,High
13,Wednesday,5,0,0,National Highway,Cloudy,6,10,80,Car,2,13,Good,3,0,0,0,6,30,63,T-Junction,Medium
7,Wednesday,6,1,0,Residential,Clear,7,49,40,Truck,1,4,Wet,13,0,0,1,5,37,83,T-Junction,High
22,Sunday,12,0,1,Residential,Clear,4,17,40,Motorcycle,2,7,Wet,5,0,1,1,7,10,38,No Junction,Medium
16,Wednesday,10,0,0,State Highway,Clear,2,51,60,Car,2,4,Good,4,0,0,0,5,21,26,Intersection,Medium
8,Wednesday,8,1,0,Highway,Clear,7,10,80,Motorcycle,2,4,Dry,8,0,0,0,5,19,28,No Junction,Medium
17,Sunday,6,1,1,National Highway,Foggy,1,43,80,Car,1,11,Dry,3,0,0,0,1,23,46,T-Junction,Medium
17,Tuesday,12,1,0,Urban Road,Foggy,6,18,40,Car,2,5,Dry,11,0,0,1,1,28,65,No Junction,High
11,Wednesday,9,0,0,Residential,Heavy Rain,4,33,40,Motorcycle,1,3,Good,8,0,0,1,5,27,92,Intersection,Medium
7,Tuesday,12,1,0,Urban Road,Clear,4,45,40,Motorcycle,4,5,Slippery,5,1,0,0,8,22,65,No Junction,High
17,Tuesday,9,1,0,Urban Road,Clear,6,36,40,Car,1,1,Dry,11,0,1,0,6,29,70,Y-Junction,Medium
15,Friday,9,0,0,Residential,Rainy,2,57,40,Car,2,3,Dry,7,0,0,3,6,30,76,No Junction,High
19,Tuesday,6,1,0,National Highway,Cloudy,6,10,80,Motorcycle,1,11,Dry,8,0,0,1,9,31,79,T-Junction,Medium
15,Tuesday,12,0,0,Residential,Rainy,1,46,40,Motorcycle,2,4,Dry,9,0,0,0,6,32,91,No Junction,Medium
20,Wednesday,12,1,0,State Highway,Rainy,9,40,60,Car,1,11,Good,6,0,1,1,6,24,55,No Junction,Medium
15,Tuesday,9,0,0,Highway,Rainy,1,36,80,Car,2,7,Slippery,4,0,0,2,5,34,56,Intersection,High
16,Thursday,3,0,0,State Highway,Rainy,5,66,60,Truck,3,12,Good,7,0,0,0,5,27,55,T-Junction,Medium
20,Sunday,5,1,1,Urban Road,Foggy,2,53,40,Motorcycle,3,6,Wet,3,0,1,1,3,32,94,No Junction,High
12,Wednesday,2,0,0,Highway,Clear,4,29,80,Car,4,12,Wet,6,0,0,0,7,24,81,No Junction,Medium
7,Sunday,12,1,1,Highway,Rainy,7,12,80,Car,1,4,Wet,4,0,0,1,7,38,67,No Junction,Medium
2,Monday,8,0,0,Residential,Cloudy,5,10,40,Motorcycle,2,13,Under Construction,7,1,0,0,8,31,100,Y-Junction,Medium
18,Wednesday,11,1,0,National Highway,Clear,6,22,80,Car,2,9,Good,5,1,1,1,9,28,58,Intersection,High
17,Tuesday,4,1,0,Residential,Cloudy,4,10,40,Car,2,2,Good,6,0,0,0,8,20,45,T-Junction,Low
18,Thursday,6,1,0,Urban Road,Foggy,5,10,40,Car,3,0,Wet,11,0,0,0,2,34,37,T-Junction,High
8,Sunday,6,1,1,Urban Road,Rainy,6,52,40,Bus,2,5,Dry,5,1,0,0,7,21,75,Intersection,High
7,Wednesday,5,1,0,Urban Road,Clear,5,10,40,Car,1,3,Wet,9,0,0,0,9,41,39,Roundabout,Low
1,Thursday,12,0,0,Highway,Cloudy,8,65,80,Car,2,12,Dry,3,0,1,1,8,32,78,Intersection,High
11,Sunday,12,0,1,Urban Road,Clear,4,10,40,Bus,4,8,Dry,7,0,0,0,5,20,59,T-Junction,Medium
16,Monday,1,0,0,Residential,Rainy,9,10,40,Motorcycle,2,4,Dry,5,0,0,0,8,29,51,No Junction,Low
12,Saturday,11,0,1,National Highway,Foggy,1,55,80,Bicycle,2,5,Dry,8,0,0,1,4,39,81,Intersection,High
12,Monday,7,0,0,Urban Road,Rainy,1,60,40,Motorcycle,1,6,Wet,6,0,0,0,8,27,52,T-Junction,Medium
21,Saturday,10,0,1,Urban Road,Clear,3,83,40,Truck,2,11,Dry,10,0,0,0,9,25,50,Intersection,Medium
10,Friday,8,1,0,State Highway,Cloudy,4,14,60,Motorcycle,2,7,Wet,6,0,0,0,5,29,64,No Junction,Medium
14,Saturday,1,0,1,Residential,Cloudy,4,34,40,Truck,1,6,Dry,11,0,0,0,5,23,53,Roundabout,Low
19,Friday,10,1,0,State Highway,Rainy,7,44,60,Motorcycle,4,5,Wet,3,1,0,0,7,36,80,T-Junction,High
12,Wednesday,7,0,0,Urban Road,Foggy,7,22,40,Car,2,10,Slippery,8,0,0,1,4,22,93,T-Junction,High
17,Friday,4,1,0,Urban Road,Rainy,7,26,40,Car,1,5,Dry,8,0,0,3,8,30,100,Intersection,Medium
20,Thursday,6,1,0,National Highway,Rainy,3,10,80,Motorcycle,2,9,Slippery,5,0,0,0,8,35,56,Roundabout,Medium
22,Friday,9,0,0,Highway,Clear,5,58,80,Car,2,5,Wet,8,0,0,0,7,28,52,Roundabout,High
7,Thursday,5,1,0,Residential,Clear,8,77,40,Motorcycle,4,4,Wet,9,0,0,1,6,35,36,Y-Junction,High
21,Sunday,8,0,1,Urban Road,Rainy,6,16,40,Car,3,9,Wet,11,1,0,0,5,26,72,Intersection,High
14,Sunday,5,0,1,Urban Road,Rainy,3,98,40,Motorcycle,3,3,Wet,7,0,1,0,5,21,90,Roundabout,High
8,Saturday,2,1,1,State Highway,Rainy,5,48,60,Auto,4,5,Dry,6,0,0,0,5,32,39,Roundabout,High
13,Saturday,4,0,1,Urban Road,Cloudy,7,49,40,Truck,2,10,Slippery,6,1,0,0,8,30,35,T-Junction,High
23,Saturday,2,0,1,State Highway,Clear,3,45,60,Motorcycle,2,7,Wet,8,0,1,2,9,22,100,Intersection,Medium
14,Friday,7,0,0,Urban Road,Cloudy,6,34,40,Motorcycle,2,12,Dry,5,0,0,0,9,27,38,T-Junction,Medium
10,Saturday,7,1,1,National Highway,Clear,8,26,80,Motorcycle,2,3,Slippery,10,0,0,1,9,22,50,Intersection,Medium
17,Friday,3,1,0,Urban Road,Cloudy,9,18,40,Truck,1,8,Slippery,3,0,0,1,7,27,20,No Junction,Medium
8,Friday,7,1,0,Highway,Clear,9,10,80,Car,4,13,Dry,7,0,0,0,7,41,20,No Junction,Medium
6,Tuesday,1,0,0,Urban Road,Clear,6,37,40,Car,4,7,Slippery,3,0,0,1,8,33,60,No Junction,Medium
7,Tuesday,1,1,0,Residential,Rainy,6,59,40,Truck,3,8,Wet,7,0,0,0,9,31,90,Roundabout,High
7,Friday,9,1,0,State Highway,Rainy,8,29,60,Truck,2,11,Dry,10,0,0,0,6,29,64,T-Junction,Medium
7,Sunday,6,1,1,Urban Road,Heavy Rain,5,10,40,Auto,1,11,Slippery,8,0,1,0,5,34,22,No Junction,Medium
7,Thursday,12,1,0,Residential,Clear,9,10,40,Car,2,12,Wet,6,0,0,0,9,28,63,Roundabout,Medium
17,Wednesday,5,1,0,State Highway,Clear,4,54,60,Auto,2,3,Dry,10,0,1,0,6,17,31,No Junction,High
8,Monday,6,1,0,State Highway,Rainy,6,31,60,Bus,2,7,Under Construction,3,0,0,0,5,19,44,No Junction,Medium
10,Tuesday,6,1,0,Residential,Clear,5,50,40,Car,1,8,Under Construction,7,1,0,2,5,24,66,T-Junction,High
21,Friday,1,0,0,State Highway,Rainy,1,57,60,Truck,3,5,Under Construction,5,0,1,1,7,25,61,Intersection,Medium
13,Monday,5,0,0,Residential,Cloudy,3,65,40,Bus,2,2,Dry,9,0,0,2,6,28,69,T-Junction,High
17,Tuesday,9,1,0,Highway,Rainy,3,44,80,Car,1,4,Under Construction,3,1,0,0,9,35,86,Intersection,Medium
7,Wednesday,4,1,0,Highway,Rainy,5,30,80,Motorcycle,5,0,Under Construction,6,1,0,1,9,30,64,T-Junction,High
8,Thursday,3,1,0,National Highway,Clear,7,33,80,Bicycle,2,7,Good,6,0,0,0,8,29,49,No Junction,Medium
4,Friday,1,0,0,Highway,Clear,7,10,80,Bicycle,2,0,Good,10,0,0,2,6,21,76,No Junction,Medium
7,Wednesday,2,1,0,Urban Road,Clear,6,10,40,Truck,2,3,Dry,5,0,0,0,5,27,31,Y-Junction,Low
9,Sunday,3,1,1,National Highway,Cloudy,2,51,80,Bus,2,10,Dry,7,0,0,2,7,24,66,T-Junction,High
7,Tuesday,4,1,0,Highway,Rainy,6,10,80,Car,2,5,Dry,8,0,1,3,8,21,90,T-Junction,High
6,Friday,7,0,0,State Highway,Rainy,7,51,60,Motorcycle,1,7,Wet,7,0,0,2,7,10,51,Y-Junction,Medium
7,Monday,6,1,0,State Highway,Rainy,3,33,60,Bicycle,4,14,Under Construction,7,0,0,3,5,20,52,No Junction,Medium
13,Sunday,11,0,1,National Highway,Cloudy,2,24,80,Bus,2,6,Slippery,8,1,0,1,5,38,100,T-Junction,High
8,Sunday,8,1,1,Urban Road,Rainy,5,27,40,Car,4,8,Slippery,7,0,1,0,7,34,69,Intersection,High
11,Saturday,9,0,1,Urban Road,Cloudy,1,26,40,Car,4,10,Dry,15,0,1,0,8,22,67,Intersection,Medium
14,Thursday,6,0,0,National Highway,Rainy,3,56,80,Motorcycle,3,3,Dry,3,0,0,0,5,25,70,Intersection,Medium
18,Sunday,7,1,1,Urban Road,Clear,8,43,40,Motorcycle,1,1,Dry,5,0,0,0,9,43,46,Intersection,Medium
3,Tuesday,4,0,0,Urban Road,Clear,6,30,40,Car,2,9,Wet,7,0,0,0,9,42,88,Roundabout,Low
19,Thursday,2,1,0,Residential,Clear,4,61,40,Car,1,8,Slippery,11,0,0,0,9,29,96,Intersection,Medium
17,Friday,9,1,0,Urban Road,Clear,8,32,40,Bicycle,2,4,Under Construction,10,0,0,0,8,32,59,Roundabout,Medium
6,Saturday,9,0,1,National Highway,Clear,4,51,80,Car,2,2,Wet,11,0,1,2,8,29,73,No Junction,High
20,Wednesday,4,1,0,Residential,Clear,10,22,40,Motorcycle,2,10,Good,7,0,1,0,6,26,84,T-Junction,Medium
21,Thursday,12,0,0,Highway,Clear,5,26,80,Motorcycle,4,7,Dry,11,0,0,0,6,29,85,Intersection,Medium
5,Monday,3,0,0,Highway,Clear,3,43,80,Car,2,4,Wet,6,0,1,0,9,31,87,Intersection,Medium
9,Tuesday,10,1,0,Highway,Clear,4,31,80,Motorcycle,3,10,Dry,10,0,0,0,7,34,35,No Junction,Medium
19,Monday,11,1,0,Urban Road,Rainy,7,20,40,Motorcycle,3,4,Dry,8,0,0,0,7,29,78,No Junction,Medium
18,Thursday,6,1,0,Residential,Clear,6,13,40,Car,1,0,Good,8,0,0,1,9,29,95,No Junction,Low
8,Saturday,3,1,1,Highway,Cloudy,6,15,80,Motorcycle,3,4,Under Construction,4,0,1,0,6,20,76,Y-Junction,Medium
8,Wednesday,1,1,0,Urban Road,Clear,5,10,40,Car,1,3,Dry,3,0,0,0,8,23,95,No Junction,Low
11,Wednesday,4,0,0,National Highway,Clear,6,10,80,Bus,3,4,Dry,7,1,0,2,7,17,64,T-Junction,High
14,Monday,1,0,0,Residential,Foggy,7,20,40,Auto,2,4,Dry,7,1,1,1,3,30,72,Roundabout,High
17,Friday,2,1,0,Urban Road,Rainy,7,10,40,Motorcycle,2,0,Dry,4,0,0,0,9,24,64,Intersection,Low
11,Friday,3,0,0,National Highway,Heavy Rain,6,39,80,Bicycle,2,9,Slippery,10,0,0,3,5,26,75,Intersection,High
13,Saturday,8,0,1,Urban Road,Clear,4,66,40,Truck,2,3,Wet,5,0,0,3,7,28,80,Y-Junction,High
18,Wednesday,10,1,0,National Highway,Clear,7,10,80,Truck,1,0,Wet,9,0,1,0,6,29,41,Roundabout,Medium
3,Monday,4,0,0,Residential,Clear,3,64,40,Motorcycle,2,8,Dry,7,0,0,2,7,16,66,Intersection,High
8,Monday,4,1,0,Residential,Clear,9,39,40,Car,1,0,Dry,10,0,0,0,5,30,65,No Junction,Medium
18,Monday,10,1,0,State Highway,Rainy,5,10,60,Auto,4,3,Dry,4,0,0,1,8,25,54,T-Junction,Medium
21,Thursday,9,0,0,Urban Road,Rainy,5,35,40,Bicycle,1,12,Slippery,3,0,1,0,8,33,71,Intersection,Medium
14,Saturday,7,0,1,State Highway,Clear,2,16,60,Bus,2,0,Good,9,0,0,2,8,26,47,T-Junction,Low
15,Friday,2,0,0,State Highway,Rainy,6,10,60,Motorcycle,2,11,Dry,10,0,0,0,9,24,47,Intersection,Low
6,Friday,3,0,0,Urban Road,Cloudy,4,46,40,Car,2,4,Dry,8,0,0,0,9,34,52,T-Junction,Low
13,Thursday,4,0,0,Urban Road,Clear,6,10,40,Car,2,6,Dry,5,0,0,0,7,22,40,T-Junction,Medium
15,Tuesday,4,0,0,State Highway,Clear,2,10,60,Motorcycle,2,9,Dry,10,0,0,0,6,24,50,T-Junction,Low
8,Thursday,10,1,0,Urban Road,Clear,5,28,40,Car,3,1,Dry,9,0,0,0,5,22,100,T-Junction,Medium
9,Saturday,8,1,1,State Highway,Clear,4,19,60,Auto,2,1,Good,4,0,0,0,6,25,42,No Junction,Medium
11,Monday,10,0,0,Residential,Rainy,5,27,40,Motorcycle,1,1,Under Construction,9,0,0,0,6,38,46,No Junction,Low
2,Thursday,10,0,0,Residential,Cloudy,5,42,40,Auto,1,3,Dry,8,0,1,0,5,20,67,Intersection,Medium
10,Monday,6,1,0,Highway,Heavy Rain,6,46,80,Truck,2,4,Dry,8,0,0,3,5,26,43,Y-Junction,High
8,Saturday,3,1,1,Urban Road,Heavy Rain,4,27,40,Motorcycle,2,0,Dry,3,0,0,0,2,32,46,No Junction,High
10,Sunday,11,1,1,Urban Road,Rainy,3,42,40,Truck,1,6,Dry,10,0,0,0,9,26,40,T-Junction,Medium
7,Saturday,9,1,1,Residential,Clear,7,16,40,Bicycle,4,9,Wet,6,0,0,2,8,30,65,T-Junction,High
21,Wednesday,10,0,0,Residential,Clear,2,34,40,Motorcycle,1,2,Wet,6,0,1,0,8,24,60,T-Junction,Medium
16,Monday,8,0,0,Residential,Clear,5,46,40,Car,2,1,Wet,9,1,0,3,9,27,73,Roundabout,High
17,Friday,9,1,0,Residential,Cloudy,3,12,40,Motorcycle,3,4,Under Construction,7,0,0,0,6,26,69,T-Junction,Medium
19,Thursday,5,1,0,State Highway,Clear,7,13,60,Motorcycle,5,7,Wet,3,1,0,0,8,26,88,T-Junction,High
14,Sunday,3,0,1,Urban Road,Rainy,6,10,40,Bicycle,2,5,Dry,12,0,1,0,9,35,54,Intersection,Medium
6,Saturday,4,0,1,Residential,Rainy,4,10,40,Motorcycle,3,13,Dry,8,0,0,1,6,24,41,T-Junction,Medium
15,Monday,12,0,0,Highway,Clear,5,40,80,Truck,2,9,Dry,7,0,0,0,5,29,47,T-Junction,Medium
16,Sunday,5,0,1,Urban Road,Clear,6,52,40,Car,4,6,Wet,7,0,0,1,8,33,100,Roundabout,High
18,Tuesday,9,1,0,Urban Road,Clear,5,21,40,Motorcycle,2,2,Wet,8,0,0,3,6,31,25,Roundabout,High
12,Wednesday,9,0,0,Urban Road,Clear,3,43,40,Truck,2,5,Under Construction,8,1,0,1,8,26,87,Intersection,High
7,Tuesday,3,1,0,Urban Road,Clear,7,45,40,Motorcycle,1,5,Under Construction,11,0,0,2,6,36,87,Roundabout,High
9,Saturday,7,1,1,Highway,Clear,5,31,80,Motorcycle,1,16,Under Construction,12,0,0,0,5,28,70,Intersection,Medium
11,Tuesday,6,0,0,Urban Road,Clear,3,54,40,Car,2,4,Wet,7,0,1,0,8,33,46,T-Junction,Medium
17,Tuesday,4,1,0,National Highway,Clear,4,22,80,Motorcycle,2,11,Slippery,10,0,1,0,9,24,75,T-Junction,Medium
16,Wednesday,5,0,0,Urban Road,Clear,2,39,40,Bus,2,1,Slippery,9,0,0,0,6,31,48,Intersection,Medium
11,Wednesday,10,0,0,Residential,Foggy,6,10,40,Car,3,7,Dry,10,0,0,0,2,32,55,Intersection,Medium
23,Wednesday,2,0,0,Urban Road,Rainy,6,70,40,Car,1,10,Dry,11,1,0,1,8,23,69,T-Junction,High
16,Sunday,11,0,1,Urban Road,Rainy,9,37,40,Truck,2,8,Dry,10,0,0,0,5,36,54,T-Junction,Medium
8,Wednesday,7,1,0,Highway,Clear,9,10,80,Car,1,7,Wet,9,0,0,1,5,34,43,Intersection,High
6,Tuesday,4,0,0,Urban Road,Rainy,5,34,40,Motorcycle,2,6,Under Construction,6,0,0,0,8,24,61,No Junction,Medium
7,Friday,2,1,0,State Highway,Clear,8,49,60,Auto,1,6,Dry,8,0,0,0,8,19,74,No Junction,Medium
8,Friday,11,1,0,Urban Road,Clear,4,20,40,Car,2,5,Slippery,4,0,0,0,6,26,87,T-Junction,High
7,Wednesday,6,1,0,Highway,Cloudy,8,43,80,Bus,3,2,Wet,9,0,1,0,9,27,78,No Junction,High
8,Sunday,11,1,1,Urban Road,Rainy,5,87,40,Motorcycle,2,8,Good,8,1,1,1,5,24,95,T-Junction,High
9,Thursday,12,1,0,Residential,Cloudy,10,10,40,Car,2,7,Wet,3,0,0,2,8,25,69,No Junction,Medium
7,Monday,2,1,0,Residential,Cloudy,9,10,40,Car,1,7,Good,6,0,0,2,5,32,61,Intersection,Medium
21,Saturday,10,0,1,Urban Road,Rainy,5,10,40,Motorcycle,2,0,Dry,5,0,1,0,6,37,100,T-Junction,Medium
6,Sunday,2,0,1,Urban Road,Clear,2,64,40,Car,4,4,Good,10,0,0,0,6,32,57,Roundabout,Medium
15,Thursday,7,0,0,Urban Road,Rainy,10,20,40,Motorcycle,2,5,Dry,7,0,0,0,6,35,82,Intersection,Medium
12,Saturday,1,0,1,Highway,Clear,3,21,80,Truck,1,7,Wet,3,0,0,2,9,28,90,T-Junction,Medium
23,Thursday,7,0,0,Urban Road,Heavy Rain,3,43,40,Bus,4,0,Dry,9,0,0,0,5,18,20,No Junction,High
7,Thursday,10,1,0,Residential,Cloudy,8,18,40,Motorcycle,4,0,Slippery,8,0,1,1,7,24,65,Intersection,High
12,Friday,5,0,0,Residential,Cloudy,2,79,40,Motorcycle,5,9,Good,8,0,0,1,7,23,43,No Junction,High
22,Monday,1,0,0,Residential,Rainy,3,73,40,Motorcycle,2,4,Slippery,4,0,0,1,9,33,41,No Junction,Medium
20,Thursday,6,1,0,Residential,Clear,5,10,40,Car,2,11,Wet,9,0,0,1,9,15,48,No Junction,Medium
19,Wednesday,7,1,0,Urban Road,Cloudy,7,28,40,Motorcycle,2,6,Wet,7,0,1,0,5,28,28,No Junction,High
8,Saturday,1,1,1,Urban Road,Clear,6,11,40,Bus,2,8,Dry,7,0,1,1,5,27,81,Intersection,Medium
7,Sunday,9,1,1,Urban Road,Clear,4,10,40,Auto,2,6,Wet,4,0,0,1,6,30,59,Intersection,High
17,Friday,7,1,0,Residential,Cloudy,6,33,40,Car,1,7,Dry,4,0,0,0,9,22,86,T-Junction,Medium
21,Saturday,1,0,1,Highway,Clear,1,39,80,Auto,5,10,Under Construction,20,0,0,0,7,34,70,Y-Junction,Medium
15,Wednesday,3,0,0,National Highway,Cloudy,4,46,80,Auto,2,2,Under Construction,4,0,0,2,7,29,63,No Junction,Medium
16,Wednesday,5,0,0,Urban Road,Clear,5,13,40,Bus,1,0,Good,3,1,0,0,5,21,47,Roundabout,Medium
9,Thursday,4,1,0,Urban Road,Foggy,9,41,40,Bus,1,6,Wet,6,0,0,0,4,22,57,Intersection,High
18,Wednesday,2,1,0,Residential,Rainy,6,18,40,Motorcycle,2,0,Wet,7,0,0,3,6,25,73,Intersection,High
8,Monday,1,1,0,Highway,Rainy,8,10,80,Bicycle,1,0,Wet,5,0,0,0,8,31,59,No Junction,Medium
10,Wednesday,4,1,0,Urban Road,Cloudy,6,38,40,Truck,5,2,Slippery,5,1,0,1,9,23,52,Intersection,High
12,Thursday,7,0,0,Urban Road,Heavy Rain,9,52,40,Car,1,9,Dry,7,0,0,1,3,31,64,No Junction,High
14,Saturday,11,0,1,Highway,Clear,4,39,80,Car,1,7,Under Construction,9,0,0,3,7,27,88,T-Junction,Medium
8,Wednesday,4,1,0,State Highway,Rainy,7,30,60,Car,4,15,Dry,3,0,0,1,5,36,68,T-Junction,High
7,Friday,9,1,0,State Highway,Heavy Rain,5,13,60,Truck,1,8,Wet,6,0,1,0,3,24,86,Intersection,High
17,Sunday,8,1,1,Highway,Clear,7,10,80,Auto,2,11,Under Construction,7,0,1,3,9,27,21,No Junction,High
9,Friday,8,1,0,Urban Road,Clear,7,27,40,Car,2,5,Good,7,0,0,0,5,33,67,No Junction,Medium
16,Friday,5,0,0,Highway,Rainy,7,29,80,Truck,1,5,Slippery,5,0,1,0,5,22,62,No Junction,High
7,Saturday,12,1,1,State Highway,Clear,5,40,60,Motorcycle,1,13,Dry,4,0,0,0,7,22,46,No Junction,Medium
14,Tuesday,1,0,0,Urban Road,Clear,5,20,40,Motorcycle,1,4,Dry,13,0,0,1,9,21,68,No Junction,Low
15,Sunday,9,0,1,Urban Road,Clear,7,22,40,Bus,2,7,Dry,3,0,0,0,7,31,81,Y-Junction,Low
5,Friday,2,0,0,Urban Road,Clear,9,21,40,Motorcycle,3,12,Good,11,0,0,2,7,19,66,T-Junction,Medium
10,Friday,6,1,0,Urban Road,Foggy,9,20,40,Car,3,7,Dry,4,1,0,3,1,29,40,No Junction,High
7,Tuesday,10,1,0,Residential,Cloudy,8,10,40,Car,2,11,Good,8,1,0,1,7,23,74,Roundabout,High
5,Saturday,5,0,1,Residential,Cloudy,1,57,40,Bicycle,1,0,Good,8,0,0,0,9,23,88,Intersection,Low
23,Sunday,10,0,1,Urban Road,Clear,3,32,40,Bus,3,1,Under Construction,4,0,0,3,5,16,68,Intersection,Medium
10,Friday,8,1,0,Residential,Rainy,2,10,40,Car,2,9,Dry,7,1,0,0,9,27,63,Intersection,Medium
19,Thursday,11,1,0,Urban Road,Rainy,8,10,40,Car,2,3,Dry,6,0,0,1,6,23,51,No Junction,Medium
8,Saturday,3,1,1,Highway,Rainy,5,13,80,Truck,4,6,Slippery,8,0,0,0,9,26,72,Intersection,Medium
17,Sunday,6,1,1,Highway,Heavy Rain,7,28,80,Motorcycle,3,5,Under Construction,11,1,1,0,4,26,57,T-Junction,High
18,Friday,6,1,0,Urban Road,Cloudy,6,23,40,Motorcycle,1,3,Good,12,0,0,1,8,38,100,Roundabout,Medium
16,Friday,10,0,0,Residential,Clear,3,68,40,Motorcycle,4,0,Dry,5,0,1,3,9,22,87,Y-Junction,High
13,Tuesday,3,0,0,National Highway,Cloudy,4,25,80,Car,2,7,Slippery,9,0,1,0,7,31,70,Intersection,Medium
12,Sunday,12,0,1,Highway,Clear,7,37,80,Motorcycle,4,3,Wet,11,0,0,2,7,25,74,Intersection,High
10,Thursday,12,1,0,Urban Road,Rainy,9,10,40,Motorcycle,3,10,Dry,6,0,1,0,5,31,62,No Junction,Medium
21,Saturday,12,0,1,Urban Road,Clear,3,29,40,Motorcycle,1,10,Wet,9,0,0,1,6,26,74,T-Junction,Medium
19,Wednesday,7,1,0,State Highway,Foggy,10,10,60,Motorcycle,2,4,Wet,15,0,0,0,3,38,76,Y-Junction,High
22,Monday,11,0,0,State Highway,Clear,7,16,60,Bicycle,2,7,Dry,4,0,1,0,9,27,49,Roundabout,Low
7,Thursday,4,1,0,Urban Road,Clear,6,31,40,Bicycle,3,4,Dry,9,0,1,0,9,28,60,No Junction,Medium
18,Wednesday,5,1,0,Residential,Clear,5,38,40,Motorcycle,2,3,Wet,4,0,0,0,7,35,71,Intersection,Medium
22,Thursday,9,0,0,Residential,Heavy Rain,3,21,40,Truck,1,6,Wet,6,0,1,2,4,25,73,No Junction,Medium
8,Sunday,6,1,1,Highway,Clear,5,10,80,Car,3,8,Dry,6,0,0,0,9,34,59,Intersection,Medium
5,Wednesday,10,0,0,Urban Road,Clear,6,47,40,Bicycle,2,9,Dry,9,0,0,3,7,35,56,Intersection,High
18,Sunday,4,1,1,Residential,Rainy,4,39,40,Motorcycle,3,2,Good,14,0,1,0,6,24,76,T-Junction,Medium
16,Wednesday,8,0,0,Highway,Rainy,3,72,80,Motorcycle,3,1,Under Construction,6,0,0,0,9,32,76,T-Junction,Medium
20,Thursday,9,1,0,Urban Road,Foggy,10,10,40,Motorcycle,2,4,Under Construction,11,0,0,0,1,22,56,T-Junction,High
7,Tuesday,10,1,0,Highway,Clear,8,19,80,Car,1,2,Dry,5,0,1,3,6,29,23,Intersection,High
19,Thursday,5,1,0,Urban Road,Clear,6,22,40,Car,1,1,Dry,6,1,0,1,6,24,76,T-Junction,High
8,Sunday,2,1,1,State Highway,Clear,1,58,60,Auto,3,5,Under Construction,11,1,0,0,7,27,82,Roundabout,Medium
7,Thursday,6,1,0,Urban Road,Clear,8,33,40,Motorcycle,4,2,Dry,10,0,0,1,5,32,77,Intersection,High
7,Wednesday,11,1,0,Highway,Foggy,4,25,80,Bicycle,2,5,Wet,6,0,0,2,3,34,100,T-Junction,High
19,Monday,12,1,0,Highway,Cloudy,7,21,80,Motorcycle,5,7,Dry,6,0,0,0,9,13,81,T-Junction,High
17,Wednesday,8,1,0,Residential,Rainy,8,13,40,Motorcycle,1,4,Dry,9,0,0,0,5,22,70,Intersection,Medium
15,Friday,5,0,0,Urban Road,Clear,7,10,40,Car,3,7,Under Construction,6,0,1,2,9,36,46,Y-Junction,Medium
11,Thursday,1,0,0,Residential,Clear,3,33,40,Car,2,6,Under Construction,6,0,0,0,8,28,63,No Junction,Low
20,Saturday,8,1,1,Highway,Clear,8,10,80,Bus,3,10,Good,6,0,0,0,5,27,60,No Junction,High
12,Thursday,9,0,0,State Highway,Clear,5,12,60,Motorcycle,2,5,Good,7,0,0,0,7,33,69,T-Junction,Low
19,Tuesday,1,1,0,State Highway,Rainy,7,35,60,Bus,1,1,Slippery,6,0,0,0,5,13,39,Intersection,High
12,Sunday,8,0,1,State Highway,Rainy,1,24,60,Motorcycle,2,2,Wet,3,0,0,1,6,22,76,T-Junction,Medium
11,Saturday,10,0,1,Urban Road,Clear,1,45,40,Auto,1,12,Dry,12,0,0,0,7,33,53,Y-Junction,Low
13,Wednesday,12,0,0,Residential,Clear,8,20,40,Auto,1,1,Wet,10,0,0,3,6,17,71,No Junction,Medium
9,Tuesday,2,1,0,Urban Road,Rainy,10,10,40,Bus,2,1,Dry,7,1,0,0,7,28,55,No Junction,Medium
18,Thursday,4,1,0,State Highway,Clear,3,35,60,Bus,5,0,Under Construction,5,1,1,0,5,15,62,No Junction,High
14,Wednesday,2,0,0,Highway,Cloudy,6,67,80,Truck,2,11,Wet,11,0,0,0,6,24,46,Intersection,High
8,Wednesday,2,1,0,State Highway,Rainy,6,10,60,Auto,1,6,Slippery,9,0,0,0,7,34,48,No Junction,Medium
21,Friday,10,0,0,Urban Road,Clear,7,62,40,Auto,2,0,Slippery,6,0,0,1,9,16,74,T-Junction,High
11,Friday,3,0,0,State Highway,Clear,1,37,60,Car,2,0,Dry,9,0,0,1,6,26,83,T-Junction,Medium
15,Monday,8,0,0,Residential,Rainy,4,89,40,Truck,3,4,Slippery,8,0,0,0,8,33,63,Intersection,High
21,Friday,4,0,0,Urban Road,Clear,5,28,40,Bus,3,4,Under Construction,8,0,0,3,7,22,89,No Junction,Medium
17,Sunday,7,1,1,National Highway,Heavy Rain,2,32,80,Truck,1,12,Slippery,10,0,1,0,4,29,85,Intersection,High
7,Saturday,12,1,1,Urban Road,Clear,3,10,40,Car,2,6,Slippery,9,0,0,0,9,38,69,T-Junction,Low
22,Wednesday,10,0,0,National Highway,Cloudy,4,66,80,Motorcycle,2,2,Dry,10,0,1,1,5,32,45,Y-Junction,High
17,Friday,3,1,0,State Highway,Rainy,4,19,60,Car,1,7,Good,13,0,0,1,5,29,69,Intersection,Medium
10,Monday,10,1,0,National Highway,Clear,6,10,80,Bus,1,2,Wet,9,0,1,0,6,37,72,T-Junction,High
7,Thursday,12,1,0,Highway,Cloudy,6,41,80,Truck,5,1,Under Construction,15,0,0,2,6,28,75,Y-Junction,High
19,Saturday,11,1,1,Urban Road,Clear,6,68,40,Car,2,3,Under Construction,11,0,0,1,8,27,57,No Junction,High
17,Friday,3,1,0,Residential,Clear,8,34,40,Car,3,0,Dry,7,0,0,3,9,21,50,Intersection,High
15,Wednesday,2,0,0,National Highway,Cloudy,3,14,80,Auto,2,12,Good,3,0,0,2,7,33,32,T-Junction,Medium
21,Thursday,12,0,0,Highway,Cloudy,6,22,80,Motorcycle,5,8,Good,11,0,0,0,8,40,67,T-Junction,Medium
19,Sunday,6,1,1,Highway,Rainy,3,10,80,Motorcycle,4,5,Wet,4,0,0,1,8,15,63,No Junction,Medium
7,Wednesday,6,1,0,Urban Road,Clear,5,40,40,Car,1,6,Slippery,8,0,0,0,8,22,89,T-Junction,Medium
10,Thursday,1,1,0,State Highway,Rainy,2,29,60,Car,3,4,Good,10,1,0,0,7,27,45,No Junction,High
8,Sunday,7,1,1,State Highway,Rainy,5,21,60,Car,2,7,Dry,4,0,0,1,8,22,64,Roundabout,Medium
18,Sunday,12,1,1,Urban Road,Heavy Rain,8,28,40,Car,2,10,Good,6,1,0,0,3,32,43,No Junction,High
3,Saturday,4,0,1,Highway,Cloudy,4,54,80,Car,2,6,Wet,4,0,1,0,5,31,97,Intersection,High
16,Wednesday,11,0,0,Residential,Cloudy,3,23,40,Car,2,11,Under Construction,14,0,0,0,5,30,57,Roundabout,Medium
18,Friday,12,1,0,Urban Road,Heavy Rain,2,29,40,Bicycle,1,6,Wet,10,0,1,1,2,39,37,Intersection,High
20,Friday,3,1,0,Residential,Rainy,3,10,40,Motorcycle,2,5,Wet,5,0,0,2,8,29,66,Intersection,Medium
10,Monday,8,1,0,Urban Road,Rainy,6,27,40,Motorcycle,2,11,Under Construction,3,0,1,3,9,24,68,No Junction,Medium
19,Thursday,2,1,0,Residential,Rainy,6,22,40,Motorcycle,2,1,Wet,5,0,0,0,6,21,52,No Junction,Medium
7,Monday,9,1,0,State Highway,Clear,8,10,60,Auto,2,4,Wet,6,0,0,0,9,30,64,T-Junction,Medium
20,Tuesday,8,1,0,Urban Road,Rainy,9,10,40,Truck,1,3,Wet,6,0,0,0,5,21,44,Y-Junction,Medium
7,Friday,8,1,0,Urban Road,Rainy,7,22,40,Car,5,7,Wet,10,0,0,1,6,32,53,Roundabout,High
12,Thursday,3,0,0,State Highway,Clear,3,30,60,Truck,1,5,Wet,3,0,0,0,9,25,53,Intersection,Low
19,Saturday,4,1,1,Urban Road,Foggy,7,27,40,Car,2,11,Dry,11,0,0,0,3,15,100,Intersection,High
7,Monday,2,1,0,State Highway,Clear,8,10,60,Auto,2,10,Dry,3,1,0,1,7,34,87,Y-Junction,High
8,Saturday,2,1,1,Highway,Rainy,8,30,80,Truck,1,5,Dry,7,1,1,0,7,31,65,T-Junction,High
18,Saturday,4,1,1,State Highway,Rainy,4,29,60,Auto,1,12,Wet,5,1,0,0,5,32,61,T-Junction,High
18,Saturday,6,1,1,Highway,Clear,7,10,80,Auto,2,4,Wet,10,0,1,0,6,18,89,Intersection,Medium
17,Monday,5,1,0,Highway,Cloudy,8,15,80,Motorcycle,2,2,Wet,12,0,1,2,5,35,88,Intersection,High
18,Tuesday,1,1,0,Urban Road,Clear,6,10,40,Auto,3,7,Dry,10,0,1,0,7,39,58,Intersection,Medium
15,Sunday,10,0,1,National Highway,Foggy,1,24,80,Bus,2,4,Dry,9,0,1,0,4,22,100,Roundabout,Medium
8,Sunday,1,1,1,National Highway,Clear,6,10,80,Motorcycle,1,7,Slippery,7,0,0,0,5,30,58,Roundabout,Medium
10,Monday,6,1,0,Urban Road,Rainy,5,66,40,Truck,4,12,Wet,12,0,0,2,6,25,59,T-Junction,High
8,Sunday,3,1,1,Highway,Rainy,7,59,80,Car,1,3,Wet,4,0,1,2,5,25,76,Intersection,High
21,Wednesday,3,0,0,Urban Road,Clear,4,24,40,Motorcycle,1,4,Dry,9,0,0,0,6,29,67,Roundabout,Low
16,Sunday,7,0,1,Urban Road,Rainy,4,34,40,Car,2,1,Wet,11,0,0,2,8,24,54,No Junction,Low
12,Friday,1,0,0,State Highway,Rainy,4,73,60,Motorcycle,2,6,Under Construction,10,0,1,3,9,26,59,No Junction,High
13,Monday,1,0,0,Urban Road,Rainy,4,40,40,Motorcycle,2,14,Wet,9,0,1,1,6,39,52,Intersection,High
22,Sunday,10,0,1,State Highway,Rainy,7,57,60,Motorcycle,1,0,Dry,9,0,0,0,6,20,66,Roundabout,Medium
7,Monday,3,1,0,Residential,Cloudy,8,59,40,Motorcycle,1,8,Dry,10,0,0,0,7,30,61,T-Junction,Medium
16,Tuesday,8,0,0,Residential,Rainy,2,48,40,Car,4,5,Good,7,1,0,0,7,41,73,No Junction,High
14,Wednesday,1,0,0,State Highway,Cloudy,4,46,60,Motorcycle,3,5,Wet,12,0,0,1,8,28,70,Roundabout,Medium
17,Monday,10,1,0,Highway,Rainy,4,54,80,Car,1,2,Dry,14,0,0,2,5,32,47,No Junction,High
1,Friday,4,0,0,Highway,Clear,8,21,80,Car,1,10,Good,3,0,0,0,9,23,55,T-Junction,Medium
20,Sunday,9,1,1,State Highway,Clear,8,46,60,Bus,3,13,Dry,6,0,1,0,9,22,87,Intersection,High
22,Friday,4,0,0,Urban Road,Clear,8,28,40,Motorcycle,4,6,Slippery,4,1,1,0,8,19,62,Roundabout,High
16,Sunday,10,0,1,Highway,Clear,1,95,80,Bicycle,1,9,Dry,6,1,0,2,9,28,44,Y-Junction,High
18,Monday,8,1,0,National Highway,Rainy,4,28,80,Bus,2,4,Dry,8,0,1,1,5,38,59,No Junction,High
21,Saturday,7,0,1,Residential,Clear,2,61,40,Motorcycle,2,5,Wet,9,0,0,2,7,31,64,No Junction,Medium
18,Sunday,3,1,1,Urban Road,Rainy,3,27,40,Car,2,4,Dry,7,0,0,1,8,29,100,No Junction,Low
7,Saturday,7,1,1,Residential,Clear,4,10,40,Motorcycle,3,11,Dry,9,0,0,2,9,25,57,No Junction,Medium
16,Wednesday,7,0,0,Urban Road,Rainy,3,64,40,Car,2,9,Good,5,0,1,0,8,25,58,No Junction,Medium
16,Friday,10,0,0,National Highway,Clear,4,64,80,Truck,2,1,Dry,6,1,1,0,8,22,69,Intersection,High
12,Saturday,3,0,1,Highway,Clear,4,10,80,Car,2,6,Slippery,9,0,0,0,6,23,78,T-Junction,Medium
18,Friday,2,1,0,Residential,Rainy,8,10,40,Auto,2,6,Dry,7,0,1,0,6,31,100,Y-Junction,Medium
22,Sunday,9,0,1,State Highway,Heavy Rain,6,40,60,Motorcycle,3,2,Good,4,0,0,2,5,42,60,No Junction,High
21,Sunday,1,0,1,Urban Road,Rainy,4,33,40,Car,4,7,Good,14,0,0,0,6,33,61,Intersection,Medium
13,Wednesday,7,0,0,State Highway,Foggy,5,52,60,Bus,1,5,Dry,10,1,0,0,3,24,41,Y-Junction,Medium
7,Sunday,4,1,1,National Highway,Clear,8,10,80,Motorcycle,2,5,Wet,8,1,0,0,8,23,39,No Junction,High
23,Wednesday,2,0,0,Residential,Clear,6,72,40,Truck,2,8,Slippery,10,0,0,0,6,22,65,T-Junction,High
19,Saturday,2,1,1,Urban Road,Cloudy,6,11,40,Auto,1,4,Dry,9,0,1,1,9,41,47,Intersection,Medium
7,Sunday,8,1,1,Residential,Foggy,2,35,40,Car,1,3,Slippery,3,0,0,0,1,33,34,Roundabout,Medium
21,Monday,7,0,0,National Highway,Rainy,8,32,80,Car,1,10,Good,8,0,1,0,7,30,50,Roundabout,Medium
20,Thursday,12,1,0,Urban Road,Clear,3,64,40,Car,3,11,Dry,5,0,1,1,8,34,40,T-Junction,High
14,Tuesday,7,0,0,Residential,Clear,3,11,40,Car,1,9,Under Construction,8,0,0,1,5,32,63,Intersection,Low
16,Thursday,5,0,0,Urban Road,Clear,1,50,40,Motorcycle,2,7,Dry,9,0,0,1,9,14,39,Intersection,Medium
12,Thursday,10,0,0,Highway,Rainy,8,10,80,Bicycle,1,5,Wet,10,0,0,0,8,21,57,No Junction,Low
5,Friday,8,0,0,Highway,Cloudy,3,61,80,Motorcycle,1,11,Dry,5,1,0,2,6,34,74,Y-Junction,High
10,Wednesday,2,1,0,National Highway,Cloudy,7,11,80,Auto,3,6,Wet,5,0,1,1,7,41,60,Roundabout,High
19,Friday,2,1,0,Residential,Foggy,3,40,40,Car,2,2,Dry,6,0,1,0,3,36,63,T-Junction,High
0,Saturday,5,0,1,Highway,Rainy,4,30,80,Auto,1,2,Dry,12,0,0,0,9,27,41,Intersection,Low
10,Tuesday,1,1,0,State Highway,Clear,9,55,60,Truck,1,7,Slippery,6,0,1,3,8,31,77,Roundabout,High
12,Saturday,6,0,1,Urban Road,Rainy,2,29,40,Auto,4,8,Dry,9,0,1,1,7,22,69,No Junction,Medium
15,Monday,4,0,0,State Highway,Rainy,4,49,60,Auto,2,4,Wet,7,0,0,1,9,30,62,T-Junction,Medium
21,Tuesday,6,0,0,Highway,Rainy,5,10,80,Auto,3,8,Dry,6,0,0,1,7,29,69,Intersection,High
10,Friday,7,1,0,National Highway,Rainy,4,40,80,Car,2,2,Dry,8,0,1,1,7,28,61,Intersection,High
10,Sunday,3,1,1,Residential,Clear,7,10,40,Truck,1,1,Wet,10,0,0,0,8,32,73,Y-Junction,Medium
18,Sunday,11,1,1,Residential,Foggy,4,64,40,Car,2,3,Dry,10,0,0,3,3,29,79,No Junction,High
13,Friday,8,0,0,Highway,Cloudy,5,21,80,Car,1,8,Slippery,4,1,1,0,5,10,57,No Junction,High
8,Saturday,7,1,1,Urban Road,Foggy,5,10,40,Motorcycle,4,1,Wet,9,1,0,0,2,24,55,T-Junction,High
13,Friday,1,0,0,Urban Road,Cloudy,7,34,40,Auto,1,10,Under Construction,12,0,1,1,5,23,53,Roundabout,Medium
7,Friday,6,1,0,National Highway,Foggy,7,10,80,Car,3,0,Dry,8,0,1,0,3,27,50,No Junction,High
7,Thursday,7,1,0,Highway,Rainy,2,17,80,Auto,5,13,Slippery,11,0,0,0,6,29,47,Intersection,High
14,Monday,11,0,0,Residential,Rainy,5,39,40,Auto,4,9,Wet,13,0,0,0,5,30,63,No Junction,High
12,Sunday,4,0,1,Highway,Rainy,4,26,80,Car,4,1,Dry,8,0,0,3,6,26,58,No Junction,Medium
21,Thursday,2,0,0,Highway,Rainy,5,53,80,Car,1,10,Slippery,7,0,0,1,7,27,64,Y-Junction,Medium
11,Friday,10,0,0,Urban Road,Cloudy,3,66,40,Car,2,9,Slippery,9,0,1,0,6,13,73,T-Junction,High
16,Wednesday,9,0,0,State Highway,Clear,1,59,60,Truck,1,3,Dry,11,0,0,2,7,34,70,Y-Junction,Medium
17,Thursday,7,1,0,State Highway,Clear,3,10,60,Car,2,9,Good,7,0,0,0,5,29,90,No Junction,Low
1,Friday,1,0,0,National Highway,Rainy,4,22,80,Car,2,12,Slippery,4,0,0,1,6,26,65,No Junction,Medium
17,Sunday,8,1,1,National Highway,Clear,9,10,80,Motorcycle,1,1,Dry,9,0,0,3,7,26,60,Intersection,High
7,Friday,3,1,0,Highway,Clear,6,16,80,Motorcycle,2,7,Dry,10,0,1,0,5,19,66,Intersection,Medium
22,Monday,4,0,0,State Highway,Heavy Rain,4,46,60,Bus,2,0,Wet,9,0,0,2,4,39,77,T-Junction,High
7,Saturday,12,1,1,Urban Road,Clear,6,30,40,Motorcycle,2,12,Dry,9,0,1,0,8,24,100,No Junction,High
12,Tuesday,5,0,0,State Highway,Clear,6,69,60,Car,1,0,Dry,7,0,0,0,7,18,71,Intersection,Medium
6,Thursday,1,0,0,Highway,Clear,4,75,80,Motorcycle,4,1,Dry,7,1,1,1,5,26,68,No Junction,High
23,Thursday,6,0,0,State Highway,Clear,6,42,60,Car,1,3,Dry,11,0,0,0,9,28,85,Intersection,Low
14,Thursday,10,0,0,Highway,Clear,7,42,80,Car,2,12,Wet,3,0,0,0,8,34,55,No Junction,Medium
16,Friday,6,0,0,Urban Road,Rainy,6,10,40,Car,1,8,Dry,8,1,0,0,6,27,63,Intersection,Medium
5,Monday,2,0,0,Highway,Clear,7,48,80,Car,2,3,Dry,5,0,0,1,8,26,71,T-Junction,Medium
18,Friday,11,1,0,Highway,Rainy,10,20,80,Car,3,7,Dry,7,0,1,0,5,23,49,Roundabout,High
8,Friday,10,1,0,Urban Road,Rainy,6,31,40,Auto,3,6,Wet,8,0,0,1,7,19,37,Intersection,High
21,Saturday,6,0,1,State Highway,Clear,3,45,60,Auto,2,7,Wet,9,0,0,0,9,20,77,No Junction,Low
8,Wednesday,8,1,0,State Highway,Foggy,4,59,60,Auto,2,2,Slippery,8,0,1,1,1,31,45,Intersection,High
8,Monday,6,1,0,Urban Road,Rainy,7,57,40,Car,2,1,Good,12,0,0,0,7,30,84,No Junction,Medium
3,Thursday,4,0,0,Highway,Foggy,4,40,80,Auto,1,12,Dry,8,1,0,0,1,33,57,T-Junction,High
13,Tuesday,4,0,0,Urban Road,Cloudy,6,43,40,Motorcycle,3,12,Dry,4,0,0,1,9,26,61,T-Junction,Medium
16,Thursday,9,0,0,State Highway,Clear,4,26,60,Motorcycle,4,1,Slippery,11,0,0,0,7,37,29,Intersection,Medium
5,Friday,6,0,0,Highway,Cloudy,2,49,80,Motorcycle,2,6,Dry,9,0,0,0,9,22,73,No Junction,Low
19,Monday,8,1,0,Urban Road,Clear,6,35,40,Car,3,11,Dry,5,0,1,0,7,25,74,Roundabout,High
13,Sunday,8,0,1,Highway,Clear,1,13,80,Car,2,11,Dry,10,0,0,0,8,27,75,Roundabout,Low
15,Monday,7,0,0,Urban Road,Rainy,4,18,40,Car,1,8,Wet,6,0,0,2,5,27,80,T-Junction,Medium
13,Monday,3,0,0,Highway,Clear,3,53,80,Car,2,14,Wet,10,0,0,1,6,23,29,No Junction,Medium
12,Wednesday,10,0,0,Highway,Rainy,7,34,80,Motorcycle,1,9,Good,4,0,1,0,6,22,39,T-Junction,Medium
15,Thursday,1,0,0,Highway,Clear,7,33,80,Motorcycle,2,16,Wet,7,0,0,0,5,13,38,No Junction,Medium
7,Wednesday,5,1,0,Urban Road,Rainy,6,24,40,Motorcycle,2,6,Slippery,9,0,0,0,6,37,56,T-Junction,Medium
8,Sunday,10,1,1,Urban Road,Cloudy,2,57,40,Motorcycle,2,4,Wet,4,0,1,0,9,28,47,Intersection,High
20,Sunday,10,1,1,Residential,Clear,3,50,40,Car,2,4,Dry,9,0,0,0,6,25,71,Intersection,Medium
22,Saturday,2,0,1,Highway,Clear,3,32,80,Auto,3,2,Dry,11,0,0,0,5,23,64,T-Junction,Medium
11,Tuesday,12,0,0,Highway,Foggy,3,67,80,Bus,5,2,Under Construction,7,0,0,0,4,28,73,Roundabout,High
9,Saturday,10,1,1,Highway,Clear,5,25,80,Car,4,0,Dry,9,0,0,0,5,27,75,No Junction,Medium
17,Friday,2,1,0,State Highway,Clear,10,10,60,Motorcycle,3,14,Dry,5,0,0,1,5,38,24,Roundabout,Medium
12,Wednesday,7,0,0,Residential,Rainy,4,47,40,Bus,1,3,Dry,16,0,0,0,7,25,82,Y-Junction,Medium
2,Wednesday,11,0,0,Residential,Clear,5,10,40,Motorcycle,2,12,Dry,8,0,0,3,6,26,57,T-Junction,Medium
7,Saturday,3,1,1,Urban Road,Clear,6,34,40,Motorcycle,2,4,Dry,8,0,0,0,6,32,83,Roundabout,Medium
18,Friday,8,1,0,Urban Road,Heavy Rain,5,11,40,Bicycle,3,4,Wet,7,0,0,0,5,31,34,Intersection,Medium
17,Monday,9,1,0,Highway,Clear,5,10,80,Bus,1,3,Dry,6,0,0,0,9,20,76,Roundabout,Low
2,Friday,8,0,0,Urban Road,Cloudy,4,43,40,Car,2,2,Dry,10,0,1,1,9,31,66,T-Junction,Medium
8,Thursday,6,1,0,Residential,Cloudy,7,50,40,Motorcycle,2,1,Under Construction,3,1,0,0,7,35,95,No Junction,High
8,Saturday,5,1,1,State Highway,Clear,7,10,60,Bus,1,7,Slippery,3,0,1,0,6,36,68,T-Junction,Medium
17,Friday,3,1,0,State Highway,Rainy,4,36,60,Car,2,4,Wet,8,0,0,0,9,20,83,No Junction,Medium
1,Monday,3,0,0,Urban Road,Cloudy,5,40,40,Car,4,15,Wet,6,1,0,0,9,27,31,Intersection,High
6,Friday,7,0,0,Urban Road,Rainy,1,10,40,Car,3,5,Dry,10,1,0,0,8,21,65,T-Junction,Medium
19,Wednesday,5,1,0,Highway,Cloudy,6,26,80,Auto,2,2,Slippery,6,0,0,0,9,33,49,Intersection,Medium
7,Tuesday,12,1,0,Urban Road,Rainy,7,30,40,Motorcycle,3,10,Wet,3,0,1,2,6,28,57,No Junction,High
17,Wednesday,6,1,0,National Highway,Foggy,7,10,80,Motorcycle,3,5,Wet,7,0,1,1,2,35,63,T-Junction,High
8,Sunday,6,1,1,Highway,Clear,9,10,80,Car,3,10,Slippery,7,0,1,0,8,31,49,Roundabout,High
6,Tuesday,9,0,0,National Highway,Foggy,3,34,80,Car,4,5,Wet,4,0,0,3,4,22,77,No Junction,High
8,Sunday,1,1,1,Urban Road,Rainy,5,37,40,Bus,3,6,Wet,10,0,0,3,7,28,82,Roundabout,High
18,Friday,8,1,0,Urban Road,Clear,6,10,40,Truck,3,0,Wet,9,0,0,1,5,23,45,No Junction,Medium
20,Thursday,10,1,0,Highway,Clear,8,10,80,Car,2,3,Wet,5,0,0,0,9,21,69,No Junction,Medium
19,Friday,5,1,0,Residential,Clear,10,23,40,Bus,2,5,Slippery,3,0,0,1,7,24,27,No Junction,Medium
12,Monday,6,0,0,Urban Road,Rainy,7,11,40,Motorcycle,2,4,Wet,9,0,1,1,5,29,84,T-Junction,Medium
17,Friday,6,1,0,Urban Road,Clear,5,43,40,Car,2,7,Dry,5,0,0,0,6,22,66,Y-Junction,Medium
8,Tuesday,1,1,0,Urban Road,Cloudy,3,34,40,Car,2,6,Wet,5,0,0,1,9,28,63,No Junction,Medium
9,Wednesday,3,1,0,Highway,Rainy,8,10,80,Car,2,6,Good,7,0,1,0,7,19,97,Intersection,Medium
21,Thursday,12,0,0,Urban Road,Clear,5,12,40,Motorcycle,1,8,Dry,8,0,0,0,5,16,71,T-Junction,Medium
1,Sunday,6,0,1,Urban Road,Rainy,5,10,40,Auto,4,4,Under Construction,9,0,0,0,6,38,100,Roundabout,Low
6,Friday,11,0,0,Residential,Cloudy,2,31,40,Motorcycle,1,5,Wet,11,0,0,0,8,25,43,T-Junction,Low
8,Friday,11,1,0,Residential,Clear,5,26,40,Truck,4,2,Wet,6,0,0,1,8,26,45,Y-Junction,High
2,Wednesday,9,0,0,Urban Road,Clear,3,46,40,Car,4,12,Under Construction,9,0,0,0,8,25,81,Intersection,Low
8,Thursday,6,1,0,Residential,Clear,8,10,40,Car,2,0,Slippery,7,0,0,0,6,31,59,Y-Junction,Medium
16,Saturday,12,0,1,Urban Road,Foggy,1,33,40,Motorcycle,3,11,Under Construction,11,0,0,0,1,28,87,Intersection,High
12,Sunday,6,0,1,Residential,Rainy,1,74,40,Car,2,5,Dry,5,0,0,1,6,33,44,No Junction,Medium
21,Friday,1,0,0,Highway,Rainy,5,79,80,Car,2,14,Dry,9,0,0,3,8,29,89,Y-Junction,High
19,Friday,9,1,0,Highway,Heavy Rain,3,44,80,Car,2,12,Wet,5,0,1,0,4,27,63,Y-Junction,High
10,Saturday,4,1,1,Urban Road,Clear,6,22,40,Car,1,13,Under Construction,5,0,0,0,9,34,65,No Junction,Low
8,Sunday,2,1,1,State Highway,Cloudy,4,10,60,Bus,3,1,Under Construction,6,0,0,2,5,25,40,Y-Junction,Medium
11,Tuesday,1,0,0,Highway,Clear,1,47,80,Motorcycle,3,1,Dry,3,0,1,1,9,27,88,Intersection,Medium
16,Tuesday,3,0,0,Highway,Clear,7,17,80,Motorcycle,2,9,Dry,10,1,0,2,8,26,74,Y-Junction,High
9,Monday,3,1,0,Urban Road,Clear,3,63,40,Car,1,4,Under Construction,5,0,0,0,5,36,76,Y-Junction,Medium
17,Wednesday,5,1,0,Highway,Cloudy,8,10,80,Car,2,9,Wet,6,0,0,0,9,30,37,Intersection,Medium
12,Thursday,1,0,0,State Highway,Clear,6,50,60,Auto,2,6,Wet,5,0,0,2,6,28,60,Intersection,High
15,Friday,7,0,0,Residential,Clear,5,29,40,Bus,1,2,Under Construction,10,1,0,2,7,14,64,No Junction,Medium
12,Sunday,1,0,1,National Highway,Rainy,5,59,80,Truck,2,9,Dry,8,0,0,0,6,30,38,No Junction,Medium
9,Friday,4,1,0,Highway,Rainy,3,29,80,Car,1,2,Dry,9,1,1,2,8,32,79,No Junction,High
22,Monday,6,0,0,Urban Road,Clear,3,49,40,Car,2,6,Under Construction,8,0,0,1,7,33,83,No Junction,Medium
18,Sunday,1,1,1,Residential,Heavy Rain,8,15,40,Car,2,0,Dry,8,0,0,2,3,26,36,T-Junction,High
7,Sunday,7,1,1,Residential,Clear,8,29,40,Motorcycle,3,7,Dry,8,1,0,0,7,31,64,Intersection,High
20,Friday,10,1,0,Urban Road,Rainy,10,10,40,Motorcycle,2,12,Dry,10,0,0,0,5,30,82,T-Junction,Medium
14,Wednesday,7,0,0,Residential,Clear,3,61,40,Bicycle,4,0,Dry,4,0,1,1,9,15,99,Intersection,Medium
21,Monday,3,0,0,State Highway,Rainy,4,10,60,Motorcycle,2,8,Dry,6,0,0,2,9,34,81,Intersection,Low
19,Wednesday,4,1,0,Highway,Heavy Rain,8,26,80,Car,1,3,Slippery,4,0,0,1,2,27,44,Intersection,High
12,Monday,6,0,0,Residential,Clear,4,15,40,Truck,2,10,Good,9,0,1,0,9,29,46,T-Junction,Low
2,Friday,11,0,0,Urban Road,Heavy Rain,1,61,40,Motorcycle,5,5,Dry,9,1,0,3,5,24,70,No Junction,High
9,Monday,7,1,0,National Highway,Cloudy,8,42,80,Car,5,10,Slippery,10,0,0,3,7,32,79,No Junction,High
15,Tuesday,4,0,0,Urban Road,Cloudy,4,10,40,Car,2,2,Dry,3,0,0,0,5,30,64,T-Junction,Low
17,Sunday,10,1,1,Highway,Clear,6,10,80,Truck,2,6,Dry,6,0,0,2,9,17,55,Intersection,Medium
8,Thursday,11,1,0,Urban Road,Cloudy,8,10,40,Car,1,4,Wet,3,0,1,1,9,23,81,T-Junction,Medium
7,Friday,9,1,0,National Highway,Cloudy,8,45,80,Bus,2,7,Good,13,0,0,0,5,36,86,Intersection,High
19,Saturday,9,1,1,Residential,Rainy,6,10,40,Auto,2,7,Good,8,0,0,0,7,32,58,T-Junction,Low
23,Thursday,9,0,0,Urban Road,Clear,5,20,40,Car,2,13,Dry,5,0,0,0,9,26,65,No Junction,Low
15,Friday,12,0,0,Residential,Clear,6,10,40,Motorcycle,3,10,Dry,7,1,0,0,7,26,78,Intersection,Medium
7,Thursday,10,1,0,Residential,Cloudy,4,37,40,Car,1,6,Good,7,1,0,0,9,22,57,No Junction,Medium
9,Tuesday,6,1,0,Highway,Clear,6,30,80,Motorcycle,1,12,Dry,13,0,0,2,7,23,83,Roundabout,Medium
1,Thursday,2,0,0,Highway,Clear,3,10,80,Motorcycle,2,7,Slippery,7,0,0,0,8,29,56,Intersection,Medium
21,Monday,2,0,0,Residential,Clear,4,66,40,Car,2,11,Dry,8,0,0,0,9,37,84,No Junction,Low
7,Thursday,11,1,0,Urban Road,Clear,6,32,40,Auto,2,7,Wet,6,0,0,1,9,26,51,Roundabout,Medium
16,Friday,4,0,0,Highway,Rainy,1,25,80,Motorcycle,3,3,Wet,14,0,0,1,6,28,100,Intersection,Medium
9,Saturday,9,1,1,State Highway,Foggy,4,10,60,Car,1,9,Wet,12,0,0,0,3,23,63,Intersection,High
15,Saturday,3,0,1,Urban Road,Clear,6,68,40,Car,5,4,Under Construction,3,0,0,2,7,27,77,No Junction,High
17,Wednesday,6,1,0,Urban Road,Cloudy,6,31,40,Bicycle,2,0,Dry,10,0,0,0,6,30,90,Intersection,Medium
19,Sunday,2,1,1,Highway,Rainy,6,24,80,Bus,2,3,Dry,9,0,0,0,7,39,63,No Junction,Medium
8,Thursday,1,1,0,Residential,Cloudy,10,34,40,Motorcycle,2,2,Wet,5,0,0,0,9,35,71,T-Junction,High
1,Saturday,12,0,1,Residential,Rainy,4,43,40,Auto,3,3,Dry,5,0,0,0,9,35,67,T-Junction,Medium
7,Thursday,5,1,0,Residential,Clear,10,10,40,Motorcycle,1,12,Dry,3,0,0,0,8,25,100,No Junction,Medium
21,Sunday,8,0,1,Urban Road,Cloudy,4,10,40,Truck,2,4,Dry,9,0,1,0,8,22,99,T-Junction,Low
20,Saturday,10,1,1,Residential,Foggy,5,57,40,Bicycle,1,9,Dry,3,0,1,0,1,28,51,No Junction,High
16,Sunday,10,0,1,National Highway,Clear,3,66,80,Truck,1,7,Good,8,0,0,0,9,24,45,T-Junction,Medium
16,Thursday,2,0,0,Urban Road,Rainy,5,31,40,Car,2,7,Wet,4,1,1,1,7,25,76,No Junction,Medium
17,Friday,10,1,0,Urban Road,Rainy,7,21,40,Auto,1,6,Wet,4,0,0,0,6,29,68,Intersection,Medium
7,Thursday,9,1,0,State Highway,Cloudy,9,32,60,Car,5,3,Slippery,8,0,1,0,8,31,97,No Junction,High
21,Sunday,12,0,1,Highway,Clear,8,17,80,Auto,1,9,Slippery,11,0,0,0,5,35,73,Intersection,High
12,Friday,8,0,0,Urban Road,Rainy,6,17,40,Bicycle,5,6,Wet,5,0,0,0,7,31,66,Intersection,Medium
11,Friday,3,0,0,Highway,Clear,5,25,80,Car,2,11,Dry,7,0,0,0,5,28,46,T-Junction,Medium
14,Wednesday,1,0,0,Urban Road,Clear,6,35,40,Car,1,4,Dry,8,0,0,0,6,23,56,T-Junction,Low
4,Saturday,4,0,1,Urban Road,Clear,5,57,40,Bus,1,9,Dry,7,0,0,0,6,35,51,T-Junction,Medium
7,Monday,8,1,0,Highway,Clear,7,10,80,Car,2,11,Under Construction,8,0,0,1,5,32,58,Y-Junction,Medium
18,Friday,3,1,0,State Highway,Clear,6,14,60,Bus,2,0,Slippery,8,0,0,0,6,25,58,Intersection,Medium
6,Sunday,10,0,1,Urban Road,Clear,3,10,40,Motorcycle,3,6,Wet,3,0,0,2,6,33,57,Y-Junction,Medium
16,Saturday,12,0,1,Residential,Foggy,4,80,40,Car,1,5,Dry,11,0,0,1,1,28,65,T-Junction,High
8,Tuesday,2,1,0,Urban Road,Clear,5,23,40,Motorcycle,1,8,Wet,9,0,1,0,7,34,76,Intersection,Medium
11,Thursday,7,0,0,Residential,Clear,4,66,40,Car,4,4,Wet,7,1,0,0,8,26,85,T-Junction,High
9,Sunday,4,1,1,Urban Road,Clear,9,10,40,Car,2,12,Dry,5,0,0,0,9,26,81,Intersection,Medium
11,Tuesday,6,0,0,State Highway,Clear,2,71,60,Motorcycle,2,3,Dry,6,0,0,2,6,18,36,No Junction,High
18,Sunday,5,1,1,State Highway,Heavy Rain,5,48,60,Car,2,2,Under Construction,10,0,0,1,4,25,40,Roundabout,High
9,Thursday,2,1,0,Residential,Clear,6,10,40,Motorcycle,2,1,Wet,4,0,1,0,6,37,58,Intersection,High
16,Wednesday,10,0,0,Urban Road,Clear,7,26,40,Motorcycle,4,3,Dry,5,0,0,0,7,44,42,Intersection,Medium
13,Sunday,2,0,1,State Highway,Clear,4,14,60,Truck,1,3,Dry,7,0,0,0,6,30,73,T-Junction,Low
17,Friday,9,1,0,Urban Road,Cloudy,8,22,40,Motorcycle,2,7,Dry,3,0,0,0,5,25,64,Intersection,Medium
22,Monday,11,0,0,Highway,Clear,7,61,80,Car,1,2,Slippery,5,0,0,0,5,26,67,No Junction,High
18,Friday,10,1,0,Highway,Clear,10,21,80,Bus,1,4,Slippery,7,0,0,1,5,27,90,Roundabout,High
8,Thursday,2,1,0,National Highway,Heavy Rain,3,33,80,Motorcycle,1,9,Wet,3,0,1,0,4,26,58,Roundabout,High
3,Sunday,8,0,1,Urban Road,Rainy,10,46,40,Car,1,8,Good,7,0,0,0,8,32,42,T-Junction,Medium
9,Monday,8,1,0,State Highway,Rainy,9,10,60,Car,2,4,Under Construction,4,0,0,0,5,19,61,Intersection,Medium
16,Friday,1,0,0,Urban Road,Heavy Rain,9,46,40,Truck,4,2,Under Construction,11,0,1,3,3,28,22,No Junction,High
5,Monday,1,0,0,Urban Road,Rainy,4,10,40,Car,2,9,Dry,6,0,0,0,9,38,62,No Junction,Low
14,Thursday,4,0,0,Residential,Clear,5,47,40,Car,2,0,Wet,10,0,0,0,6,34,20,T-Junction,Medium
16,Wednesday,2,0,0,Highway,Clear,3,51,80,Motorcycle,1,13,Wet,9,0,0,1,6,40,65,Intersection,Medium
10,Wednesday,12,1,0,Residential,Rainy,3,16,40,Motorcycle,1,2,Wet,5,0,0,0,6,27,87,Roundabout,Medium
19,Sunday,1,1,1,Residential,Clear,6,10,40,Motorcycle,2,6,Under Construction,9,0,0,2,6,24,75,Intersection,Medium
6,Friday,9,0,0,Urban Road,Rainy,4,10,40,Motorcycle,4,12,Dry,13,0,0,1,9,29,71,T-Junction,Medium
6,Tuesday,3,0,0,Residential,Rainy,4,24,40,Bus,1,0,Under Construction,8,1,0,0,5,23,75,Intersection,Medium
18,Thursday,1,1,0,Highway,Rainy,5,52,80,Car,2,3,Wet,6,0,1,0,7,24,50,T-Junction,High
14,Friday,2,0,0,Urban Road,Clear,5,38,40,Auto,3,4,Dry,9,0,0,0,8,26,24,Intersection,Low
17,Friday,8,1,0,Highway,Foggy,7,13,80,Auto,2,8,Wet,9,0,0,2,1,35,40,T-Junction,High
12,Wednesday,5,0,0,Urban Road,Cloudy,5,12,40,Motorcycle,2,5,Dry,6,0,1,2,9,33,77,Roundabout,Medium
8,Sunday,11,1,1,National Highway,Clear,4,46,80,Car,5,9,Dry,3,1,0,2,9,31,84,No Junction,High
19,Monday,7,1,0,Residential,Clear,5,45,40,Auto,1,1,Under Construction,5,0,0,3,8,28,91,Y-Junction,High
19,Thursday,6,1,0,Residential,Foggy,7,33,40,Car,2,6,Slippery,4,0,0,1,1,38,39,Intersection,High
18,Monday,1,1,0,Residential,Clear,4,10,40,Motorcycle,2,6,Dry,7,1,0,0,8,30,89,Intersection,Medium
9,Saturday,6,1,1,Highway,Rainy,6,23,80,Truck,1,2,Good,11,0,0,0,9,22,39,No Junction,Medium
16,Saturday,11,0,1,Residential,Rainy,1,54,40,Car,2,7,Dry,9,0,0,0,6,29,73,No Junction,Medium
11,Thursday,7,0,0,State Highway,Cloudy,7,32,60,Bus,2,9,Dry,6,0,0,0,9,22,76,T-Junction,Medium
6,Sunday,4,0,1,Highway,Clear,2,10,80,Motorcycle,1,9,Dry,8,0,1,0,7,24,51,T-Junction,Low
21,Tuesday,8,0,0,State Highway,Rainy,8,34,60,Truck,1,4,Dry,7,0,1,0,5,36,81,Intersection,Medium
7,Saturday,8,1,1,Residential,Clear,7,10,40,Car,5,1,Dry,9,0,0,0,5,29,21,T-Junction,High
22,Wednesday,7,0,0,Highway,Clear,3,76,80,Car,1,0,Under Construction,9,0,0,2,9,28,45,No Junction,Medium
13,Tuesday,11,0,0,Urban Road,Clear,5,11,40,Car,1,7,Good,11,0,0,0,6,29,49,T-Junction,Low
8,Friday,2,1,0,Urban Road,Clear,9,42,40,Car,1,7,Under Construction,7,0,1,0,7,27,78,Intersection,High
15,Saturday,6,0,1,Urban Road,Clear,2,40,40,Motorcycle,2,5,Wet,3,0,1,1,7,15,77,T-Junction,Medium
20,Wednesday,6,1,0,State Highway,Clear,6,21,60,Car,3,8,Slippery,4,1,0,0,6,32,69,Y-Junction,High
18,Friday,12,1,0,State Highway,Foggy,7,21,60,Car,1,2,Wet,8,0,0,0,1,32,69,No Junction,High
19,Tuesday,12,1,0,State Highway,Rainy,9,10,60,Bus,2,0,Wet,7,0,0,1,7,29,90,Intersection,Medium
17,Thursday,7,1,0,State Highway,Clear,6,10,60,Car,2,7,Slippery,10,1,0,2,5,23,57,Roundabout,High
18,Friday,6,1,0,National Highway,Foggy,7,12,80,Car,2,11,Good,11,0,0,1,2,38,56,No Junction,High
20,Monday,2,1,0,National Highway,Rainy,9,10,80,Car,1,0,Dry,8,0,1,3,7,25,61,Intersection,High
8,Thursday,8,1,0,Highway,Cloudy,5,10,80,Motorcycle,4,3,Dry,4,0,0,0,8,23,45,T-Junction,Medium
14,Thursday,4,0,0,Urban Road,Rainy,2,28,40,Motorcycle,2,10,Dry,9,0,0,3,7,28,77,Intersection,Medium
8,Tuesday,9,1,0,Highway,Rainy,9,12,80,Car,1,18,Wet,8,0,1,0,9,32,40,Intersection,Medium
23,Tuesday,8,0,0,Urban Road,Clear,6,10,40,Car,3,2,Wet,9,0,0,0,8,30,61,No Junction,Low
22,Wednesday,3,0,0,National Highway,Clear,2,41,80,Bicycle,3,2,Wet,5,0,0,0,6,31,83,Intersection,Medium
3,Wednesday,3,0,0,Highway,Clear,8,23,80,Car,2,10,Dry,16,0,0,0,7,35,59,Intersection,Medium
18,Monday,8,1,0,Residential,Clear,8,10,40,Truck,3,0,Wet,3,0,0,0,7,29,44,Intersection,Medium
21,Thursday,2,0,0,Residential,Clear,5,20,40,Auto,2,5,Wet,8,1,0,1,8,36,71,T-Junction,Medium
8,Sunday,9,1,1,Highway,Cloudy,5,21,80,Motorcycle,1,11,Wet,10,0,1,0,7,31,79,No Junction,Medium
16,Monday,4,0,0,Urban Road,Cloudy,3,37,40,Motorcycle,5,4,Under Construction,10,0,0,1,9,27,74,T-Junction,Medium
21,Monday,6,0,0,Urban Road,Foggy,5,10,40,Auto,3,11,Dry,8,0,0,1,3,25,75,Y-Junction,Medium
3,Sunday,3,0,1,Highway,Clear,6,34,80,Car,2,6,Dry,9,0,0,0,7,36,50,Y-Junction,Medium
18,Sunday,3,1,1,Residential,Clear,4,51,40,Car,3,8,Dry,10,1,0,0,5,31,100,T-Junction,High
9,Sunday,3,1,1,Urban Road,Rainy,5,10,40,Truck,4,1,Dry,8,0,1,3,6,26,85,No Junction,High
21,Tuesday,11,0,0,Urban Road,Foggy,6,42,40,Motorcycle,2,4,Dry,8,0,0,1,1,25,51,Intersection,High
23,Monday,10,0,0,Highway,Clear,7,10,80,Bicycle,2,7,Dry,9,0,0,0,7,21,69,Intersection,Medium
22,Monday,12,0,0,Urban Road,Clear,3,39,40,Car,1,9,Slippery,8,0,0,1,6,38,69,Intersection,Medium
13,Friday,12,0,0,Highway,Clear,5,19,80,Auto,2,5,Dry,12,0,1,1,7,30,68,No Junction,Medium
20,Sunday,2,1,1,State Highway,Clear,5,10,60,Bicycle,2,1,Under Construction,10,0,0,1,5,36,73,No Junction,Low
20,Sunday,8,1,1,Urban Road,Rainy,6,15,40,Car,1,7,Dry,7,0,1,2,8,40,65,T-Junction,High
10,Wednesday,9,1,0,State Highway,Clear,7,21,60,Car,2,0,Dry,5,0,1,0,7,39,76,No Junction,Medium
19,Wednesday,8,1,0,Residential,Clear,7,20,40,Bicycle,2,6,Dry,10,1,1,0,8,25,82,Intersection,High
3,Thursday,10,0,0,State Highway,Rainy,7,11,60,Auto,2,6,Good,8,0,0,0,5,45,73,T-Junction,Low
16,Wednesday,3,0,0,Urban Road,Rainy,5,18,40,Car,5,7,Wet,6,0,0,0,5,32,52,Intersection,Medium
8,Saturday,7,1,1,Urban Road,Cloudy,2,46,40,Car,2,5,Wet,6,0,0,0,8,21,88,No Junction,Medium
7,Thursday,11,1,0,Urban Road,Clear,5,10,40,Motorcycle,2,10,Dry,9,0,0,0,7,29,63,Roundabout,Low
6,Sunday,10,0,1,Highway,Clear,9,26,80,Car,2,9,Slippery,6,0,1,1,8,28,69,Roundabout,High
18,Friday,2,1,0,National Highway,Cloudy,5,10,80,Motorcycle,3,10,Slippery,12,0,0,2,7,30,56,T-Junction,High
10,Wednesday,4,1,0,Urban Road,Foggy,8,10,40,Car,2,12,Dry,5,0,0,2,2,29,90,T-Junction,High
18,Friday,12,1,0,National Highway,Rainy,9,10,80,Car,4,6,Slippery,6,0,0,0,8,31,53,Roundabout,High
5,Wednesday,6,0,0,State Highway,Foggy,8,29,60,Car,2,7,Dry,5,0,0,0,4,23,62,Intersection,Medium
10,Wednesday,11,1,0,Highway,Clear,7,11,80,Motorcycle,4,16,Dry,4,0,1,0,9,29,100,No Junction,Medium
15,Friday,5,0,0,Residential,Cloudy,6,19,40,Bus,2,2,Slippery,5,0,0,0,6,25,29,Intersection,Medium
19,Monday,9,1,0,Urban Road,Rainy,6,44,40,Motorcycle,3,4,Good,6,0,0,0,9,29,47,Y-Junction,Medium
10,Monday,10,1,0,Urban Road,Rainy,5,10,40,Car,1,9,Wet,6,0,0,1,5,27,86,Intersection,Medium
17,Monday,4,1,0,Urban Road,Rainy,6,37,40,Truck,2,8,Dry,3,0,0,2,6,25,67,Intersection,High
20,Saturday,5,1,1,National Highway,Rainy,4,31,80,Bus,2,4,Dry,4,0,1,1,8,32,76,No Junction,Medium
17,Monday,4,1,0,Urban Road,Rainy,9,41,40,Motorcycle,2,9,Good,8,0,1,0,9,31,38,T-Junction,High
8,Wednesday,8,1,0,Residential,Clear,10,40,40,Bus,3,6,Dry,5,0,1,0,7,30,61,Intersection,High
2,Sunday,8,0,1,Urban Road,Rainy,4,23,40,Motorcycle,2,10,Slippery,11,1,0,3,5,25,62,Roundabout,High
20,Tuesday,3,1,0,Urban Road,Foggy,5,38,40,Auto,3,7,Wet,7,0,0,0,3,31,65,T-Junction,High
2,Friday,1,0,0,Urban Road,Clear,3,87,40,Motorcycle,1,3,Wet,9,0,0,2,5,27,66,Y-Junction,High
20,Sunday,6,1,1,Urban Road,Cloudy,8,25,40,Truck,2,4,Dry,6,0,0,0,9,25,22,T-Junction,Medium
15,Tuesday,2,0,0,Urban Road,Heavy Rain,3,33,40,Car,5,13,Dry,10,0,0,2,3,34,62,Y-Junction,High
22,Sunday,2,0,1,Urban Road,Clear,1,13,40,Motorcycle,3,2,Wet,3,0,1,0,9,32,94,Roundabout,Low
19,Saturday,3,1,1,Residential,Rainy,7,10,40,Car,2,5,Good,8,1,0,0,7,10,59,Intersection,High
23,Tuesday,8,0,0,Urban Road,Clear,6,10,40,Car,3,8,Dry,12,0,1,2,6,15,46,Intersection,High
11,Thursday,3,0,0,National Highway,Clear,2,91,80,Truck,1,0,Wet,3,0,0,2,8,37,53,Intersection,High
18,Monday,7,1,0,Highway,Rainy,6,21,80,Truck,1,8,Slippery,10,0,0,0,5,20,88,No Junction,Medium
12,Saturday,10,0,1,Urban Road,Clear,5,38,40,Motorcycle,4,0,Wet,9,1,0,0,7,20,20,No Junction,High
13,Sunday,10,0,1,Highway,Clear,5,21,80,Truck,2,1,Wet,3,0,0,1,9,27,77,Roundabout,Medium
17,Wednesday,9,1,0,Highway,Foggy,6,31,80,Bus,5,7,Slippery,9,0,0,0,4,29,72,Y-Junction,High
20,Monday,8,1,0,National Highway,Rainy,5,21,80,Bus,1,7,Under Construction,9,0,1,1,5,25,48,Roundabout,Medium
23,Monday,1,0,0,State Highway,Rainy,3,17,60,Auto,3,7,Dry,7,0,1,1,5,10,100,No Junction,Medium
18,Tuesday,7,1,0,Residential,Clear,7,10,40,Auto,1,5,Under Construction,11,0,1,0,5,28,83,T-Junction,Medium
12,Thursday,7,0,0,State Highway,Foggy,6,10,60,Motorcycle,1,7,Wet,11,0,1,1,4,38,68,Roundabout,Medium
12,Monday,8,0,0,State Highway,Clear,6,20,60,Motorcycle,1,8,Slippery,10,1,0,1,8,19,88,Roundabout,High
18,Sunday,10,1,1,Residential,Cloudy,3,21,40,Car,1,6,Dry,12,0,0,1,7,37,77,Y-Junction,Medium
8,Sunday,5,1,1,State Highway,Rainy,7,29,60,Auto,1,3,Wet,5,0,0,0,5,26,72,T-Junction,High
7,Friday,10,1,0,Urban Road,Rainy,4,55,40,Car,1,4,Dry,6,0,0,0,7,38,68,T-Junction,Medium
11,Friday,9,0,0,Residential,Cloudy,8,10,40,Bus,4,2,Dry,6,0,0,3,9,31,54,T-Junction,High
9,Monday,9,1,0,State Highway,Rainy,10,10,60,Car,4,3,Dry,6,1,0,2,8,24,85,Intersection,High
9,Tuesday,8,1,0,Highway,Clear,6,58,80,Car,1,6,Under Construction,6,0,0,0,8,31,62,T-Junction,Medium
8,Tuesday,6,1,0,State Highway,Clear,5,52,60,Car,2,6,Slippery,7,0,0,1,7,35,88,T-Junction,High
4,Wednesday,6,0,0,Highway,Rainy,6,10,80,Bus,2,7,Slippery,6,1,0,0,9,19,87,T-Junction,Medium
1,Saturday,1,0,1,State Highway,Clear,2,75,60,Motorcycle,2,0,Wet,4,0,0,0,9,28,84,Intersection,Medium
23,Saturday,6,0,1,Urban Road,Clear,1,29,40,Bicycle,1,12,Under Construction,10,0,0,0,6,34,56,No Junction,Low
12,Saturday,4,0,1,Urban Road,Clear,1,38,40,Bus,4,5,Under Construction,5,0,0,0,5,25,48,No Junction,Low
11,Thursday,4,0,0,Highway,Rainy,7,40,80,Motorcycle,2,0,Dry,12,0,0,1,9,20,64,No Junction,Medium
17,Tuesday,2,1,0,State Highway,Rainy,8,10,60,Bus,2,0,Dry,10,0,1,0,5,40,65,Y-Junction,Medium
8,Wednesday,11,1,0,Highway,Rainy,5,10,80,Bus,1,7,Wet,4,1,0,0,5,17,57,No Junction,High
22,Friday,4,0,0,Residential,Clear,5,20,40,Auto,2,9,Dry,7,0,0,1,7,26,85,Intersection,Medium
19,Sunday,5,1,1,Residential,Rainy,5,47,40,Car,2,2,Good,3,0,0,1,5,27,83,Roundabout,Medium
6,Saturday,12,0,1,Urban Road,Clear,3,25,40,Bus,2,9,Dry,11,1,0,2,7,40,80,Roundabout,Medium
12,Friday,5,0,0,National Highway,Foggy,4,29,80,Car,4,15,Wet,8,0,0,1,4,14,93,Intersection,High
20,Friday,5,1,0,Highway,Rainy,8,14,80,Auto,1,1,Slippery,7,0,0,1,9,27,69,T-Junction,Medium
22,Monday,4,0,0,Residential,Clear,4,10,40,Car,1,0,Dry,8,0,0,2,7,24,43,T-Junction,Medium
13,Thursday,1,0,0,Urban Road,Clear,3,43,40,Car,2,2,Dry,7,0,0,0,6,24,92,No Junction,Low
17,Wednesday,10,1,0,Urban Road,Rainy,5,45,40,Motorcycle,2,4,Dry,6,0,0,0,7,37,74,Roundabout,Medium
7,Thursday,8,1,0,Highway,Clear,4,25,80,Auto,2,8,Wet,7,0,0,1,5,22,87,Y-Junction,Medium
23,Monday,3,0,0,Residential,Clear,5,23,40,Car,4,5,Dry,11,1,1,0,6,20,74,Y-Junction,High
8,Wednesday,2,1,0,National Highway,Cloudy,4,10,80,Car,1,13,Slippery,6,0,0,0,5,20,53,Intersection,Medium
22,Wednesday,9,0,0,Highway,Clear,7,18,80,Bus,1,7,Wet,12,1,0,3,6,28,41,Y-Junction,High
17,Tuesday,7,1,0,Highway,Foggy,7,12,80,Bus,4,3,Wet,6,0,0,2,3,27,84,Y-Junction,High
16,Thursday,9,0,0,National Highway,Rainy,1,18,80,Motorcycle,2,4,Dry,8,0,0,2,5,26,57,Intersection,Medium
14,Thursday,2,0,0,Highway,Cloudy,3,18,80,Motorcycle,2,10,Dry,13,0,1,2,7,24,86,T-Junction,Medium
8,Tuesday,9,1,0,Urban Road,Clear,4,10,40,Car,2,6,Slippery,9,0,1,0,9,36,25,T-Junction,Medium
7,Friday,10,1,0,Urban Road,Clear,2,10,40,Motorcycle,2,12,Dry,9,0,0,1,6,16,78,Y-Junction,Medium
8,Monday,9,1,0,Urban Road,Rainy,8,16,40,Car,1,3,Slippery,9,0,0,0,8,35,76,Intersection,Medium
8,Thursday,11,1,0,Residential,Clear,8,25,40,Car,4,9,Dry,10,0,0,2,8,19,97,Intersection,High
19,Tuesday,9,1,0,National Highway,Foggy,9,10,80,Car,3,7,Wet,5,1,1,0,1,34,57,No Junction,High
11,Sunday,10,0,1,Urban Road,Rainy,4,28,40,Car,2,3,Wet,9,0,1,3,6,32,64,No Junction,Medium
5,Wednesday,10,0,0,Residential,Clear,7,43,40,Car,1,6,Wet,8,0,1,0,6,31,96,T-Junction,High
22,Saturday,4,0,1,Residential,Rainy,5,30,40,Auto,1,4,Good,3,1,0,0,7,27,92,No Junction,Medium
20,Sunday,10,1,1,Urban Road,Cloudy,8,30,40,Auto,1,6,Dry,8,0,0,2,8,25,54,Y-Junction,Medium
21,Tuesday,3,0,0,Highway,Clear,6,10,80,Car,2,2,Under Construction,5,0,0,2,9,29,44,No Junction,Medium
23,Saturday,6,0,1,Residential,Clear,5,35,40,Auto,1,7,Dry,8,0,0,1,8,34,67,Roundabout,Low
7,Friday,3,1,0,Urban Road,Foggy,8,33,40,Auto,2,0,Dry,10,1,0,0,3,26,85,No Junction,High
12,Monday,11,0,0,Urban Road,Cloudy,4,89,40,Car,1,5,Dry,5,0,0,0,8,24,79,No Junction,Medium
18,Saturday,9,1,1,National Highway,Rainy,2,61,80,Truck,1,4,Wet,7,0,0,0,5,27,62,No Junction,High
18,Friday,3,1,0,State Highway,Cloudy,8,10,60,Car,2,8,Wet,6,0,0,3,5,26,100,Y-Junction,High
7,Saturday,2,1,1,National Highway,Heavy Rain,5,10,80,Truck,1,8,Wet,11,0,0,0,2,27,59,Intersection,High
19,Wednesday,8,1,0,Urban Road,Rainy,4,21,40,Car,1,7,Slippery,6,1,0,2,9,37,73,Intersection,Medium
8,Wednesday,6,1,0,State Highway,Cloudy,6,43,60,Auto,1,6,Under Construction,8,0,0,0,8,23,42,Y-Junction,Low
8,Wednesday,8,1,0,Residential,Clear,6,10,40,Bus,3,1,Slippery,9,1,0,1,7,35,51,Y-Junction,High
15,Wednesday,7,0,0,National Highway,Foggy,6,27,80,Car,5,11,Dry,10,1,0,0,1,33,65,T-Junction,High
16,Tuesday,3,0,0,National Highway,Cloudy,6,15,80,Motorcycle,3,1,Dry,5,0,1,3,9,19,76,T-Junction,High
16,Wednesday,8,0,0,National Highway,Rainy,5,33,80,Car,2,11,Dry,7,0,0,0,5,23,22,T-Junction,Medium
6,Sunday,10,0,1,National Highway,Rainy,3,45,80,Car,3,12,Dry,12,0,0,0,5,27,49,No Junction,Medium
20,Wednesday,1,1,0,Highway,Heavy Rain,2,49,80,Car,1,10,Dry,7,0,0,1,4,27,21,No Junction,High
9,Sunday,1,1,1,Residential,Clear,5,10,40,Car,2,7,Dry,11,0,0,0,8,24,32,T-Junction,Medium
7,Tuesday,10,1,0,Urban Road,Clear,7,34,40,Auto,2,5,Good,14,1,0,0,7,34,96,No Junction,Medium
20,Wednesday,8,1,0,Residential,Foggy,10,13,40,Auto,1,6,Slippery,7,0,0,3,2,29,51,Intersection,High
22,Friday,9,0,0,National Highway,Clear,2,21,80,Motorcycle,5,2,Under Construction,10,1,0,2,8,28,100,Intersection,High
20,Friday,10,1,0,Highway,Rainy,2,38,80,Car,2,5,Good,10,0,0,0,6,35,39,No Junction,Low
19,Thursday,6,1,0,Residential,Clear,8,16,40,Car,5,9,Slippery,3,0,1,3,8,23,81,Intersection,High
17,Friday,5,1,0,Residential,Rainy,7,35,40,Truck,1,0,Dry,9,0,0,0,7,24,70,Intersection,Medium
15,Monday,2,0,0,Urban Road,Rainy,3,25,40,Car,5,12,Slippery,12,0,0,0,6,25,66,T-Junction,Medium
6,Monday,11,0,0,Urban Road,Clear,6,16,40,Bus,2,16,Dry,3,0,0,0,7,19,37,Intersection,Low
12,Monday,9,0,0,Highway,Clear,2,16,80,Motorcycle,2,7,Dry,7,0,0,2,7,27,57,No Junction,Medium
11,Tuesday,6,0,0,Highway,Clear,9,10,80,Car,3,9,Dry,8,0,0,2,7,31,65,No Junction,Medium
8,Friday,8,1,0,Residential,Foggy,8,10,40,Car,2,7,Dry,7,1,0,0,2,20,58,T-Junction,High
18,Sunday,9,1,1,Urban Road,Clear,7,14,40,Bus,3,3,Slippery,7,0,0,1,8,21,73,T-Junction,High
14,Monday,9,0,0,Highway,Clear,5,10,80,Bus,2,6,Under Construction,4,0,0,0,9,28,55,No Junction,Medium
6,Thursday,8,0,0,National Highway,Clear,5,46,80,Motorcycle,2,7,Dry,9,0,1,0,5,30,55,T-Junction,High
8,Tuesday,12,1,0,Residential,Rainy,6,34,40,Bicycle,2,6,Dry,5,0,0,3,8,26,64,Y-Junction,Medium
17,Thursday,10,1,0,Urban Road,Rainy,7,10,40,Car,3,15,Dry,5,0,1,2,5,25,84,Intersection,High
6,Friday,8,0,0,Urban Road,Foggy,5,23,40,Car,1,13,Wet,3,0,1,2,4,36,100,Intersection,High
20,Wednesday,3,1,0,Residential,Clear,9,23,40,Motorcycle,2,7,Dry,3,0,1,2,6,24,50,Intersection,High
14,Thursday,3,0,0,Urban Road,Foggy,4,44,40,Motorcycle,1,0,Good,12,0,0,2,2,37,20,Intersection,Medium
14,Wednesday,2,0,0,Residential,Cloudy,5,18,40,Motorcycle,4,5,Dry,8,0,0,0,6,24,81,No Junction,Medium
16,Tuesday,1,0,0,Residential,Clear,2,68,40,Motorcycle,5,7,Good,10,0,1,1,6,31,91,Y-Junction,High
19,Thursday,4,1,0,Highway,Clear,8,10,80,Auto,4,8,Dry,5,0,0,0,8,24,40,Intersection,Medium
10,Thursday,2,1,0,National Highway,Clear,7,10,80,Motorcycle,2,2,Wet,3,0,0,0,7,25,91,No Junction,Medium
17,Saturday,2,1,1,Urban Road,Clear,6,41,40,Bicycle,3,13,Dry,6,0,0,0,7,24,77,Roundabout,Medium
16,Tuesday,11,0,0,Urban Road,Rainy,6,34,40,Auto,4,0,Wet,3,0,1,0,7,32,41,Roundabout,High
9,Tuesday,11,1,0,National Highway,Clear,7,10,80,Truck,4,4,Dry,5,1,1,0,7,37,20,No Junction,High
20,Monday,5,1,0,Urban Road,Rainy,6,61,40,Truck,2,7,Under Construction,11,0,0,1,9,28,51,No Junction,High
19,Friday,4,1,0,Residential,Clear,9,10,40,Truck,1,0,Dry,7,0,1,0,6,21,86,No Junction,Medium
17,Thursday,1,1,0,Residential,Rainy,7,10,40,Auto,4,0,Wet,12,0,1,0,5,31,54,Intersection,High
20,Thursday,9,1,0,Highway,Clear,6,10,80,Bus,3,4,Dry,9,0,0,0,9,36,66,No Junction,Medium
20,Sunday,4,1,1,National Highway,Foggy,7,49,80,Truck,2,6,Dry,11,1,0,0,4,33,31,T-Junction,High
18,Tuesday,5,1,0,Urban Road,Rainy,8,10,40,Bus,2,5,Dry,7,1,0,0,9,19,81,No Junction,Medium
19,Tuesday,7,1,0,Urban Road,Rainy,6,45,40,Motorcycle,5,0,Good,3,0,1,2,9,24,58,Intersection,High
18,Friday,2,1,0,National Highway,Rainy,9,10,80,Motorcycle,2,3,Dry,4,0,0,0,8,23,84,Y-Junction,Medium
17,Tuesday,8,1,0,Urban Road,Cloudy,9,52,40,Auto,1,6,Dry,11,0,0,2,5,28,42,Roundabout,High
17,Wednesday,11,1,0,Residential,Rainy,2,45,40,Car,1,14,Dry,8,0,0,0,6,31,30,No Junction,Medium
18,Wednesday,2,1,0,State Highway,Clear,4,28,60,Bus,1,2,Slippery,3,0,1,0,9,34,82,Roundabout,Medium
7,Saturday,11,1,1,Urban Road,Rainy,3,10,40,Truck,2,5,Dry,9,0,1,1,8,30,80,Intersection,Medium
20,Wednesday,10,1,0,Highway,Rainy,3,18,80,Car,1,1,Under Construction,3,0,0,0,8,37,52,Intersection,Medium
20,Wednesday,5,1,0,Highway,Clear,9,32,80,Motorcycle,3,4,Wet,9,0,1,2,5,39,100,Intersection,High
2,Friday,12,0,0,State Highway,Rainy,3,80,60,Truck,2,6,Wet,7,0,0,1,9,36,69,No Junction,Medium
19,Thursday,2,1,0,Urban Road,Clear,8,10,40,Truck,2,0,Dry,10,0,1,0,8,23,62,No Junction,Medium
7,Wednesday,2,1,0,Urban Road,Foggy,7,10,40,Truck,3,11,Wet,7,0,1,2,2,32,74,No Junction,High
10,Saturday,4,1,1,Urban Road,Rainy,6,10,40,Car,1,0,Dry,10,0,0,0,5,31,74,Y-Junction,Low
18,Tuesday,4,1,0,Urban Road,Rainy,5,26,40,Bus,2,3,Dry,3,0,0,2,8,39,87,Roundabout,Medium
7,Wednesday,8,1,0,Residential,Foggy,5,38,40,Car,2,6,Dry,9,0,0,1,2,45,52,Intersection,High
19,Saturday,6,1,1,National Highway,Clear,4,18,80,Bicycle,1,2,Slippery,6,1,0,1,9,25,67,Intersection,High
19,Friday,10,1,0,Urban Road,Clear,8,11,40,Car,1,10,Dry,9,0,0,1,9,29,62,Intersection,Low
14,Sunday,8,0,1,Urban Road,Clear,4,53,40,Motorcycle,2,4,Dry,7,0,1,0,6,28,68,No Junction,Medium
0,Sunday,7,0,1,State Highway,Heavy Rain,1,56,60,Bus,2,8,Wet,5,0,0,3,3,35,97,No Junction,High
9,Sunday,10,1,1,Urban Road,Clear,8,10,40,Car,1,12,Dry,7,0,1,1,7,27,61,Y-Junction,Medium
17,Tuesday,4,1,0,National Highway,Clear,6,10,80,Truck,4,5,Wet,11,0,0,1,7,32,61,Y-Junction,High
23,Saturday,2,0,1,Urban Road,Rainy,4,54,40,Car,1,0,Wet,6,0,0,2,6,28,65,Roundabout,Medium
17,Wednesday,9,1,0,Urban Road,Clear,8,19,40,Car,2,4,Dry,8,1,0,0,8,19,62,Intersection,High
8,Thursday,2,1,0,National Highway,Rainy,4,39,80,Car,2,7,Dry,5,0,1,2,5,28,61,No Junction,High
17,Tuesday,1,1,0,Urban Road,Cloudy,4,10,40,Car,3,4,Dry,3,0,1,1,7,29,72,No Junction,Medium
15,Tuesday,8,0,0,Urban Road,Clear,3,59,40,Motorcycle,3,4,Wet,8,0,1,0,9,30,66,T-Junction,Medium
19,Sunday,10,1,1,Highway,Rainy,8,10,80,Bicycle,1,6,Good,19,0,0,0,7,34,69,Intersection,Medium
6,Thursday,9,0,0,National Highway,Clear,5,44,80,Motorcycle,3,10,Dry,3,0,0,2,8,26,77,Intersection,High
18,Sunday,1,1,1,State Highway,Foggy,8,14,60,Motorcycle,1,10,Slippery,10,1,1,2,2,22,82,Roundabout,High
15,Tuesday,7,0,0,Urban Road,Cloudy,1,66,40,Motorcycle,2,5,Wet,3,0,0,1,6,37,84,No Junction,Medium
22,Wednesday,2,0,0,State Highway,Clear,4,46,60,Car,2,8,Slippery,7,1,1,0,9,25,84,T-Junction,High
10,Sunday,6,1,1,Urban Road,Clear,3,22,40,Truck,2,5,Slippery,3,0,0,0,6,29,76,Y-Junction,Medium
17,Sunday,11,1,1,Urban Road,Cloudy,8,10,40,Car,1,6,Dry,9,0,0,0,5,28,41,No Junction,Medium
22,Sunday,5,0,1,Residential,Cloudy,3,41,40,Truck,2,12,Dry,6,1,0,0,5,19,51,Intersection,Medium
6,Tuesday,1,0,0,Residential,Clear,2,33,40,Bus,2,1,Under Construction,6,0,0,1,5,37,56,Intersection,Medium
22,Wednesday,2,0,0,Urban Road,Rainy,4,72,40,Car,2,8,Wet,4,0,0,1,5,30,62,Intersection,High
17,Thursday,2,1,0,Highway,Cloudy,3,10,80,Bus,1,4,Dry,3,0,0,0,8,32,51,Y-Junction,Low
5,Monday,10,0,0,Highway,Rainy,5,36,80,Auto,2,8,Dry,7,0,0,0,8,36,48,T-Junction,Medium
9,Thursday,10,1,0,State Highway,Cloudy,4,10,60,Motorcycle,2,10,Dry,5,1,1,1,8,27,37,Intersection,High
18,Wednesday,6,1,0,State Highway,Clear,4,55,60,Motorcycle,1,11,Under Construction,6,0,0,0,6,32,58,No Junction,Low
5,Friday,11,0,0,Residential,Clear,4,55,40,Motorcycle,2,7,Wet,6,1,0,1,6,29,66,T-Junction,High
16,Sunday,12,0,1,State Highway,Clear,1,11,60,Bus,3,6,Wet,5,0,0,0,7,33,59,T-Junction,Medium
10,Thursday,1,1,0,Residential,Clear,6,24,40,Motorcycle,1,4,Dry,8,0,0,3,9,26,58,No Junction,Low
17,Friday,11,1,0,State Highway,Foggy,5,27,60,Motorcycle,1,0,Dry,7,0,0,3,3,38,69,Y-Junction,High
4,Friday,4,0,0,Highway,Clear,7,20,80,Motorcycle,1,8,Dry,10,0,1,0,7,21,76,Intersection,Medium
20,Wednesday,12,1,0,Urban Road,Clear,8,18,40,Car,2,7,Wet,15,0,0,2,5,36,69,No Junction,Medium
23,Wednesday,10,0,0,Urban Road,Cloudy,3,52,40,Car,2,2,Dry,8,0,0,0,5,37,72,No Junction,Medium
22,Sunday,11,0,1,Urban Road,Foggy,2,51,40,Motorcycle,1,9,Dry,11,0,1,0,4,30,79,No Junction,Medium
18,Monday,5,1,0,Residential,Rainy,7,10,40,Motorcycle,5,6,Dry,8,0,1,2,8,28,54,Roundabout,High
7,Saturday,2,1,1,National Highway,Clear,5,10,80,Car,2,9,Slippery,9,0,0,0,7,36,87,Intersection,High
18,Tuesday,2,1,0,Urban Road,Clear,9,10,40,Truck,1,4,Dry,7,0,0,1,9,34,54,T-Junction,Low
2,Thursday,7,0,0,National Highway,Rainy,5,27,80,Motorcycle,3,2,Wet,7,0,0,0,7,23,58,No Junction,Medium
2,Wednesday,7,0,0,Urban Road,Rainy,5,18,40,Truck,2,3,Under Construction,5,1,0,1,8,32,20,No Junction,Medium
10,Thursday,6,1,0,Urban Road,Clear,8,16,40,Motorcycle,2,12,Dry,12,0,0,1,8,27,54,T-Junction,Medium
14,Saturday,1,0,1,Residential,Clear,7,14,40,Motorcycle,1,0,Dry,10,1,0,3,6,31,38,Roundabout,Medium
19,Saturday,12,1,1,Urban Road,Clear,6,14,40,Car,2,4,Under Construction,8,0,1,0,8,32,88,No Junction,Medium
17,Sunday,12,1,1,Urban Road,Clear,7,16,40,Car,1,6,Slippery,4,0,0,0,8,23,82,No Junction,Medium
13,Friday,3,0,0,Residential,Clear,4,10,40,Car,2,7,Slippery,7,0,0,3,9,20,52,No Junction,Medium
9,Sunday,9,1,1,National Highway,Rainy,4,43,80,Auto,2,7,Dry,10,0,0,1,8,25,56,Roundabout,Medium
23,Tuesday,10,0,0,Residential,Clear,6,27,40,Motorcycle,1,9,Good,15,0,0,0,5,36,35,T-Junction,Low
12,Monday,1,0,0,Urban Road,Clear,3,12,40,Bicycle,2,6,Dry,8,0,0,1,8,29,48,Intersection,Low
13,Thursday,2,0,0,Highway,Clear,2,36,80,Bus,2,0,Good,11,0,0,0,5,36,75,Intersection,Medium
7,Tuesday,8,1,0,National Highway,Rainy,6,10,80,Car,2,10,Good,8,0,0,0,9,39,89,Intersection,Low
19,Monday,7,1,0,Urban Road,Rainy,8,25,40,Auto,3,7,Wet,11,0,1,3,6,29,62,No Junction,High
18,Thursday,9,1,0,National Highway,Cloudy,6,29,80,Bus,2,5,Wet,3,0,0,0,5,31,66,No Junction,High
8,Tuesday,10,1,0,Urban Road,Clear,9,10,40,Bicycle,4,14,Slippery,5,1,0,1,6,33,66,T-Junction,High
6,Wednesday,12,0,0,Residential,Clear,6,28,40,Auto,2,1,Dry,8,0,0,0,6,16,54,No Junction,Medium
17,Thursday,12,1,0,Residential,Cloudy,10,31,40,Motorcycle,4,7,Wet,4,0,0,2,5,24,70,T-Junction,High
17,Tuesday,4,1,0,Urban Road,Clear,6,37,40,Motorcycle,5,6,Good,9,0,0,0,7,28,58,No Junction,High
9,Saturday,4,1,1,Residential,Clear,7,10,40,Motorcycle,1,0,Dry,8,0,1,0,8,35,77,No Junction,Medium
22,Monday,7,0,0,Urban Road,Clear,8,11,40,Auto,2,1,Good,3,0,0,0,9,19,63,No Junction,Low
7,Tuesday,1,1,0,Residential,Clear,4,40,40,Car,2,6,Slippery,3,0,1,2,6,33,35,Intersection,High
12,Wednesday,10,0,0,State Highway,Rainy,7,48,60,Motorcycle,4,6,Slippery,8,0,0,0,7,25,74,T-Junction,High
22,Sunday,12,0,1,Highway,Clear,1,90,80,Motorcycle,2,7,Dry,4,0,0,0,6,31,67,No Junction,Medium
12,Thursday,9,0,0,Residential,Clear,7,42,40,Car,2,5,Dry,6,0,0,2,7,26,55,No Junction,Medium
17,Thursday,2,1,0,Highway,Rainy,7,10,80,Car,1,4,Good,9,0,1,0,9,27,64,Intersection,Medium
12,Thursday,1,0,0,Highway,Rainy,4,31,80,Motorcycle,3,9,Dry,7,1,0,2,7,25,46,Intersection,High
9,Wednesday,7,1,0,Residential,Clear,4,43,40,Motorcycle,1,0,Wet,6,0,0,0,9,26,43,No Junction,Low
23,Monday,6,0,0,Highway,Clear,2,10,80,Car,4,10,Slippery,3,0,0,3,8,35,57,Intersection,High
12,Thursday,12,0,0,Residential,Foggy,4,43,40,Car,2,2,Dry,12,0,0,1,4,22,70,T-Junction,High
21,Monday,3,0,0,Urban Road,Foggy,4,24,40,Bus,2,3,Slippery,10,0,1,3,1,20,73,Intersection,High
8,Tuesday,1,1,0,Urban Road,Clear,5,34,40,Motorcycle,3,6,Dry,6,0,0,0,8,21,41,Intersection,Medium
8,Saturday,12,1,1,Highway,Heavy Rain,5,40,80,Car,3,5,Wet,5,0,0,1,2,25,64,Intersection,High
3,Saturday,5,0,1,Urban Road,Clear,5,13,40,Car,1,3,Dry,6,0,1,0,6,27,42,Intersection,Medium
17,Monday,10,1,0,State Highway,Rainy,10,43,60,Bus,2,11,Wet,5,1,1,0,8,29,66,No Junction,High
11,Monday,4,0,0,Residential,Rainy,4,10,40,Motorcycle,1,11,Under Construction,7,0,0,0,8,27,61,T-Junction,Low
20,Saturday,5,1,1,National Highway,Clear,6,32,80,Motorcycle,2,16,Dry,11,0,0,1,9,24,68,No Junction,Medium
13,Thursday,1,0,0,Highway,Rainy,2,68,80,Motorcycle,2,7,Wet,11,0,1,2,7,40,50,Y-Junction,High
22,Friday,1,0,0,State Highway,Rainy,4,42,60,Car,2,4,Wet,11,0,0,0,9,32,90,No Junction,Low
8,Friday,5,1,0,Residential,Foggy,5,10,40,Truck,1,6,Dry,4,0,0,0,1,24,100,T-Junction,Medium
20,Wednesday,6,1,0,Urban Road,Rainy,8,11,40,Car,2,13,Wet,4,0,0,0,5,28,59,No Junction,Medium
19,Sunday,5,1,1,Residential,Clear,4,10,40,Auto,5,6,Under Construction,10,1,0,0,9,35,50,No Junction,Medium
19,Saturday,2,1,1,Residential,Clear,6,10,40,Motorcycle,2,3,Good,9,0,1,0,9,25,42,Roundabout,Medium
20,Saturday,9,1,1,Urban Road,Clear,4,24,40,Auto,4,4,Dry,6,0,0,0,7,27,39,T-Junction,High
18,Wednesday,5,1,0,Residential,Rainy,10,12,40,Motorcycle,4,5,Slippery,10,0,0,0,8,26,84,T-Junction,High
17,Friday,11,1,0,Urban Road,Rainy,8,12,40,Bicycle,2,4,Wet,9,0,0,0,5,35,54,No Junction,Medium
7,Tuesday,11,1,0,Urban Road,Heavy Rain,7,27,40,Motorcycle,1,3,Good,3,0,0,1,4,31,37,Intersection,Medium
3,Thursday,5,0,0,Urban Road,Clear,7,30,40,Car,2,2,Dry,3,0,0,1,6,24,41,No Junction,Medium
21,Thursday,10,0,0,State Highway,Clear,6,23,60,Motorcycle,2,9,Under Construction,7,1,0,0,6,41,39,T-Junction,Medium
17,Tuesday,9,1,0,Urban Road,Clear,8,33,40,Car,2,3,Good,3,1,0,0,8,22,90,Roundabout,High
19,Tuesday,3,1,0,Urban Road,Clear,4,24,40,Motorcycle,2,3,Good,11,0,0,0,6,28,93,T-Junction,Low
14,Friday,5,0,0,Residential,Clear,7,10,40,Truck,3,6,Wet,9,0,1,0,5,35,60,No Junction,Medium
7,Wednesday,12,1,0,State Highway,Rainy,9,14,60,Car,4,10,Dry,6,1,0,1,5,27,57,Intersection,High
7,Tuesday,5,1,0,Residential,Clear,6,10,40,Car,2,5,Wet,4,0,0,1,6,26,22,T-Junction,High
17,Wednesday,2,1,0,Highway,Heavy Rain,8,10,80,Bus,1,0,Dry,5,0,0,0,3,31,36,No Junction,Medium
12,Sunday,11,0,1,Residential,Heavy Rain,1,67,40,Car,3,2,Wet,3,0,0,3,3,29,46,Roundabout,High
8,Monday,4,1,0,Urban Road,Clear,3,74,40,Auto,1,9,Wet,12,0,1,0,7,23,76,No Junction,High
14,Thursday,11,0,0,Urban Road,Foggy,4,53,40,Motorcycle,3,0,Dry,8,0,0,3,4,32,100,T-Junction,High
5,Friday,11,0,0,Residential,Clear,6,45,40,Motorcycle,2,3,Dry,7,0,0,0,8,23,79,Intersection,Medium
16,Thursday,2,0,0,Residential,Clear,5,38,40,Motorcycle,2,0,Dry,13,0,0,2,6,20,61,Y-Junction,Medium
9,Friday,5,1,0,State Highway,Clear,6,10,60,Bicycle,2,0,Dry,5,0,0,1,7,29,67,Roundabout,Medium
19,Monday,10,1,0,Residential,Clear,7,42,40,Motorcycle,3,0,Wet,7,0,1,3,7,23,67,No Junction,High
10,Thursday,12,1,0,Residential,Foggy,7,18,40,Car,2,7,Dry,5,0,0,1,1,29,58,No Junction,Medium
13,Monday,2,0,0,Urban Road,Clear,3,22,40,Motorcycle,2,1,Under Construction,14,0,0,1,8,31,61,Roundabout,Low
1,Friday,10,0,0,Highway,Cloudy,6,62,80,Car,1,1,Wet,7,1,0,1,8,29,30,T-Junction,High
6,Tuesday,9,0,0,National Highway,Cloudy,6,73,80,Truck,2,3,Slippery,8,0,1,0,7,45,49,No Junction,High
12,Sunday,10,0,1,Urban Road,Clear,7,10,40,Car,2,12,Dry,12,0,0,1,7,37,56,Intersection,Medium
13,Thursday,6,0,0,Residential,Clear,6,49,40,Car,1,2,Under Construction,11,0,0,0,8,32,42,No Junction,Low
16,Monday,8,0,0,State Highway,Clear,9,25,60,Bicycle,3,8,Good,3,0,0,1,5,31,68,T-Junction,Medium
9,Saturday,9,1,1,Highway,Rainy,5,34,80,Motorcycle,4,14,Dry,7,1,0,0,9,33,75,No Junction,High
18,Thursday,8,1,0,State Highway,Clear,9,44,60,Car,3,9,Dry,7,0,0,1,5,28,90,Intersection,High
20,Thursday,5,1,0,State Highway,Clear,10,18,60,Motorcycle,2,4,Wet,8,0,0,3,9,28,56,No Junction,High
19,Thursday,5,1,0,State Highway,Foggy,4,26,60,Car,1,4,Wet,8,0,1,0,2,28,26,No Junction,High
3,Wednesday,6,0,0,Highway,Cloudy,2,24,80,Truck,2,7,Dry,5,0,1,0,8,26,96,T-Junction,Medium
14,Monday,1,0,0,Urban Road,Clear,5,34,40,Car,1,9,Good,12,0,1,1,8,41,45,Intersection,Medium
6,Monday,11,0,0,Highway,Rainy,6,41,80,Car,3,2,Wet,9,0,0,0,6,22,100,T-Junction,Medium
8,Thursday,8,1,0,Residential,Clear,10,10,40,Motorcycle,1,2,Slippery,9,0,0,2,6,34,95,No Junction,High
23,Tuesday,2,0,0,Residential,Foggy,3,27,40,Motorcycle,1,9,Dry,12,0,0,2,2,33,57,Intersection,Medium
7,Thursday,6,1,0,Highway,Clear,2,34,80,Motorcycle,2,4,Dry,8,0,0,0,8,33,58,No Junction,Medium
14,Wednesday,9,0,0,Residential,Cloudy,5,25,40,Motorcycle,1,6,Dry,7,0,0,0,7,29,40,T-Junction,Low
17,Friday,3,1,0,Urban Road,Cloudy,7,51,40,Motorcycle,1,9,Dry,6,0,0,1,8,23,20,Roundabout,Medium
18,Wednesday,2,1,0,State Highway,Rainy,7,10,60,Motorcycle,5,6,Good,7,1,0,0,9,31,75,Roundabout,High
15,Tuesday,10,0,0,Urban Road,Cloudy,3,10,40,Auto,1,8,Slippery,7,0,0,1,5,31,61,No Junction,Medium
0,Thursday,5,0,0,Urban Road,Clear,1,87,40,Motorcycle,4,4,Under Construction,3,0,0,0,9,43,87,Intersection,Medium
10,Monday,11,1,0,Urban Road,Rainy,10,10,40,Motorcycle,1,11,Good,6,0,0,3,5,33,90,T-Junction,High
14,Sunday,9,0,1,State Highway,Rainy,5,16,60,Car,4,5,Dry,4,0,0,1,9,30,28,Y-Junction,Medium
6,Saturday,6,0,1,Urban Road,Clear,7,50,40,Car,1,7,Dry,3,0,0,2,5,29,65,Intersection,Medium
11,Thursday,8,0,0,Urban Road,Clear,2,36,40,Bus,1,5,Good,8,1,0,0,7,26,100,Y-Junction,Medium
3,Tuesday,8,0,0,Highway,Foggy,5,32,80,Bicycle,1,9,Wet,9,0,0,0,4,30,44,T-Junction,High
6,Monday,7,0,0,Urban Road,Rainy,6,32,40,Motorcycle,2,3,Wet,5,0,0,0,8,32,87,No Junction,Medium
12,Wednesday,5,0,0,State Highway,Clear,7,50,60,Bicycle,1,7,Wet,7,0,1,1,9,24,71,Intersection,High
7,Friday,2,1,0,State Highway,Heavy Rain,9,15,60,Car,2,3,Under Construction,9,0,0,0,4,26,70,Intersection,High
16,Friday,10,0,0,Urban Road,Cloudy,3,62,40,Bicycle,2,4,Wet,7,0,0,0,7,23,63,Intersection,High
17,Sunday,10,1,1,Urban Road,Clear,5,40,40,Motorcycle,2,9,Under Construction,7,0,0,0,9,32,39,T-Junction,High
19,Thursday,5,1,0,Highway,Clear,8,10,80,Car,2,4,Good,7,0,0,1,7,35,32,T-Junction,Medium
8,Wednesday,12,1,0,National Highway,Rainy,7,24,80,Car,2,5,Wet,9,1,1,0,6,12,51,Intersection,High
7,Sunday,7,1,1,Residential,Clear,1,21,40,Bicycle,1,3,Wet,7,0,0,0,6,27,42,Intersection,Medium
6,Saturday,12,0,1,State Highway,Rainy,5,49,60,Car,2,3,Dry,7,0,0,0,6,39,74,No Junction,Medium
17,Saturday,12,1,1,Residential,Rainy,6,17,40,Car,2,15,Dry,6,0,0,3,6,33,100,Intersection,High
18,Sunday,7,1,1,State Highway,Clear,5,23,60,Car,1,10,Slippery,5,0,1,0,6,31,94,Roundabout,Medium
3,Tuesday,11,0,0,National Highway,Heavy Rain,5,10,80,Motorcycle,2,6,Dry,9,0,1,0,3,21,54,No Junction,Medium
22,Friday,2,0,0,Highway,Foggy,1,37,80,Car,1,3,Good,9,0,0,0,1,34,87,Y-Junction,High
5,Wednesday,7,0,0,National Highway,Cloudy,8,10,80,Bus,2,3,Wet,7,0,0,1,6,28,81,T-Junction,High
15,Thursday,6,0,0,State Highway,Cloudy,5,12,60,Auto,3,0,Good,10,0,0,1,9,33,69,Intersection,Medium
18,Monday,7,1,0,Urban Road,Clear,5,16,40,Motorcycle,1,15,Dry,8,0,0,1,9,42,98,Intersection,Low
20,Thursday,11,1,0,State Highway,Rainy,10,25,60,Truck,1,2,Good,8,0,0,0,6,21,28,No Junction,Medium
18,Thursday,8,1,0,Residential,Rainy,3,10,40,Truck,2,1,Wet,6,0,0,0,7,37,51,Intersection,Medium
19,Wednesday,4,1,0,State Highway,Clear,5,10,60,Motorcycle,4,6,Under Construction,11,0,1,1,6,27,80,Intersection,High
10,Friday,1,1,0,Urban Road,Clear,9,29,40,Car,2,0,Dry,8,0,0,2,8,36,71,Intersection,Medium
19,Wednesday,8,1,0,Residential,Rainy,5,29,40,Bus,2,5,Wet,9,0,0,0,5,25,51,T-Junction,Medium
6,Monday,8,0,0,Highway,Rainy,3,59,80,Car,2,10,Wet,8,0,1,0,9,23,37,No Junction,Medium
21,Sunday,3,0,1,State Highway,Cloudy,4,47,60,Car,3,8,Dry,8,0,0,0,6,33,34,Intersection,Medium
15,Wednesday,3,0,0,National Highway,Rainy,6,40,80,Car,2,6,Dry,8,0,1,1,5,19,62,T-Junction,High
19,Tuesday,5,1,0,Residential,Rainy,7,11,40,Car,3,2,Good,3,0,1,1,5,24,79,T-Junction,High
13,Thursday,3,0,0,Urban Road,Foggy,5,13,40,Car,4,3,Dry,9,0,0,1,4,24,90,T-Junction,Medium
17,Friday,5,1,0,Residential,Rainy,7,39,40,Car,2,3,Dry,5,0,1,1,5,24,43,T-Junction,Medium
15,Saturday,8,0,1,Urban Road,Cloudy,3,47,40,Car,2,3,Dry,7,1,0,2,9,32,59,Intersection,High
18,Monday,1,1,0,Residential,Cloudy,6,36,40,Motorcycle,1,1,Good,6,0,0,1,6,32,45,Intersection,Medium
6,Saturday,2,0,1,Residential,Rainy,3,78,40,Motorcycle,1,4,Wet,10,0,0,0,7,28,73,Intersection,High
5,Thursday,2,0,0,Highway,Rainy,4,32,80,Auto,3,9,Dry,5,0,0,1,6,24,76,Intersection,Medium
8,Wednesday,12,1,0,Highway,Foggy,3,40,80,Auto,2,4,Wet,7,0,0,0,2,27,47,Intersection,High
7,Saturday,4,1,1,Residential,Foggy,9,20,40,Car,3,7,Under Construction,6,0,1,3,1,21,38,No Junction,High
20,Tuesday,9,1,0,Urban Road,Foggy,4,40,40,Bicycle,1,8,Dry,5,0,1,0,2,21,100,Intersection,High
8,Wednesday,2,1,0,State Highway,Rainy,5,41,60,Motorcycle,3,11,Dry,5,1,1,0,6,24,65,T-Junction,High
23,Thursday,12,0,0,Urban Road,Foggy,7,10,40,Bus,2,0,Dry,4,0,0,1,2,20,66,T-Junction,Medium
10,Saturday,11,1,1,Highway,Clear,9,12,80,Car,2,7,Wet,6,0,0,1,8,29,41,T-Junction,Medium
8,Sunday,12,1,1,Residential,Cloudy,8,10,40,Car,3,5,Wet,8,0,0,1,9,32,61,T-Junction,Medium
19,Monday,9,1,0,Residential,Clear,8,10,40,Motorcycle,2,13,Wet,5,1,1,2,5,28,50,No Junction,High
17,Saturday,7,1,1,Residential,Cloudy,6,40,40,Motorcycle,1,7,Slippery,8,0,0,3,6,22,53,No Junction,High
14,Sunday,10,0,1,Residential,Clear,3,57,40,Motorcycle,2,8,Dry,9,0,1,1,6,26,45,No Junction,Medium
15,Sunday,8,0,1,Urban Road,Clear,5,20,40,Car,1,6,Dry,7,0,0,2,8,34,87,T-Junction,Medium
18,Saturday,1,1,1,Residential,Clear,8,12,40,Motorcycle,2,2,Dry,4,1,0,3,7,35,50,No Junction,High
8,Friday,5,1,0,Highway,Clear,9,40,80,Truck,1,4,Dry,3,1,0,0,8,21,82,No Junction,High
23,Saturday,9,0,1,Urban Road,Clear,6,30,40,Car,5,6,Dry,10,0,0,0,5,31,40,No Junction,Medium
23,Thursday,12,0,0,Urban Road,Rainy,3,47,40,Motorcycle,2,11,Wet,12,0,0,0,6,23,92,No Junction,Medium
17,Sunday,4,1,1,Highway,Clear,6,38,80,Car,2,3,Dry,12,0,0,0,6,35,68,Intersection,High
8,Monday,2,1,0,Urban Road,Rainy,3,44,40,Auto,2,0,Slippery,8,0,0,0,9,36,78,Intersection,Medium
17,Thursday,6,1,0,Highway,Clear,9,10,80,Auto,2,4,Wet,8,0,0,2,7,13,31,Y-Junction,Medium
6,Tuesday,2,0,0,National Highway,Foggy,4,87,80,Truck,2,7,Dry,7,0,0,0,3,23,77,Roundabout,High
3,Wednesday,3,0,0,Urban Road,Rainy,1,64,40,Car,1,4,Wet,7,0,0,0,7,31,100,Intersection,Medium
8,Saturday,8,1,1,Urban Road,Clear,6,33,40,Bicycle,2,7,Wet,5,0,0,1,7,15,68,Roundabout,Medium
13,Friday,3,0,0,State Highway,Clear,7,49,60,Truck,4,9,Under Construction,5,1,0,1,7,37,100,T-Junction,High
20,Monday,2,1,0,Urban Road,Foggy,6,29,40,Car,3,3,Under Construction,3,0,0,3,4,31,28,T-Junction,High
18,Friday,6,1,0,Urban Road,Rainy,7,17,40,Motorcycle,1,4,Wet,10,0,0,2,9,19,45,T-Junction,Medium
18,Friday,3,1,0,Urban Road,Rainy,5,10,40,Motorcycle,2,8,Wet,9,0,1,2,6,34,73,Intersection,Medium
12,Friday,1,0,0,Urban Road,Heavy Rain,3,17,40,Motorcycle,3,3,Dry,6,0,0,1,4,34,45,Intersection,High
10,Saturday,12,1,1,Urban Road,Clear,6,10,40,Motorcycle,2,11,Wet,11,0,0,1,9,32,100,Intersection,Medium
11,Monday,3,0,0,Urban Road,Rainy,3,55,40,Car,3,9,Good,14,0,0,1,8,31,43,T-Junction,Medium
23,Monday,6,0,0,State Highway,Rainy,5,65,60,Car,3,5,Wet,3,0,0,1,5,33,79,Y-Junction,High
4,Sunday,3,0,1,Highway,Heavy Rain,1,28,80,Auto,1,7,Dry,9,0,0,1,3,21,50,Y-Junction,Medium
20,Friday,9,1,0,Highway,Rainy,6,12,80,Bus,2,8,Wet,7,0,0,0,9,29,25,T-Junction,Medium
16,Sunday,7,0,1,Residential,Clear,5,31,40,Motorcycle,3,11,Good,12,0,0,0,7,23,62,Intersection,Medium
12,Sunday,5,0,1,Urban Road,Cloudy,1,77,40,Motorcycle,4,8,Dry,6,0,0,0,7,35,57,No Junction,High
18,Wednesday,2,1,0,Urban Road,Rainy,6,28,40,Car,1,6,Wet,11,0,0,3,7,28,72,No Junction,High
14,Saturday,9,0,1,State Highway,Cloudy,2,57,60,Car,5,6,Dry,10,0,1,0,9,14,81,No Junction,Medium
20,Saturday,5,1,1,National Highway,Foggy,8,43,80,Car,2,1,Dry,11,0,0,1,3,19,50,Intersection,High
21,Thursday,7,0,0,State Highway,Clear,5,20,60,Auto,1,8,Dry,5,0,0,1,8,27,82,No Junction,Low
12,Sunday,9,0,1,Urban Road,Clear,3,53,40,Truck,3,6,Dry,6,0,0,0,8,24,65,No Junction,Medium
9,Saturday,4,1,1,National Highway,Clear,5,32,80,Car,3,6,Dry,9,0,0,2,9,24,48,No Junction,Medium
16,Friday,9,0,0,Urban Road,Clear,3,46,40,Truck,2,4,Wet,11,0,0,1,5,23,51,T-Junction,Medium
21,Tuesday,1,0,0,Highway,Rainy,1,37,80,Auto,1,11,Wet,8,0,1,2,8,23,65,T-Junction,Medium
8,Friday,12,1,0,Urban Road,Cloudy,6,42,40,Truck,1,8,Dry,3,1,0,2,8,30,73,No Junction,High
17,Monday,6,1,0,Residential,Clear,8,16,40,Car,3,7,Good,11,1,0,1,7,32,62,T-Junction,High
17,Saturday,2,1,1,Highway,Rainy,4,36,80,Car,2,11,Dry,11,0,1,0,9,29,60,No Junction,Medium
18,Saturday,8,1,1,Residential,Heavy Rain,7,43,40,Car,1,4,Wet,6,0,0,2,5,31,49,No Junction,High
7,Thursday,5,1,0,State Highway,Clear,4,10,60,Motorcycle,4,8,Dry,10,1,1,0,9,28,66,Intersection,Medium
18,Sunday,3,1,1,Urban Road,Clear,8,10,40,Auto,4,13,Dry,9,1,1,0,9,18,69,Y-Junction,High
21,Tuesday,2,0,0,Residential,Clear,8,14,40,Car,2,2,Wet,5,1,0,0,8,36,100,T-Junction,Medium
7,Saturday,8,1,1,Urban Road,Clear,7,12,40,Motorcycle,1,3,Wet,10,0,0,0,7,36,45,T-Junction,Medium
8,Thursday,7,1,0,Urban Road,Foggy,7,12,40,Car,5,10,Slippery,7,0,0,0,2,31,90,Y-Junction,High
23,Thursday,9,0,0,Urban Road,Rainy,3,48,40,Bus,1,4,Slippery,3,0,0,3,6,20,79,T-Junction,Medium
8,Tuesday,8,1,0,Residential,Foggy,2,28,40,Motorcycle,1,0,Wet,10,0,0,1,1,19,62,Intersection,High
20,Friday,11,1,0,Urban Road,Clear,8,16,40,Car,4,2,Dry,14,1,1,1,7,23,100,T-Junction,High
14,Friday,4,0,0,State Highway,Foggy,7,63,60,Car,1,0,Wet,3,1,0,2,2,40,62,No Junction,High
8,Friday,2,1,0,National Highway,Rainy,6,19,80,Motorcycle,2,0,Wet,8,0,0,0,6,30,70,Intersection,Medium
20,Wednesday,2,1,0,National Highway,Clear,7,10,80,Motorcycle,1,8,Dry,8,0,0,0,6,28,57,Intersection,Medium
13,Sunday,2,0,1,Highway,Clear,2,57,80,Bicycle,2,8,Dry,4,0,0,2,9,28,78,T-Junction,Medium
14,Sunday,11,0,1,Highway,Rainy,4,42,80,Motorcycle,2,6,Dry,11,0,0,1,7,25,64,No Junction,Medium
11,Friday,12,0,0,Urban Road,Heavy Rain,7,89,40,Car,2,5,Dry,4,0,0,0,2,27,46,Intersection,High
16,Tuesday,6,0,0,Residential,Cloudy,6,21,40,Bus,2,9,Wet,8,0,0,3,5,28,72,No Junction,Medium
7,Wednesday,7,1,0,National Highway,Heavy Rain,5,37,80,Auto,1,8,Slippery,5,0,0,2,5,24,96,Intersection,High
12,Sunday,12,0,1,State Highway,Clear,2,45,60,Car,1,3,Wet,4,1,0,0,5,20,52,T-Junction,High
22,Friday,6,0,0,Residential,Foggy,6,49,40,Bus,5,0,Good,9,0,1,3,2,28,82,T-Junction,High
8,Wednesday,2,1,0,Highway,Cloudy,5,17,80,Car,1,0,Dry,5,1,1,2,9,23,52,No Junction,High
17,Tuesday,4,1,0,State Highway,Foggy,10,41,60,Motorcycle,1,2,Dry,11,0,0,0,1,34,72,Roundabout,High
10,Friday,3,1,0,Highway,Clear,10,10,80,Motorcycle,1,12,Wet,8,0,0,0,9,30,75,No Junction,Medium
19,Monday,11,1,0,Highway,Foggy,6,78,80,Auto,2,2,Under Construction,10,0,0,0,4,27,89,T-Junction,High
7,Saturday,4,1,1,State Highway,Clear,10,10,60,Car,1,1,Slippery,10,1,0,3,7,23,48,T-Junction,High
22,Tuesday,5,0,0,Residential,Foggy,5,17,40,Car,2,5,Slippery,11,0,0,0,2,32,60,Y-Junction,Medium
13,Thursday,7,0,0,Highway,Foggy,7,10,80,Motorcycle,2,5,Under Construction,7,0,0,0,4,32,53,Y-Junction,High
8,Thursday,9,1,0,Urban Road,Cloudy,7,67,40,Motorcycle,4,5,Slippery,7,0,0,0,9,25,79,Intersection,High
6,Tuesday,11,0,0,Highway,Foggy,5,46,80,Bicycle,2,0,Slippery,5,0,0,0,2,30,77,Y-Junction,High
7,Thursday,2,1,0,Residential,Clear,4,49,40,Car,3,6,Under Construction,8,0,0,0,9,22,68,No Junction,Medium
14,Sunday,8,0,1,Urban Road,Cloudy,3,32,40,Motorcycle,3,1,Dry,5,0,1,2,6,28,63,Y-Junction,Medium
10,Tuesday,3,1,0,State Highway,Clear,10,10,60,Truck,5,0,Under Construction,11,0,0,0,6,23,82,No Junction,High
19,Monday,9,1,0,Urban Road,Clear,8,50,40,Motorcycle,2,11,Dry,5,0,0,0,8,25,39,T-Junction,Medium
12,Tuesday,10,0,0,Urban Road,Clear,5,48,40,Bicycle,5,4,Good,6,0,0,1,9,33,67,No Junction,Medium
8,Friday,12,1,0,Highway,Foggy,6,71,80,Car,2,7,Dry,9,0,0,0,4,35,85,Y-Junction,High
17,Friday,4,1,0,Urban Road,Foggy,8,65,40,Car,2,0,Wet,9,0,0,0,2,19,37,Roundabout,High
18,Wednesday,3,1,0,Residential,Heavy Rain,7,25,40,Motorcycle,2,7,Good,4,1,0,0,5,27,56,Roundabout,High
7,Thursday,10,1,0,Residential,Clear,7,41,40,Motorcycle,3,5,Dry,6,0,0,0,5,32,55,Y-Junction,High
7,Saturday,6,1,1,Urban Road,Rainy,5,10,40,Motorcycle,4,4,Slippery,7,0,0,0,7,21,56,Roundabout,Medium
3,Thursday,10,0,0,Urban Road,Clear,4,46,40,Truck,2,1,Dry,7,0,0,1,9,25,100,Roundabout,Medium
18,Sunday,9,1,1,State Highway,Rainy,3,21,60,Car,4,4,Dry,8,0,0,2,8,31,22,No Junction,Medium
17,Tuesday,7,1,0,Urban Road,Clear,10,12,40,Car,2,1,Good,10,0,0,0,8,24,55,Intersection,Medium
13,Saturday,4,0,1,Highway,Cloudy,1,47,80,Car,3,4,Dry,7,0,0,2,8,20,75,Y-Junction,Medium
20,Saturday,3,1,1,Urban Road,Heavy Rain,6,21,40,Motorcycle,4,0,Slippery,8,0,1,1,5,25,81,Y-Junction,High
19,Thursday,10,1,0,Residential,Clear,6,55,40,Bus,1,0,Dry,5,0,0,3,8,26,86,No Junction,High
16,Saturday,4,0,1,Highway,Foggy,2,47,80,Car,1,0,Under Construction,12,0,0,1,2,37,36,No Junction,High
20,Saturday,3,1,1,Urban Road,Rainy,5,10,40,Car,2,9,Slippery,9,1,1,1,9,42,88,T-Junction,High
8,Friday,12,1,0,Residential,Clear,5,28,40,Auto,2,8,Wet,7,0,0,0,8,30,87,T-Junction,Medium
7,Monday,3,1,0,National Highway,Clear,7,12,80,Car,3,2,Good,11,0,1,0,6,28,49,T-Junction,High
9,Tuesday,12,1,0,Urban Road,Foggy,8,38,40,Car,2,0,Dry,9,0,0,0,3,21,46,Roundabout,High
5,Thursday,9,0,0,Highway,Clear,6,21,80,Motorcycle,3,16,Slippery,8,0,0,2,7,19,40,Intersection,High
15,Friday,4,0,0,Urban Road,Clear,1,62,40,Motorcycle,1,4,Slippery,8,0,1,0,9,34,20,Y-Junction,Medium
22,Sunday,9,0,1,Urban Road,Cloudy,6,39,40,Bus,2,5,Dry,11,0,0,0,8,19,100,No Junction,Medium
3,Sunday,12,0,1,Urban Road,Rainy,5,45,40,Truck,1,14,Wet,12,0,0,0,8,31,66,No Junction,Low
7,Wednesday,10,1,0,Residential,Cloudy,5,10,40,Car,2,8,Wet,10,0,0,2,8,42,29,No Junction,Medium
13,Saturday,5,0,1,National Highway,Foggy,5,27,80,Car,5,8,Slippery,8,0,0,0,3,21,20,T-Junction,High
22,Saturday,7,0,1,State Highway,Clear,6,41,60,Car,1,8,Dry,12,0,0,1,5,16,45,T-Junction,Medium
10,Thursday,5,1,0,Highway,Clear,6,10,80,Car,1,6,Dry,7,0,1,0,9,30,55,T-Junction,Medium
14,Monday,1,0,0,State Highway,Clear,3,59,60,Bicycle,2,2,Dry,5,1,0,0,7,35,79,Y-Junction,Medium
4,Monday,2,0,0,Urban Road,Heavy Rain,8,27,40,Car,2,8,Dry,10,0,0,2,2,22,85,T-Junction,High
7,Thursday,11,1,0,Urban Road,Clear,10,37,40,Car,2,1,Dry,12,0,0,0,7,33,70,Roundabout,Medium
23,Thursday,5,0,0,National Highway,Rainy,6,10,80,Motorcycle,1,7,Wet,7,1,0,0,9,35,66,Intersection,Medium
22,Friday,6,0,0,National Highway,Foggy,7,58,80,Motorcycle,1,7,Wet,12,0,1,0,3,30,70,Intersection,High
0,Sunday,7,0,1,Highway,Clear,4,36,80,Bicycle,4,3,Under Construction,3,0,0,0,7,25,89,Roundabout,Medium
22,Thursday,2,0,0,Highway,Rainy,7,30,80,Motorcycle,2,0,Slippery,7,1,1,0,7,32,66,Intersection,High
17,Sunday,10,1,1,Urban Road,Clear,1,36,40,Car,2,3,Dry,5,0,0,0,8,24,74,Roundabout,Low
20,Wednesday,9,1,0,Residential,Clear,8,28,40,Motorcycle,2,5,Dry,5,0,1,0,5,27,41,Intersection,High
13,Sunday,6,0,1,State Highway,Clear,5,10,60,Bus,1,3,Slippery,7,1,0,0,6,25,68,T-Junction,Medium
14,Friday,2,0,0,Highway,Cloudy,6,27,80,Car,1,10,Under Construction,13,0,0,1,9,29,54,No Junction,Medium
14,Saturday,2,0,1,Urban Road,Heavy Rain,4,10,40,Car,1,13,Slippery,11,0,0,1,5,29,72,Intersection,Medium
17,Saturday,3,1,1,Urban Road,Clear,6,18,40,Truck,2,2,Wet,12,0,0,0,7,27,57,T-Junction,Medium
7,Sunday,1,1,1,Highway,Rainy,4,27,80,Motorcycle,2,10,Dry,9,0,1,0,7,26,72,Intersection,High
2,Saturday,9,0,1,State Highway,Foggy,8,42,60,Truck,1,7,Wet,7,0,0,0,1,31,49,Intersection,High
9,Saturday,10,1,1,State Highway,Clear,9,40,60,Motorcycle,2,9,Slippery,9,0,0,0,7,23,44,T-Junction,High
18,Tuesday,11,1,0,Urban Road,Rainy,10,10,40,Bus,2,5,Dry,3,0,0,1,8,23,48,T-Junction,Medium
8,Wednesday,4,1,0,Highway,Clear,5,10,80,Motorcycle,1,4,Wet,12,0,0,0,9,34,49,Intersection,Low
17,Friday,5,1,0,Highway,Clear,8,15,80,Truck,2,4,Dry,3,0,0,3,7,33,70,Intersection,High
22,Friday,7,0,0,Urban Road,Cloudy,6,10,40,Motorcycle,3,0,Wet,7,0,0,1,7,23,80,Intersection,Medium
6,Saturday,1,0,1,Urban Road,Rainy,1,10,40,Motorcycle,2,0,Wet,7,1,1,2,9,23,67,Intersection,Medium
17,Monday,3,1,0,Urban Road,Clear,6,10,40,Motorcycle,2,6,Wet,10,0,1,0,6,23,67,Intersection,High
13,Friday,3,0,0,Urban Road,Clear,5,10,40,Bus,4,7,Wet,9,0,0,0,8,16,67,Intersection,Medium
20,Wednesday,2,1,0,Urban Road,Clear,7,10,40,Car,1,5,Wet,9,0,0,0,8,33,86,T-Junction,Medium
7,Thursday,8,1,0,State Highway,Foggy,5,35,60,Car,2,4,Good,3,0,0,1,2,30,43,No Junction,High
18,Wednesday,5,1,0,Highway,Cloudy,9,10,80,Car,2,6,Wet,7,0,0,0,8,22,69,T-Junction,Medium
19,Saturday,1,1,1,State Highway,Rainy,6,38,60,Motorcycle,1,10,Slippery,6,0,1,0,5,32,68,No Junction,High
22,Saturday,12,0,1,Residential,Clear,3,56,40,Auto,1,11,Dry,8,0,1,0,6,33,82,No Junction,Medium
17,Tuesday,2,1,0,State Highway,Foggy,8,19,60,Bus,2,11,Wet,7,0,1,3,3,27,49,Y-Junction,High
14,Sunday,1,0,1,Highway,Cloudy,2,34,80,Bus,2,6,Dry,8,0,0,3,7,30,96,Intersection,Medium
17,Friday,6,1,0,Residential,Clear,7,25,40,Car,2,7,Dry,4,1,0,0,5,30,62,Intersection,Medium
20,Sunday,9,1,1,Highway,Foggy,5,61,80,Car,2,3,Dry,8,0,1,0,1,27,40,Roundabout,High
16,Sunday,11,0,1,National Highway,Rainy,4,45,80,Truck,2,7,Wet,13,1,0,0,7,28,54,T-Junction,High
3,Friday,7,0,0,Residential,Cloudy,3,39,40,Auto,1,9,Wet,14,0,0,3,6,30,79,No Junction,Medium
22,Friday,5,0,0,Urban Road,Rainy,2,42,40,Bicycle,1,5,Under Construction,12,0,0,1,9,29,61,Y-Junction,Low
17,Saturday,12,1,1,Urban Road,Cloudy,3,33,40,Motorcycle,2,5,Slippery,3,0,0,1,5,25,50,No Junction,Medium
17,Friday,3,1,0,State Highway,Rainy,4,30,60,Motorcycle,4,13,Dry,7,0,0,0,8,24,92,Roundabout,Medium
8,Monday,12,1,0,National Highway,Clear,7,26,80,Truck,1,3,Slippery,6,1,1,0,7,37,76,No Junction,High
17,Monday,12,1,0,State Highway,Clear,7,10,60,Auto,1,7,Wet,8,0,0,2,7,25,60,No Junction,Medium
12,Thursday,8,0,0,State Highway,Rainy,5,60,60,Truck,3,8,Slippery,11,0,0,3,7,20,69,No Junction,High
17,Friday,10,1,0,State Highway,Rainy,5,24,60,Motorcycle,3,8,Wet,7,0,0,2,9,35,82,Roundabout,Medium
6,Tuesday,4,0,0,Residential,Clear,2,67,40,Bus,4,7,Dry,5,0,1,0,5,27,88,Intersection,High
17,Thursday,9,1,0,Highway,Cloudy,7,10,80,Motorcycle,2,11,Wet,11,0,0,0,9,27,53,Roundabout,Medium
23,Saturday,5,0,1,Highway,Cloudy,4,10,80,Bicycle,1,7,Wet,9,0,0,0,8,27,80,Intersection,Low
4,Friday,6,0,0,Residential,Cloudy,7,52,40,Motorcycle,1,2,Good,10,0,1,0,5,35,100,Y-Junction,High
23,Monday,5,0,0,Urban Road,Cloudy,2,43,40,Car,5,6,Dry,11,0,0,0,6,22,52,Intersection,Medium
12,Tuesday,10,0,0,Residential,Rainy,4,27,40,Truck,4,4,Slippery,6,0,1,1,6,34,73,Intersection,High
20,Thursday,12,1,0,Urban Road,Foggy,7,10,40,Car,2,9,Wet,4,0,0,1,2,29,74,T-Junction,High
19,Tuesday,11,1,0,Residential,Cloudy,4,27,40,Truck,1,7,Dry,8,0,0,0,9,33,61,Intersection,Low
16,Friday,7,0,0,Urban Road,Rainy,4,84,40,Car,1,7,Slippery,6,0,0,0,9,25,47,Roundabout,Medium
18,Wednesday,7,1,0,Urban Road,Rainy,3,10,40,Bicycle,1,9,Under Construction,8,0,0,0,6,44,47,No Junction,Low
20,Tuesday,1,1,0,Urban Road,Rainy,5,10,40,Bus,2,10,Slippery,12,0,0,2,6,27,60,No Junction,Medium
12,Tuesday,2,0,0,Highway,Heavy Rain,7,10,80,Truck,5,1,Dry,8,0,0,0,5,27,48,No Junction,High
10,Saturday,7,1,1,State Highway,Clear,10,34,60,Motorcycle,2,3,Dry,13,0,0,0,5,22,36,T-Junction,Medium
17,Monday,8,1,0,Urban Road,Clear,7,46,40,Car,3,12,Dry,8,0,1,0,9,27,40,Intersection,High
19,Friday,4,1,0,State Highway,Rainy,7,15,60,Car,3,5,Dry,7,1,1,2,7,22,54,Intersection,High
18,Tuesday,6,1,0,Urban Road,Clear,7,34,40,Car,1,6,Wet,4,0,0,0,5,40,61,Y-Junction,High
19,Friday,11,1,0,Highway,Cloudy,8,10,80,Bus,2,6,Wet,8,0,0,1,6,17,53,Roundabout,High
12,Monday,12,0,0,Highway,Cloudy,6,57,80,Truck,3,7,Slippery,5,1,0,0,8,14,46,Intersection,High
19,Saturday,10,1,1,Highway,Clear,2,42,80,Auto,2,5,Wet,9,0,0,0,7,24,84,No Junction,Medium
7,Friday,3,1,0,Highway,Clear,8,10,80,Truck,2,9,Wet,7,1,1,0,6,30,43,Intersection,High
15,Sunday,7,0,1,Highway,Clear,1,10,80,Motorcycle,1,2,Wet,7,0,1,0,7,36,65,Intersection,Medium
0,Monday,11,0,0,State Highway,Clear,7,21,60,Auto,3,1,Dry,8,0,0,0,8,28,88,Intersection,Medium
10,Monday,3,1,0,National Highway,Clear,9,10,80,Motorcycle,2,7,Wet,8,0,0,2,9,26,67,T-Junction,High
11,Thursday,11,0,0,National Highway,Foggy,1,46,80,Car,2,8,Dry,7,0,0,0,1,28,100,Roundabout,High
12,Saturday,7,0,1,National Highway,Clear,6,33,80,Auto,3,3,Under Construction,14,1,0,0,8,32,74,No Junction,High
18,Saturday,12,1,1,Urban Road,Clear,3,23,40,Auto,3,1,Under Construction,5,0,0,2,8,20,60,Intersection,Medium
11,Sunday,11,0,1,Urban Road,Clear,3,31,40,Bus,3,6,Slippery,11,0,1,1,7,33,55,Intersection,High
13,Friday,12,0,0,Highway,Clear,2,62,80,Auto,2,4,Wet,11,0,0,0,7,16,78,Roundabout,Medium
8,Wednesday,11,1,0,Highway,Clear,8,10,80,Motorcycle,4,3,Wet,4,1,1,3,7,26,77,No Junction,High
11,Sunday,8,0,1,State Highway,Cloudy,7,10,60,Bus,2,5,Wet,8,0,0,0,7,27,75,T-Junction,Medium
8,Thursday,3,1,0,State Highway,Clear,6,13,60,Auto,2,4,Dry,9,0,1,3,9,19,51,T-Junction,High
6,Saturday,2,0,1,State Highway,Foggy,2,25,60,Bus,2,11,Dry,8,0,1,0,3,28,59,Intersection,Medium
16,Monday,12,0,0,State Highway,Cloudy,4,46,60,Truck,1,8,Good,8,0,1,0,5,25,37,T-Junction,Medium
17,Saturday,6,1,1,Urban Road,Cloudy,8,10,40,Motorcycle,1,11,Dry,9,0,0,0,9,29,63,Intersection,Low
17,Sunday,4,1,1,Urban Road,Clear,8,10,40,Car,2,2,Wet,3,0,0,0,7,29,72,T-Junction,Medium
13,Wednesday,8,0,0,Urban Road,Clear,7,45,40,Auto,2,5,Under Construction,7,0,0,0,8,30,51,No Junction,Medium
11,Tuesday,2,0,0,National Highway,Clear,4,53,80,Car,1,9,Wet,6,0,1,0,9,24,57,Intersection,Medium
20,Tuesday,4,1,0,National Highway,Rainy,2,30,80,Car,1,14,Wet,5,0,0,1,5,28,58,Roundabout,Medium
14,Saturday,2,0,1,Residential,Clear,1,45,40,Motorcycle,3,6,Under Construction,10,0,0,3,5,35,71,Intersection,Medium
13,Saturday,2,0,1,Highway,Rainy,3,27,80,Car,1,6,Wet,11,0,0,1,9,32,41,T-Junction,Medium
2,Thursday,2,0,0,Urban Road,Rainy,2,62,40,Truck,2,8,Slippery,11,0,0,0,8,29,53,No Junction,Medium
10,Saturday,1,1,1,Urban Road,Foggy,7,19,40,Bicycle,5,6,Dry,10,0,0,1,1,22,39,No Junction,High
11,Wednesday,4,0,0,State Highway,Rainy,4,50,60,Car,2,0,Slippery,4,0,0,1,8,12,59,No Junction,Medium
12,Saturday,2,0,1,Highway,Clear,1,49,80,Car,2,5,Dry,8,1,0,0,6,16,71,Intersection,High
16,Friday,9,0,0,Urban Road,Clear,5,33,40,Motorcycle,1,0,Dry,11,1,0,1,8,31,75,T-Junction,Medium
15,Sunday,9,0,1,Urban Road,Clear,2,10,40,Truck,2,2,Wet,3,0,1,1,5,23,77,Y-Junction,Low
16,Wednesday,11,0,0,National Highway,Clear,4,15,80,Bicycle,2,10,Wet,12,1,1,1,7,20,55,Intersection,High
18,Thursday,11,1,0,Urban Road,Clear,9,10,40,Motorcycle,4,6,Under Construction,4,0,0,0,7,24,85,Roundabout,Medium
19,Friday,7,1,0,Residential,Clear,9,10,40,Car,2,6,Dry,5,0,0,1,5,27,100,Y-Junction,Medium
18,Friday,6,1,0,Urban Road,Heavy Rain,9,10,40,Auto,4,5,Slippery,10,1,0,2,5,28,60,T-Junction,High
22,Sunday,12,0,1,Highway,Cloudy,5,38,80,Truck,3,0,Dry,13,1,0,0,7,23,66,No Junction,High
1,Tuesday,3,0,0,Urban Road,Cloudy,8,10,40,Motorcycle,1,8,Good,5,0,0,0,5,33,59,Intersection,Low
8,Wednesday,12,1,0,State Highway,Cloudy,6,38,60,Auto,5,9,Wet,5,0,0,0,8,26,57,No Junction,High
0,Sunday,7,0,1,State Highway,Cloudy,3,76,60,Car,1,6,Dry,11,0,0,0,6,26,51,Y-Junction,Medium
17,Friday,1,1,0,Urban Road,Clear,5,27,40,Motorcycle,1,4,Slippery,8,0,0,3,7,22,75,Y-Junction,Medium
21,Thursday,9,0,0,Urban Road,Clear,5,25,40,Auto,2,7,Good,7,0,0,0,8,39,87,Y-Junction,Low
8,Sunday,4,1,1,State Highway,Clear,6,37,60,Car,2,12,Good,8,0,1,0,8,27,38,Y-Junction,Medium
21,Tuesday,6,0,0,Residential,Cloudy,5,47,40,Motorcycle,1,6,Dry,14,0,0,1,7,31,76,Roundabout,Low
5,Friday,6,0,0,Highway,Foggy,4,26,80,Car,2,1,Slippery,10,1,0,1,4,29,48,Intersection,High
22,Sunday,11,0,1,Urban Road,Clear,5,23,40,Motorcycle,5,9,Wet,9,0,1,0,9,35,72,No Junction,Medium
11,Wednesday,3,0,0,Residential,Cloudy,5,25,40,Car,2,0,Slippery,9,0,0,0,9,22,71,Intersection,Medium
6,Tuesday,4,0,0,Residential,Clear,4,57,40,Motorcycle,1,6,Wet,9,0,0,3,6,31,74,No Junction,High
14,Wednesday,11,0,0,National Highway,Rainy,5,16,80,Motorcycle,4,0,Wet,10,1,0,3,5,26,70,Intersection,High
8,Wednesday,10,1,0,State Highway,Rainy,4,36,60,Car,1,3,Under Construction,6,0,0,0,9,29,58,Y-Junction,Low
9,Wednesday,3,1,0,Highway,Clear,4,28,80,Car,2,10,Under Construction,7,0,0,0,9,25,61,No Junction,Medium
9,Sunday,6,1,1,Residential,Rainy,5,34,40,Car,2,2,Slippery,7,0,0,0,6,39,92,No Junction,Medium
19,Tuesday,1,1,0,Urban Road,Rainy,8,10,40,Motorcycle,3,3,Slippery,5,0,0,2,9,27,67,T-Junction,Medium
15,Sunday,8,0,1,Residential,Rainy,4,29,40,Car,2,5,Slippery,4,0,0,0,9,18,77,Intersection,Medium
10,Sunday,8,1,1,Residential,Clear,5,38,40,Motorcycle,2,11,Dry,12,0,0,1,7,27,59,Intersection,Medium
17,Sunday,9,1,1,Urban Road,Cloudy,6,10,40,Motorcycle,2,7,Slippery,10,0,0,0,6,28,64,Intersection,Medium
18,Friday,6,1,0,State Highway,Rainy,9,10,60,Car,3,6,Wet,13,0,0,3,8,28,85,Intersection,High
9,Saturday,1,1,1,Residential,Clear,3,10,40,Auto,1,3,Dry,9,0,0,0,8,20,46,No Junction,Low
12,Monday,3,0,0,State Highway,Foggy,5,63,60,Car,5,0,Under Construction,8,0,0,3,2,20,65,Intersection,High
7,Friday,1,1,0,Urban Road,Rainy,4,25,40,Bus,2,11,Under Construction,7,0,0,0,5,39,61,Roundabout,Medium
8,Tuesday,5,1,0,Urban Road,Clear,5,21,40,Motorcycle,3,5,Good,11,0,0,2,9,26,89,No Junction,Medium
17,Monday,3,1,0,Residential,Clear,7,33,40,Car,2,2,Wet,4,0,0,0,9,27,98,T-Junction,Medium
8,Monday,2,1,0,National Highway,Clear,8,10,80,Bus,4,2,Wet,8,0,0,2,8,40,79,Intersection,High
15,Monday,3,0,0,Urban Road,Cloudy,5,19,40,Motorcycle,2,5,Good,10,0,0,0,6,32,93,Y-Junction,Low
18,Saturday,9,1,1,Highway,Clear,7,17,80,Truck,1,10,Dry,7,0,0,0,7,27,45,Intersection,Medium
6,Sunday,11,0,1,Urban Road,Rainy,4,56,40,Car,4,4,Slippery,9,0,1,0,5,29,20,Y-Junction,High
16,Thursday,8,0,0,Urban Road,Clear,7,27,40,Motorcycle,1,4,Good,12,0,0,2,9,39,73,No Junction,Medium
8,Tuesday,3,1,0,State Highway,Cloudy,8,18,60,Motorcycle,2,7,Slippery,7,0,0,0,5,24,80,Y-Junction,High
22,Saturday,11,0,1,Residential,Clear,3,29,40,Motorcycle,1,2,Good,9,1,1,3,8,33,57,No Junction,Medium
14,Saturday,2,0,1,National Highway,Cloudy,5,32,80,Motorcycle,1,2,Wet,11,1,0,0,6,32,53,T-Junction,High
19,Thursday,5,1,0,State Highway,Rainy,7,42,60,Bus,1,0,Dry,7,1,0,1,8,28,71,No Junction,Medium
15,Monday,12,0,0,Urban Road,Clear,6,12,40,Bicycle,4,11,Dry,4,0,0,1,7,24,92,Intersection,Medium
4,Sunday,12,0,1,Residential,Foggy,5,24,40,Motorcycle,2,0,Slippery,10,0,0,2,4,30,71,No Junction,High
17,Thursday,12,1,0,Residential,Rainy,10,43,40,Auto,2,12,Dry,8,0,0,3,7,27,83,No Junction,High
22,Thursday,1,0,0,National Highway,Clear,8,28,80,Bus,2,8,Slippery,7,0,0,0,7,32,82,T-Junction,High
16,Saturday,4,0,1,Highway,Rainy,7,10,80,Motorcycle,3,6,Dry,8,0,0,1,6,18,75,No Junction,Medium
19,Tuesday,8,1,0,Highway,Foggy,9,55,80,Truck,3,6,Good,4,0,0,0,4,45,88,No Junction,High
20,Wednesday,1,1,0,Highway,Rainy,6,10,80,Car,2,8,Dry,7,0,0,1,5,31,52,Roundabout,Medium
8,Sunday,5,1,1,Residential,Rainy,6,10,40,Motorcycle,3,0,Wet,10,1,1,0,9,30,53,No Junction,High
8,Thursday,12,1,0,Highway,Clear,5,12,80,Car,2,4,Slippery,7,0,0,3,6,40,53,No Junction,Medium
17,Sunday,4,1,1,Residential,Cloudy,5,10,40,Auto,3,10,Under Construction,6,1,1,1,8,24,70,No Junction,High
12,Thursday,6,0,0,State Highway,Clear,5,49,60,Truck,2,5,Wet,5,0,0,0,8,23,91,No Junction,Medium
19,Monday,7,1,0,Urban Road,Rainy,8,43,40,Motorcycle,1,4,Good,8,0,0,3,9,26,78,T-Junction,High
21,Sunday,9,0,1,Residential,Clear,2,42,40,Auto,1,13,Wet,10,0,0,1,8,41,20,Intersection,Medium
11,Monday,1,0,0,National Highway,Foggy,5,43,80,Truck,2,5,Dry,11,0,0,1,1,27,100,T-Junction,High
8,Saturday,11,1,1,Residential,Heavy Rain,3,32,40,Motorcycle,1,11,Wet,6,0,0,2,5,44,74,No Junction,High
19,Monday,10,1,0,Urban Road,Clear,6,47,40,Bus,1,8,Slippery,12,1,1,1,8,24,90,Roundabout,High
9,Sunday,4,1,1,Urban Road,Rainy,7,13,40,Auto,5,6,Wet,8,0,0,0,8,12,75,Roundabout,High
19,Friday,6,1,0,Urban Road,Cloudy,6,10,40,Auto,2,0,Slippery,3,1,0,0,5,17,39,T-Junction,High
12,Sunday,10,0,1,Highway,Foggy,6,28,80,Car,4,6,Wet,8,0,0,0,4,31,77,T-Junction,High
17,Thursday,7,1,0,Residential,Heavy Rain,8,10,40,Motorcycle,3,12,Dry,4,0,1,0,4,31,42,No Junction,High
6,Monday,7,0,0,National Highway,Clear,1,32,80,Bus,2,14,Dry,9,0,1,0,5,30,73,No Junction,Medium
17,Tuesday,8,1,0,Residential,Rainy,7,10,40,Bicycle,1,9,Good,8,0,0,3,5,21,76,T-Junction,High
13,Friday,10,0,0,Urban Road,Rainy,5,10,40,Car,3,1,Slippery,3,1,1,1,5,20,86,No Junction,High
16,Saturday,8,0,1,Urban Road,Rainy,6,52,40,Bus,4,5,Dry,12,0,0,0,8,19,58,T-Junction,High
7,Wednesday,8,1,0,National Highway,Cloudy,4,21,80,Motorcycle,1,1,Dry,6,0,1,0,9,26,20,Roundabout,Medium
18,Thursday,8,1,0,State Highway,Clear,8,25,60,Bus,2,5,Dry,3,0,0,2,9,30,61,Y-Junction,Medium
20,Thursday,12,1,0,Urban Road,Cloudy,9,10,40,Bus,2,8,Under Construction,11,0,0,1,6,35,79,Roundabout,Medium
8,Tuesday,8,1,0,Urban Road,Rainy,9,17,40,Motorcycle,4,7,Dry,9,0,0,1,6,33,67,Roundabout,Medium
6,Wednesday,6,0,0,Residential,Rainy,4,17,40,Auto,2,1,Wet,7,0,0,0,8,29,65,T-Junction,Low
2,Wednesday,9,0,0,Urban Road,Clear,6,30,40,Motorcycle,1,6,Dry,8,1,0,1,8,44,58,No Junction,Medium
17,Saturday,3,1,1,Highway,Rainy,6,52,80,Motorcycle,3,4,Slippery,7,1,1,2,9,28,82,T-Junction,High
16,Saturday,6,0,1,Urban Road,Cloudy,7,10,40,Bus,2,6,Dry,3,0,0,2,7,14,96,Roundabout,Medium
15,Friday,5,0,0,Urban Road,Rainy,6,69,40,Car,2,6,Dry,3,0,0,0,6,20,63,Intersection,Medium
8,Thursday,8,1,0,Urban Road,Foggy,7,45,40,Bus,2,0,Slippery,10,0,0,0,3,28,82,Intersection,High
12,Monday,4,0,0,Urban Road,Clear,5,29,40,Bus,5,10,Wet,9,1,0,2,8,19,85,No Junction,High
16,Saturday,4,0,1,Highway,Clear,1,59,80,Truck,3,13,Slippery,10,0,0,1,6,35,50,No Junction,High
14,Tuesday,10,0,0,Residential,Clear,3,47,40,Motorcycle,3,9,Dry,11,0,1,1,6,29,48,Roundabout,Medium
23,Tuesday,11,0,0,Residential,Foggy,4,14,40,Motorcycle,1,0,Wet,3,0,0,3,1,36,88,Roundabout,High
7,Tuesday,10,1,0,Highway,Cloudy,8,21,80,Motorcycle,1,8,Dry,6,0,0,0,8,29,51,No Junction,Medium
18,Sunday,5,1,1,National Highway,Foggy,3,29,80,Car,2,0,Wet,4,1,0,2,4,13,61,Roundabout,High
12,Saturday,11,0,1,Urban Road,Clear,4,26,40,Motorcycle,1,13,Dry,7,0,0,0,7,37,74,T-Junction,Low
12,Saturday,6,0,1,Highway,Rainy,2,60,80,Car,2,13,Dry,3,0,1,3,8,27,47,Roundabout,Medium
18,Tuesday,11,1,0,Urban Road,Clear,4,13,40,Car,2,4,Dry,9,0,0,0,6,27,63,No Junction,Low
18,Saturday,4,1,1,Residential,Foggy,4,16,40,Auto,1,1,Wet,9,0,0,1,1,30,73,Roundabout,High
23,Sunday,2,0,1,Urban Road,Clear,4,11,40,Car,1,8,Wet,14,0,0,1,9,27,28,Intersection,Medium
7,Monday,12,1,0,Highway,Foggy,7,10,80,Motorcycle,1,8,Wet,7,0,1,0,1,31,68,Y-Junction,High
6,Monday,12,0,0,Residential,Clear,5,66,40,Motorcycle,2,7,Wet,10,1,0,1,6,29,38,Y-Junction,High
18,Friday,2,1,0,Urban Road,Clear,6,10,40,Truck,2,9,Dry,10,1,0,1,7,27,56,T-Junction,High
16,Thursday,12,0,0,State Highway,Cloudy,4,55,60,Bicycle,1,5,Dry,13,0,0,2,6,19,62,T-Junction,Medium
9,Monday,3,1,0,State Highway,Clear,7,15,60,Motorcycle,1,0,Dry,4,0,0,0,6,28,23,T-Junction,Medium
6,Friday,2,0,0,National Highway,Clear,1,49,80,Motorcycle,2,9,Dry,10,0,0,1,8,27,58,No Junction,Medium
6,Wednesday,1,0,0,Highway,Foggy,5,10,80,Car,3,10,Dry,9,1,0,2,3,32,36,No Junction,High
21,Thursday,8,0,0,Highway,Clear,5,53,80,Auto,2,0,Dry,3,0,1,2,5,32,36,No Junction,High
8,Monday,12,1,0,National Highway,Clear,4,17,80,Motorcycle,2,8,Under Construction,9,1,0,0,8,26,64,Intersection,Medium
10,Sunday,5,1,1,Residential,Foggy,8,18,40,Car,2,13,Wet,10,0,1,3,4,26,85,T-Junction,High
8,Wednesday,10,1,0,Residential,Heavy Rain,4,35,40,Motorcycle,2,6,Wet,3,0,1,1,2,35,80,No Junction,High
11,Friday,1,0,0,Highway,Foggy,6,44,80,Bus,4,7,Slippery,7,0,0,1,3,32,51,Intersection,High
5,Monday,9,0,0,Highway,Clear,3,32,80,Motorcycle,1,3,Good,8,0,1,2,5,24,42,Roundabout,Medium
14,Monday,8,0,0,Highway,Cloudy,6,10,80,Motorcycle,2,9,Wet,8,1,0,1,7,18,61,Intersection,High
5,Saturday,4,0,1,Urban Road,Rainy,4,66,40,Car,2,6,Dry,9,0,0,0,9,38,80,Roundabout,Medium
19,Wednesday,8,1,0,Highway,Foggy,6,52,80,Bicycle,2,5,Good,6,0,0,1,3,32,74,No Junction,High
8,Monday,12,1,0,Urban Road,Clear,8,10,40,Motorcycle,2,6,Slippery,4,0,1,2,8,33,45,No Junction,High
15,Tuesday,10,0,0,Residential,Clear,2,52,40,Car,2,3,Slippery,9,0,1,1,9,21,56,Intersection,Medium
20,Sunday,7,1,1,Highway,Cloudy,7,15,80,Car,5,4,Wet,12,0,1,1,5,32,49,No Junction,High
17,Saturday,11,1,1,Highway,Cloudy,7,47,80,Truck,1,8,Wet,12,0,0,0,9,22,20,T-Junction,Medium
15,Saturday,11,0,1,Urban Road,Clear,4,32,40,Motorcycle,1,4,Wet,15,1,0,1,6,34,86,T-Junction,Medium
10,Monday,7,1,0,Highway,Clear,7,10,80,Car,3,6,Slippery,6,1,0,0,9,27,76,Y-Junction,High
10,Sunday,1,1,1,Highway,Cloudy,2,11,80,Car,1,3,Dry,7,0,1,1,9,20,95,Roundabout,Medium
17,Saturday,6,1,1,Urban Road,Clear,5,26,40,Motorcycle,5,2,Slippery,3,0,0,1,5,29,92,Roundabout,High
23,Thursday,4,0,0,Urban Road,Clear,4,37,40,Bus,3,4,Good,6,0,0,3,9,31,68,T-Junction,Medium
17,Wednesday,10,1,0,Residential,Clear,10,50,40,Car,2,8,Wet,3,0,0,1,8,31,85,Y-Junction,High
15,Thursday,10,0,0,Highway,Clear,3,10,80,Car,3,0,Dry,6,0,0,0,7,28,60,Roundabout,Low
18,Friday,10,1,0,Residential,Clear,3,10,40,Motorcycle,3,6,Slippery,12,0,0,0,5,15,71,No Junction,Medium
13,Thursday,11,0,0,State Highway,Heavy Rain,5,10,60,Motorcycle,2,6,Dry,11,0,0,0,2,36,54,Roundabout,Medium
5,Sunday,12,0,1,Residential,Clear,3,10,40,Motorcycle,2,5,Good,7,0,0,0,9,31,65,T-Junction,Low
16,Tuesday,2,0,0,Highway,Clear,4,16,80,Motorcycle,2,11,Slippery,6,0,0,0,6,28,76,No Junction,Medium
22,Saturday,10,0,1,Urban Road,Clear,1,64,40,Auto,2,15,Dry,5,0,0,0,5,35,78,T-Junction,Medium
7,Sunday,7,1,1,Residential,Clear,4,10,40,Motorcycle,3,10,Wet,10,0,0,0,9,20,20,Intersection,Medium
18,Saturday,9,1,1,National Highway,Clear,4,26,80,Car,1,7,Slippery,7,0,0,0,9,25,82,T-Junction,Low
8,Tuesday,5,1,0,National Highway,Cloudy,6,53,80,Car,2,6,Dry,8,0,1,1,6,34,40,Roundabout,High
15,Saturday,8,0,1,Urban Road,Clear,1,45,40,Motorcycle,1,13,Dry,10,0,1,0,9,41,54,Roundabout,Low
6,Thursday,5,0,0,Residential,Cloudy,7,15,40,Auto,4,5,Wet,10,0,0,1,8,25,29,Intersection,Medium
13,Friday,7,0,0,State Highway,Rainy,8,20,60,Truck,3,4,Under Construction,3,0,0,1,6,17,52,T-Junction,Medium
18,Monday,7,1,0,State Highway,Rainy,4,20,60,Motorcycle,2,6,Dry,9,0,1,3,5,32,92,T-Junction,High
10,Tuesday,9,1,0,Urban Road,Clear,4,42,40,Truck,1,9,Slippery,8,0,0,0,5,36,72,No Junction,Medium
17,Thursday,3,1,0,Urban Road,Clear,5,14,40,Car,1,3,Wet,3,0,1,0,7,17,67,No Junction,Medium
19,Sunday,1,1,1,Highway,Clear,7,10,80,Car,3,5,Dry,12,1,1,0,8,27,100,Y-Junction,High
21,Thursday,2,0,0,Urban Road,Rainy,4,26,40,Bus,2,9,Dry,8,0,0,0,8,34,50,Intersection,Low
8,Thursday,12,1,0,Residential,Clear,6,72,40,Car,1,12,Dry,3,0,0,0,5,36,69,No Junction,Medium
12,Monday,6,0,0,National Highway,Rainy,8,30,80,Car,2,4,Good,6,0,0,3,9,18,88,T-Junction,Medium
7,Wednesday,10,1,0,State Highway,Foggy,7,54,60,Bicycle,1,3,Good,7,0,0,3,2,26,83,Y-Junction,High
23,Saturday,10,0,1,Urban Road,Rainy,6,69,40,Motorcycle,2,6,Dry,15,0,0,3,8,24,78,No Junction,High
21,Saturday,12,0,1,Residential,Clear,5,37,40,Truck,2,0,Wet,5,0,0,2,9,21,87,T-Junction,Medium
15,Sunday,9,0,1,Urban Road,Clear,4,44,40,Motorcycle,4,1,Good,5,0,0,3,6,29,83,No Junction,High
20,Friday,3,1,0,Residential,Cloudy,4,28,40,Car,5,6,Wet,8,1,0,0,9,29,77,Roundabout,High
15,Sunday,10,0,1,Residential,Clear,4,56,40,Truck,1,10,Dry,14,0,0,0,7,38,40,Y-Junction,Medium
17,Wednesday,2,1,0,Urban Road,Clear,5,37,40,Motorcycle,3,5,Dry,7,0,0,0,7,13,66,Intersection,Medium
6,Saturday,11,0,1,Urban Road,Clear,4,48,40,Car,4,1,Slippery,6,1,0,1,5,31,86,T-Junction,High
18,Friday,1,1,0,Highway,Rainy,8,14,80,Auto,2,10,Wet,8,0,0,0,6,23,51,Roundabout,Medium
7,Sunday,2,1,1,Highway,Clear,3,10,80,Car,2,1,Wet,7,0,0,3,8,20,51,Roundabout,High
19,Friday,3,1,0,State Highway,Rainy,6,10,60,Car,1,0,Wet,6,1,0,0,5,26,66,No Junction,High
19,Thursday,7,1,0,Highway,Rainy,9,10,80,Car,2,3,Dry,10,0,0,0,5,29,86,No Junction,Medium
18,Tuesday,2,1,0,Highway,Rainy,10,21,80,Motorcycle,1,5,Dry,6,0,1,2,8,24,48,Y-Junction,High
3,Thursday,5,0,0,Urban Road,Foggy,1,64,40,Motorcycle,1,6,Good,6,0,1,0,1,26,50,No Junction,High
9,Monday,2,1,0,State Highway,Foggy,6,10,60,Car,1,4,Under Construction,11,0,0,0,3,27,28,T-Junction,Medium
9,Saturday,7,1,1,Urban Road,Clear,6,13,40,Motorcycle,5,7,Wet,3,0,0,1,7,30,49,T-Junction,High
11,Friday,10,0,0,Highway,Clear,5,53,80,Car,4,2,Dry,6,0,0,2,8,34,80,Y-Junction,Medium
6,Sunday,8,0,1,Residential,Clear,2,37,40,Car,5,6,Wet,3,0,1,3,9,26,48,Intersection,High
22,Tuesday,8,0,0,Urban Road,Foggy,1,53,40,Auto,4,1,Wet,6,0,1,3,3,28,43,Roundabout,High
15,Sunday,8,0,1,Urban Road,Clear,3,37,40,Motorcycle,2,2,Wet,6,0,1,2,6,28,57,T-Junction,High
9,Saturday,10,1,1,Residential,Clear,3,10,40,Motorcycle,2,3,Good,6,1,0,0,6,38,57,Intersection,Medium
12,Friday,9,0,0,Urban Road,Clear,4,35,40,Motorcycle,3,4,Dry,6,1,1,0,6,30,81,Intersection,High
13,Friday,1,0,0,State Highway,Clear,6,10,60,Motorcycle,4,0,Slippery,8,1,1,1,8,30,40,Y-Junction,High
16,Thursday,12,0,0,Residential,Clear,7,55,40,Car,2,11,Dry,4,0,0,1,7,27,33,T-Junction,Medium
14,Tuesday,1,0,0,Urban Road,Clear,5,30,40,Car,1,6,Wet,9,0,1,2,7,28,87,T-Junction,Medium
21,Tuesday,10,0,0,Urban Road,Clear,9,30,40,Motorcycle,1,2,Slippery,6,1,1,0,6,16,74,Intersection,High
14,Saturday,2,0,1,State Highway,Rainy,7,10,60,Auto,2,8,Wet,10,0,0,3,5,25,40,Intersection,High
23,Friday,11,0,0,Residential,Foggy,2,34,40,Motorcycle,1,4,Dry,7,0,0,0,1,31,87,No Junction,Medium
20,Tuesday,6,1,0,Highway,Clear,7,10,80,Auto,2,5,Wet,6,1,0,0,7,28,25,No Junction,High
8,Tuesday,1,1,0,Urban Road,Rainy,9,10,40,Car,5,12,Good,4,0,0,0,9,27,83,Y-Junction,Medium
22,Sunday,5,0,1,Urban Road,Clear,5,21,40,Car,1,8,Wet,8,0,0,3,6,36,87,T-Junction,Medium
7,Saturday,5,1,1,State Highway,Clear,8,31,60,Motorcycle,1,3,Dry,7,0,0,2,5,30,95,T-Junction,Medium
19,Thursday,4,1,0,National Highway,Clear,7,19,80,Car,4,7,Under Construction,12,0,1,1,9,20,41,T-Junction,High
11,Sunday,11,0,1,Residential,Clear,1,48,40,Car,2,10,Dry,12,0,0,1,5,18,64,T-Junction,Medium
20,Sunday,5,1,1,Urban Road,Foggy,8,15,40,Car,1,5,Dry,6,0,1,0,4,33,35,Intersection,High
20,Wednesday,12,1,0,Urban Road,Rainy,7,49,40,Motorcycle,1,4,Wet,3,1,1,1,5,22,93,T-Junction,High
19,Monday,1,1,0,Residential,Foggy,5,10,40,Auto,4,4,Dry,10,0,0,2,3,29,78,T-Junction,High
19,Wednesday,11,1,0,National Highway,Clear,6,23,80,Car,2,11,Wet,6,0,0,1,7,32,66,No Junction,Medium
9,Tuesday,11,1,0,Urban Road,Cloudy,7,27,40,Car,2,3,Slippery,6,0,0,2,7,29,49,Y-Junction,High
6,Friday,6,0,0,Highway,Clear,2,54,80,Truck,2,5,Dry,11,1,0,1,9,37,60,Intersection,High
12,Monday,7,0,0,Highway,Cloudy,8,10,80,Motorcycle,2,8,Wet,9,0,0,0,5,26,65,Intersection,Medium
7,Monday,8,1,0,Urban Road,Rainy,6,10,40,Auto,3,11,Dry,10,0,0,1,5,29,89,Intersection,Medium
18,Friday,2,1,0,Residential,Foggy,5,27,40,Motorcycle,2,0,Wet,11,0,0,0,4,25,79,T-Junction,High
10,Monday,7,1,0,National Highway,Clear,10,23,80,Car,2,6,Dry,7,0,0,2,5,26,58,Intersection,High
23,Friday,6,0,0,Urban Road,Rainy,2,10,40,Car,2,6,Dry,10,0,1,0,5,32,49,Intersection,Low
17,Monday,9,1,0,Urban Road,Foggy,5,13,40,Motorcycle,2,7,Dry,8,0,0,3,4,33,74,Intersection,High
19,Sunday,8,1,1,Urban Road,Rainy,6,38,40,Motorcycle,2,8,Dry,9,0,0,0,6,18,81,T-Junction,Medium
7,Saturday,11,1,1,National Highway,Rainy,6,40,80,Motorcycle,2,5,Dry,8,0,0,0,6,23,86,T-Junction,High
20,Saturday,4,1,1,Urban Road,Cloudy,5,39,40,Motorcycle,2,5,Wet,12,0,0,1,6,29,47,Intersection,High
21,Wednesday,9,0,0,Urban Road,Clear,5,40,40,Motorcycle,2,1,Wet,4,1,0,0,9,31,58,T-Junction,Medium
14,Sunday,1,0,1,Highway,Rainy,3,56,80,Auto,1,1,Dry,6,0,0,0,5,20,78,T-Junction,Medium
16,Monday,11,0,0,Urban Road,Cloudy,3,59,40,Bus,1,7,Dry,7,0,0,2,6,24,52,Roundabout,Medium
18,Thursday,6,1,0,State Highway,Cloudy,10,31,60,Motorcycle,3,0,Wet,8,0,0,1,6,31,70,T-Junction,High
7,Friday,8,1,0,Urban Road,Clear,10,41,40,Motorcycle,1,6,Slippery,4,1,0,3,8,32,67,Intersection,High
14,Sunday,11,0,1,Urban Road,Cloudy,3,43,40,Bicycle,3,8,Wet,5,0,0,2,9,30,52,No Junction,High
12,Monday,11,0,0,Residential,Clear,3,67,40,Auto,2,8,Good,8,0,0,0,6,27,92,Intersection,Medium
7,Saturday,4,1,1,Urban Road,Cloudy,7,15,40,Car,4,15,Good,6,0,0,1,6,22,64,No Junction,High
11,Saturday,2,0,1,Highway,Clear,4,36,80,Motorcycle,2,1,Dry,3,0,0,0,6,25,50,Y-Junction,Medium
5,Friday,11,0,0,National Highway,Rainy,1,80,80,Car,1,5,Dry,6,0,0,1,8,34,83,T-Junction,Medium
2,Thursday,2,0,0,Residential,Clear,3,85,40,Car,1,5,Under Construction,4,0,0,0,8,33,97,Intersection,Medium
7,Monday,10,1,0,Residential,Foggy,2,38,40,Auto,2,11,Dry,9,1,0,2,4,22,66,T-Junction,High
22,Monday,1,0,0,Residential,Clear,3,54,40,Car,1,7,Wet,8,1,0,2,5,37,48,No Junction,Medium
15,Thursday,5,0,0,National Highway,Cloudy,6,10,80,Car,3,5,Good,10,0,1,0,5,23,37,Roundabout,Medium
22,Thursday,6,0,0,Urban Road,Rainy,5,29,40,Motorcycle,5,8,Slippery,8,0,0,0,9,28,63,Y-Junction,Medium
12,Thursday,4,0,0,Urban Road,Cloudy,1,59,40,Motorcycle,2,5,Dry,4,0,0,0,5,21,100,No Junction,Medium
10,Saturday,4,1,1,Urban Road,Rainy,5,22,40,Car,2,3,Slippery,3,1,0,0,7,38,75,T-Junction,Medium
14,Friday,5,0,0,Urban Road,Foggy,5,36,40,Auto,2,3,Dry,11,0,1,1,3,33,51,T-Junction,High
12,Sunday,5,0,1,Urban Road,Foggy,6,35,40,Car,2,5,Good,6,0,0,0,4,29,61,No Junction,Medium
6,Thursday,9,0,0,National Highway,Clear,5,52,80,Truck,1,8,Dry,3,0,0,2,8,25,48,Y-Junction,Medium
17,Friday,8,1,0,State Highway,Rainy,7,10,60,Motorcycle,2,0,Wet,12,0,1,0,6,41,70,T-Junction,Medium
8,Wednesday,9,1,0,Urban Road,Cloudy,5,58,40,Car,3,8,Slippery,9,1,1,0,8,31,33,Intersection,High
17,Monday,3,1,0,Urban Road,Cloudy,5,44,40,Car,1,3,Dry,12,1,0,2,7,40,72,No Junction,High
17,Monday,3,1,0,Highway,Clear,5,30,80,Car,1,0,Dry,9,0,1,0,7,28,65,No Junction,Medium
7,Tuesday,1,1,0,State Highway,Clear,7,19,60,Motorcycle,5,10,Dry,9,0,0,0,7,29,96,No Junction,Medium
5,Wednesday,10,0,0,Urban Road,Rainy,1,22,40,Car,1,2,Wet,6,0,0,1,6,33,75,T-Junction,Medium
19,Sunday,6,1,1,Residential,Foggy,3,32,40,Bus,4,11,Good,10,0,0,2,2,29,84,T-Junction,High
13,Thursday,4,0,0,National Highway,Clear,5,10,80,Car,4,9,Dry,13,1,0,0,6,29,79,No Junction,High
5,Thursday,11,0,0,Urban Road,Clear,4,67,40,Motorcycle,2,9,Dry,10,0,0,0,8,30,69,Intersection,Medium
23,Sunday,8,0,1,State Highway,Foggy,2,60,60,Car,2,6,Wet,6,0,1,1,2,33,76,T-Junction,High
5,Saturday,2,0,1,Urban Road,Clear,4,45,40,Motorcycle,5,8,Dry,4,0,0,0,6,23,69,No Junction,Medium
18,Wednesday,11,1,0,Residential,Rainy,5,10,40,Motorcycle,5,0,Wet,11,0,0,1,6,28,41,No Junction,High
23,Thursday,2,0,0,Urban Road,Cloudy,5,10,40,Car,2,5,Dry,8,0,1,1,7,24,76,No Junction,Medium
8,Tuesday,7,1,0,Urban Road,Foggy,7,10,40,Auto,3,7,Wet,8,1,1,0,1,31,60,No Junction,High
7,Friday,5,1,0,National Highway,Cloudy,6,17,80,Car,4,10,Dry,3,0,0,2,7,28,98,T-Junction,High
7,Monday,1,1,0,Residential,Rainy,4,56,40,Car,1,1,Dry,3,0,1,1,9,24,49,Intersection,Medium
9,Wednesday,7,1,0,Urban Road,Clear,5,39,40,Car,2,4,Slippery,8,1,0,1,7,36,37,Y-Junction,High
6,Monday,7,0,0,Urban Road,Rainy,3,52,40,Auto,4,7,Dry,5,0,1,0,5,35,81,Intersection,High
18,Friday,10,1,0,Highway,Heavy Rain,4,23,80,Car,4,8,Under Construction,8,0,0,0,2,35,20,T-Junction,High
5,Wednesday,6,0,0,Residential,Clear,5,32,40,Car,5,7,Slippery,10,0,0,1,9,35,83,T-Junction,Medium
14,Friday,4,0,0,Urban Road,Clear,5,45,40,Truck,3,0,Dry,6,0,0,0,6,31,84,Y-Junction,Medium
23,Thursday,12,0,0,State Highway,Foggy,7,29,60,Car,1,4,Good,8,0,0,1,4,32,58,Intersection,Medium
19,Sunday,8,1,1,Urban Road,Clear,5,29,40,Motorcycle,2,6,Dry,7,0,0,2,8,26,59,T-Junction,Medium
17,Thursday,12,1,0,Urban Road,Foggy,7,10,40,Bicycle,5,5,Slippery,16,0,0,2,1,36,43,T-Junction,High
9,Sunday,11,1,1,State Highway,Clear,4,63,60,Motorcycle,2,3,Wet,6,0,0,0,6,29,50,T-Junction,High
17,Thursday,2,1,0,Urban Road,Clear,6,10,40,Motorcycle,2,5,Dry,5,0,1,0,5,24,69,Roundabout,Medium
15,Friday,2,0,0,State Highway,Rainy,5,39,60,Bus,1,10,Good,6,1,1,3,6,30,76,Intersection,High
12,Friday,2,0,0,Residential,Clear,4,37,40,Car,2,16,Good,11,0,0,0,6,25,57,No Junction,Low
7,Friday,3,1,0,Urban Road,Rainy,10,23,40,Motorcycle,3,1,Wet,6,0,0,0,8,33,56,No Junction,Medium
20,Monday,6,1,0,Residential,Cloudy,5,39,40,Truck,1,6,Wet,10,0,0,0,6,32,69,T-Junction,Medium
13,Friday,1,0,0,Highway,Clear,1,72,80,Auto,2,7,Good,8,0,1,2,9,33,80,No Junction,High
8,Thursday,11,1,0,Urban Road,Cloudy,5,12,40,Motorcycle,2,9,Wet,8,1,0,1,5,19,66,Roundabout,High
11,Tuesday,2,0,0,Urban Road,Cloudy,8,49,40,Motorcycle,1,8,Dry,12,0,0,1,8,17,73,Intersection,Medium
12,Friday,10,0,0,Residential,Clear,7,30,40,Motorcycle,2,7,Wet,3,0,0,0,7,29,60,T-Junction,Medium
19,Tuesday,2,1,0,Highway,Clear,6,35,80,Motorcycle,4,7,Under Construction,8,0,0,0,7,29,27,Intersection,High
18,Sunday,12,1,1,Urban Road,Heavy Rain,6,44,40,Motorcycle,3,8,Under Construction,10,0,0,3,3,36,82,T-Junction,High
18,Thursday,1,1,0,Urban Road,Clear,9,21,40,Auto,2,3,Good,9,0,1,0,8,24,20,Roundabout,Medium
1,Friday,3,0,0,Highway,Rainy,7,10,80,Bus,2,7,Dry,3,0,0,1,7,22,45,Roundabout,Medium
12,Monday,10,0,0,Highway,Clear,1,52,80,Car,1,8,Slippery,4,0,1,1,9,23,68,No Junction,Medium
14,Monday,7,0,0,Urban Road,Cloudy,5,51,40,Car,1,3,Dry,8,0,0,0,7,21,51,Roundabout,Medium
1,Sunday,1,0,1,Urban Road,Clear,7,31,40,Truck,2,7,Slippery,3,0,0,1,7,25,66,T-Junction,Medium
8,Tuesday,7,1,0,Highway,Clear,7,44,80,Truck,2,0,Wet,6,0,0,0,5,21,92,T-Junction,High
18,Saturday,5,1,1,Highway,Clear,2,39,80,Bus,1,2,Dry,4,0,0,0,7,28,33,No Junction,Medium
7,Monday,9,1,0,State Highway,Clear,10,32,60,Car,2,2,Slippery,8,0,1,0,7,28,69,T-Junction,High
15,Monday,2,0,0,Residential,Clear,6,30,40,Motorcycle,2,1,Dry,7,0,0,1,6,23,31,Intersection,Medium
8,Monday,1,1,0,Urban Road,Rainy,4,51,40,Motorcycle,2,5,Dry,9,0,0,0,9,22,59,No Junction,Medium
1,Thursday,9,0,0,National Highway,Foggy,3,32,80,Car,1,5,Wet,5,0,0,3,3,21,50,Intersection,High
8,Monday,8,1,0,Highway,Clear,8,19,80,Bus,1,6,Slippery,8,1,0,0,5,13,35,Y-Junction,High
23,Wednesday,10,0,0,Urban Road,Clear,4,15,40,Motorcycle,5,5,Dry,8,0,0,0,8,23,91,T-Junction,Medium
19,Friday,6,1,0,State Highway,Foggy,9,10,60,Motorcycle,3,12,Dry,5,0,0,0,1,25,70,No Junction,High
22,Sunday,5,0,1,Residential,Rainy,5,39,40,Car,2,3,Dry,11,0,0,0,6,15,92,No Junction,Low
14,Monday,8,0,0,National Highway,Rainy,5,10,80,Motorcycle,1,1,Wet,10,0,0,0,7,36,48,No Junction,Low
6,Saturday,8,0,1,National Highway,Rainy,2,72,80,Auto,1,0,Dry,6,1,0,0,7,33,86,No Junction,High
15,Saturday,5,0,1,Highway,Foggy,4,41,80,Motorcycle,1,3,Slippery,5,0,0,0,2,26,74,Intersection,Medium
13,Monday,12,0,0,National Highway,Clear,9,36,80,Bicycle,2,3,Good,10,0,0,1,5,15,38,No Junction,Medium
20,Monday,7,1,0,National Highway,Heavy Rain,8,15,80,Bus,1,10,Wet,3,0,0,3,3,34,43,Intersection,High
6,Wednesday,1,0,0,Urban Road,Cloudy,6,21,40,Bus,2,4,Slippery,4,0,1,1,7,25,43,No Junction,Medium
14,Monday,4,0,0,National Highway,Clear,2,10,80,Motorcycle,1,5,Wet,9,0,0,0,8,18,70,No Junction,Low
7,Monday,2,1,0,Highway,Clear,6,35,80,Car,3,5,Dry,13,0,1,0,7,20,69,No Junction,High
10,Friday,10,1,0,Residential,Cloudy,7,42,40,Motorcycle,1,0,Dry,6,0,0,0,5,24,94,No Junction,Medium
18,Saturday,3,1,1,Urban Road,Clear,6,23,40,Motorcycle,2,10,Wet,6,0,0,0,6,22,45,No Junction,Medium
13,Wednesday,12,0,0,Highway,Rainy,7,10,80,Auto,2,3,Good,7,0,1,3,8,24,74,Roundabout,Medium
11,Saturday,1,0,1,Residential,Foggy,1,69,40,Truck,1,8,Under Construction,6,0,0,0,3,16,69,Intersection,Medium
12,Wednesday,11,0,0,Urban Road,Clear,5,58,40,Motorcycle,5,3,Good,6,0,0,0,9,36,49,No Junction,High
13,Saturday,11,0,1,Residential,Rainy,4,44,40,Car,1,3,Good,6,0,0,0,9,33,80,Intersection,Low
19,Monday,2,1,0,Urban Road,Clear,9,25,40,Motorcycle,1,2,Dry,8,0,0,2,6,23,58,No Junction,Medium
21,Saturday,1,0,1,Urban Road,Clear,4,66,40,Car,2,4,Dry,10,0,0,0,9,33,67,No Junction,Medium
22,Saturday,8,0,1,Highway,Rainy,2,56,80,Motorcycle,2,8,Wet,8,0,0,1,6,25,67,Intersection,High
19,Wednesday,4,1,0,Residential,Clear,2,50,40,Car,5,0,Slippery,7,0,1,0,7,28,52,Y-Junction,High
10,Sunday,3,1,1,State Highway,Clear,5,57,60,Auto,1,9,Wet,6,0,0,0,9,20,72,Intersection,Medium
17,Tuesday,1,1,0,Residential,Clear,7,26,40,Truck,2,9,Under Construction,4,0,0,1,9,31,76,No Junction,Medium
12,Wednesday,2,0,0,Residential,Clear,4,16,40,Car,2,4,Slippery,4,0,1,3,8,32,87,Y-Junction,Medium
8,Wednesday,3,1,0,Urban Road,Clear,9,67,40,Motorcycle,2,0,Wet,3,0,0,0,6,29,58,Intersection,High
20,Wednesday,3,1,0,Urban Road,Clear,8,41,40,Bus,2,7,Dry,9,0,0,0,8,24,60,T-Junction,Medium
3,Thursday,6,0,0,Urban Road,Rainy,3,64,40,Car,2,5,Dry,6,0,0,0,9,16,41,Y-Junction,Medium
21,Sunday,10,0,1,National Highway,Clear,2,35,80,Motorcycle,3,8,Wet,9,0,0,0,7,33,54,Intersection,Medium
13,Thursday,8,0,0,Residential,Rainy,5,39,40,Bus,1,0,Good,5,0,0,0,5,26,49,Intersection,Medium
17,Thursday,6,1,0,Urban Road,Rainy,4,10,40,Car,2,0,Dry,7,0,0,1,6,23,69,Intersection,Medium
17,Wednesday,2,1,0,Urban Road,Clear,6,14,40,Auto,2,14,Wet,6,0,1,1,6,24,79,T-Junction,High
21,Tuesday,2,0,0,Urban Road,Clear,4,31,40,Motorcycle,4,9,Good,12,0,1,0,7,29,85,Intersection,Medium
17,Wednesday,7,1,0,Residential,Cloudy,5,16,40,Motorcycle,1,4,Dry,6,0,0,1,7,20,88,No Junction,Low
17,Monday,1,1,0,Urban Road,Clear,6,10,40,Motorcycle,1,0,Dry,10,0,0,2,6,30,77,Y-Junction,Medium
5,Tuesday,1,0,0,Residential,Foggy,3,14,40,Bus,3,1,Wet,3,1,0,2,4,26,64,Roundabout,High
14,Thursday,7,0,0,Urban Road,Clear,10,33,40,Motorcycle,1,8,Wet,12,0,0,1,7,23,34,Intersection,Medium
7,Saturday,9,1,1,Urban Road,Clear,9,20,40,Auto,1,2,Good,10,0,0,0,7,23,74,T-Junction,Medium
18,Saturday,5,1,1,State Highway,Clear,5,49,60,Motorcycle,2,0,Dry,6,0,0,0,7,30,46,Intersection,Medium
14,Sunday,11,0,1,Urban Road,Rainy,1,29,40,Motorcycle,3,2,Wet,6,1,0,1,9,13,59,T-Junction,Medium
17,Friday,1,1,0,National Highway,Rainy,1,46,80,Motorcycle,1,0,Dry,11,0,0,0,6,24,62,Roundabout,Medium
4,Sunday,5,0,1,Highway,Foggy,1,45,80,Motorcycle,3,3,Wet,10,0,0,1,3,31,46,Intersection,High
6,Tuesday,11,0,0,Urban Road,Cloudy,6,32,40,Truck,2,2,Dry,7,0,0,1,7,27,48,No Junction,Medium
18,Thursday,1,1,0,Urban Road,Rainy,6,10,40,Car,4,8,Slippery,5,0,0,0,8,35,66,T-Junction,High
6,Tuesday,10,0,0,State Highway,Heavy Rain,5,10,60,Motorcycle,1,9,Wet,11,0,0,0,4,28,61,T-Junction,Medium
6,Tuesday,12,0,0,Residential,Clear,6,34,40,Motorcycle,2,2,Slippery,6,0,0,1,6,24,60,T-Junction,Medium
1,Saturday,9,0,1,Highway,Clear,3,23,80,Motorcycle,1,5,Wet,9,0,0,0,9,26,50,T-Junction,Low
22,Wednesday,4,0,0,Urban Road,Cloudy,7,11,40,Motorcycle,4,7,Wet,6,0,1,1,5,28,84,No Junction,High
18,Monday,9,1,0,Residential,Rainy,8,10,40,Car,1,11,Under Construction,7,1,1,1,8,23,33,No Junction,Medium
11,Friday,2,0,0,Urban Road,Rainy,4,50,40,Car,1,4,Dry,13,0,0,2,9,31,100,Intersection,Medium
9,Thursday,7,1,0,Urban Road,Rainy,6,10,40,Car,3,0,Dry,7,1,0,0,7,38,64,Y-Junction,Medium
10,Tuesday,12,1,0,Urban Road,Clear,9,10,40,Motorcycle,4,5,Wet,12,0,1,2,8,20,51,Intersection,High
19,Friday,2,1,0,Residential,Clear,8,10,40,Motorcycle,2,7,Slippery,3,0,0,0,7,31,33,No Junction,Medium
17,Tuesday,12,1,0,Urban Road,Clear,4,46,40,Car,4,6,Dry,3,0,0,1,9,23,41,Intersection,High
8,Saturday,4,1,1,Highway,Clear,8,47,80,Truck,2,6,Wet,9,0,0,0,9,23,68,T-Junction,Medium
7,Monday,6,1,0,Urban Road,Clear,7,34,40,Truck,1,7,Dry,5,0,0,1,7,25,56,Intersection,Medium
6,Saturday,2,0,1,Highway,Clear,3,62,80,Auto,3,8,Dry,7,0,1,0,5,24,37,T-Junction,High
17,Friday,2,1,0,Urban Road,Rainy,5,79,40,Bus,1,0,Dry,3,0,0,1,6,31,39,No Junction,Medium
18,Thursday,2,1,0,State Highway,Clear,6,10,60,Bus,2,2,Good,3,0,0,0,6,28,51,Intersection,Medium
9,Tuesday,3,1,0,Highway,Rainy,6,26,80,Bus,3,3,Under Construction,8,1,0,1,9,26,55,T-Junction,High
2,Monday,5,0,0,Highway,Clear,3,38,80,Auto,1,7,Dry,6,0,0,0,8,30,79,Intersection,Medium
6,Saturday,9,0,1,Highway,Clear,4,46,80,Motorcycle,2,2,Dry,6,1,0,0,7,30,53,Intersection,High
22,Friday,6,0,0,State Highway,Cloudy,2,33,60,Car,5,1,Dry,13,0,1,1,8,27,100,T-Junction,Medium
9,Saturday,12,1,1,Highway,Clear,1,42,80,Motorcycle,1,7,Dry,9,0,0,0,7,34,69,Intersection,Medium
18,Tuesday,9,1,0,National Highway,Cloudy,7,32,80,Bus,2,7,Under Construction,14,0,0,0,8,28,78,T-Junction,Medium
17,Tuesday,10,1,0,Urban Road,Foggy,8,26,40,Car,2,10,Dry,8,1,1,3,1,40,88,No Junction,High
11,Thursday,5,0,0,Urban Road,Cloudy,6,10,40,Bus,2,8,Dry,12,1,1,0,9,22,36,T-Junction,Medium
8,Monday,11,1,0,Highway,Foggy,9,30,80,Car,1,0,Dry,10,1,0,0,4,19,52,No Junction,High
7,Wednesday,6,1,0,Residential,Cloudy,3,18,40,Car,2,9,Dry,6,0,0,0,6,29,59,No Junction,Medium
17,Saturday,10,1,1,Residential,Clear,6,12,40,Truck,2,4,Wet,7,0,0,0,8,33,87,No Junction,Medium
19,Tuesday,12,1,0,Urban Road,Cloudy,8,10,40,Motorcycle,2,4,Slippery,6,0,1,3,6,25,64,No Junction,Medium
17,Friday,8,1,0,Urban Road,Rainy,7,31,40,Auto,3,5,Dry,11,0,0,0,8,23,66,No Junction,Medium
15,Saturday,3,0,1,Urban Road,Clear,3,10,40,Truck,2,10,Dry,8,0,1,2,9,28,82,Intersection,Medium
4,Thursday,2,0,0,Urban Road,Clear,5,59,40,Car,2,0,Wet,5,0,1,1,9,26,82,No Junction,High
22,Thursday,3,0,0,Urban Road,Clear,7,73,40,Auto,1,3,Slippery,4,1,0,1,8,26,95,T-Junction,High
19,Tuesday,9,1,0,Urban Road,Rainy,7,16,40,Auto,2,4,Dry,4,1,0,1,8,23,35,T-Junction,High
9,Tuesday,6,1,0,Residential,Foggy,7,10,40,Auto,1,1,Dry,5,0,1,2,4,24,53,No Junction,High
23,Tuesday,10,0,0,Urban Road,Clear,3,10,40,Truck,1,1,Dry,5,1,0,2,9,33,57,Y-Junction,Medium
16,Sunday,12,0,1,Urban Road,Clear,2,41,40,Auto,1,3,Wet,4,0,0,1,5,35,48,Roundabout,Medium
16,Wednesday,4,0,0,Urban Road,Clear,1,37,40,Car,1,0,Dry,11,0,0,0,5,27,73,Intersection,Medium
18,Tuesday,10,1,0,Highway,Clear,3,47,80,Motorcycle,2,7,Dry,3,1,0,2,8,21,78,T-Junction,High
19,Saturday,3,1,1,Urban Road,Clear,7,40,40,Car,2,8,Dry,9,1,0,0,7,21,29,Intersection,High
17,Saturday,2,1,1,Urban Road,Clear,5,10,40,Car,1,7,Wet,14,0,0,1,5,20,77,Y-Junction,Medium
7,Sunday,4,1,1,Highway,Rainy,5,20,80,Bus,2,4,Dry,8,1,0,0,9,33,51,T-Junction,High
10,Sunday,9,1,1,National Highway,Clear,7,10,80,Truck,1,8,Slippery,8,0,0,2,9,29,65,T-Junction,Medium
21,Monday,4,0,0,Urban Road,Clear,8,31,40,Auto,1,2,Wet,8,0,0,0,9,26,46,T-Junction,Medium
8,Friday,12,1,0,Urban Road,Cloudy,7,10,40,Bus,1,7,Wet,3,0,0,0,6,33,80,Y-Junction,Medium
11,Tuesday,5,0,0,State Highway,Clear,2,14,60,Car,1,6,Wet,9,0,0,0,6,30,46,No Junction,Low
12,Saturday,8,0,1,Highway,Rainy,4,27,80,Auto,2,0,Slippery,9,1,0,0,9,13,64,Intersection,Medium
12,Sunday,2,0,1,State Highway,Clear,5,47,60,Car,3,6,Good,7,0,0,0,5,23,76,No Junction,Medium
17,Saturday,12,1,1,Urban Road,Rainy,2,20,40,Car,1,6,Slippery,3,0,1,0,6,27,71,Y-Junction,Medium
22,Saturday,11,0,1,Residential,Clear,6,51,40,Car,2,13,Wet,13,0,0,0,7,38,48,Roundabout,Medium
8,Sunday,3,1,1,Residential,Rainy,4,10,40,Bus,2,3,Slippery,8,1,1,0,8,37,63,Intersection,High
7,Wednesday,6,1,0,National Highway,Rainy,9,10,80,Auto,3,6,Wet,4,0,1,0,6,14,63,Intersection,High
8,Sunday,12,1,1,Residential,Rainy,5,10,40,Motorcycle,1,12,Dry,4,0,0,2,6,20,78,Roundabout,Medium
20,Sunday,7,1,1,Urban Road,Clear,4,50,40,Auto,2,7,Dry,5,0,1,0,5,28,60,Intersection,Medium
17,Friday,4,1,0,Residential,Rainy,8,46,40,Motorcycle,1,8,Dry,12,1,0,0,5,31,59,Intersection,High
9,Sunday,1,1,1,Urban Road,Cloudy,4,45,40,Auto,4,1,Dry,7,0,1,1,7,24,59,T-Junction,High
19,Thursday,7,1,0,Residential,Clear,2,61,40,Motorcycle,2,4,Dry,7,0,0,0,7,31,36,T-Junction,Medium
20,Sunday,12,1,1,Highway,Foggy,5,22,80,Bicycle,1,7,Dry,6,0,0,1,3,24,83,No Junction,High
20,Saturday,9,1,1,Residential,Clear,9,10,40,Car,2,3,Good,11,0,0,0,7,24,88,T-Junction,Medium
21,Tuesday,1,0,0,Residential,Clear,3,31,40,Car,1,8,Dry,11,0,0,0,6,21,95,Y-Junction,Low
8,Saturday,1,1,1,State Highway,Rainy,2,10,60,Car,5,10,Wet,3,1,0,0,7,19,73,No Junction,Medium
18,Friday,1,1,0,Urban Road,Rainy,4,35,40,Car,3,13,Good,7,1,0,0,7,24,40,Intersection,High
13,Thursday,10,0,0,State Highway,Rainy,3,31,60,Motorcycle,2,12,Wet,7,0,0,1,9,34,26,No Junction,Medium
20,Sunday,7,1,1,Highway,Heavy Rain,9,10,80,Motorcycle,2,5,Wet,5,1,1,0,2,30,71,T-Junction,High
18,Wednesday,11,1,0,Highway,Heavy Rain,3,31,80,Bus,2,4,Slippery,6,1,0,0,2,29,50,No Junction,High
19,Monday,9,1,0,Urban Road,Cloudy,6,10,40,Car,2,5,Dry,7,0,0,1,6,26,57,T-Junction,Medium
17,Sunday,3,1,1,Residential,Rainy,3,36,40,Auto,2,0,Dry,4,0,0,0,8,30,60,No Junction,Low
7,Tuesday,8,1,0,Residential,Clear,7,10,40,Bus,1,5,Under Construction,8,0,0,1,7,25,70,Roundabout,Low
15,Monday,9,0,0,Residential,Clear,7,29,40,Truck,1,3,Dry,8,0,0,0,7,23,54,Roundabout,Low
23,Wednesday,3,0,0,Urban Road,Rainy,5,39,40,Bicycle,3,0,Under Construction,9,0,0,0,7,31,79,Intersection,Medium
22,Friday,12,0,0,Residential,Rainy,5,13,40,Car,1,7,Dry,6,0,0,1,5,24,50,Roundabout,Low
4,Friday,12,0,0,Highway,Heavy Rain,2,36,80,Bicycle,2,0,Wet,3,0,0,1,4,21,59,Y-Junction,Medium
7,Wednesday,3,1,0,Urban Road,Rainy,6,24,40,Car,2,2,Wet,5,0,0,0,5,30,78,Intersection,Medium
7,Saturday,1,1,1,Highway,Clear,6,10,80,Car,2,10,Good,4,0,0,3,8,19,58,No Junction,Medium
18,Wednesday,2,1,0,Residential,Rainy,9,25,40,Motorcycle,1,5,Dry,7,0,0,1,7,30,92,No Junction,Medium
19,Sunday,7,1,1,Urban Road,Clear,3,64,40,Truck,1,6,Good,9,0,1,1,6,30,50,No Junction,Medium
8,Tuesday,3,1,0,Urban Road,Clear,5,23,40,Car,2,10,Wet,13,0,0,2,6,20,85,T-Junction,High
14,Thursday,7,0,0,Residential,Rainy,5,55,40,Motorcycle,2,9,Slippery,5,0,1,0,9,20,40,T-Junction,Medium
20,Sunday,5,1,1,Urban Road,Clear,8,21,40,Car,1,12,Wet,8,0,1,0,5,35,55,Y-Junction,High
18,Sunday,10,1,1,State Highway,Foggy,4,22,60,Car,2,5,Dry,8,1,0,1,4,31,80,T-Junction,High
15,Sunday,8,0,1,Urban Road,Clear,8,26,40,Auto,2,10,Slippery,12,0,0,0,9,30,99,Intersection,Medium
16,Monday,5,0,0,Highway,Rainy,3,36,80,Motorcycle,2,1,Dry,8,0,0,0,8,29,75,No Junction,Low
14,Monday,3,0,0,National Highway,Rainy,2,49,80,Car,1,7,Dry,6,0,0,0,6,32,80,No Junction,Low
9,Friday,9,1,0,Highway,Foggy,6,26,80,Motorcycle,1,0,Slippery,7,0,0,3,3,32,75,Intersection,High
16,Sunday,7,0,1,Residential,Cloudy,2,65,40,Car,1,6,Good,9,0,0,2,6,23,61,No Junction,Medium
17,Saturday,5,1,1,Urban Road,Clear,6,10,40,Car,1,10,Wet,10,0,0,1,6,26,20,Intersection,Medium
20,Friday,7,1,0,Urban Road,Foggy,8,10,40,Motorcycle,3,5,Wet,13,0,0,2,3,25,48,No Junction,High
17,Tuesday,11,1,0,Residential,Clear,8,35,40,Car,2,4,Wet,12,0,0,0,6,31,52,Intersection,High
18,Wednesday,10,1,0,Highway,Cloudy,8,16,80,Truck,4,6,Under Construction,5,0,0,0,8,29,45,Intersection,Medium
7,Monday,9,1,0,State Highway,Cloudy,6,19,60,Motorcycle,1,0,Good,3,0,1,0,7,35,34,Roundabout,Low
13,Sunday,5,0,1,Urban Road,Foggy,4,10,40,Car,2,0,Wet,4,0,1,2,2,29,97,Intersection,High
0,Tuesday,7,0,0,Urban Road,Clear,1,78,40,Motorcycle,3,9,Dry,8,0,0,1,9,28,52,T-Junction,Medium
8,Friday,11,1,0,Residential,Clear,4,17,40,Motorcycle,2,7,Dry,11,0,0,0,6,32,37,No Junction,Medium
18,Friday,9,1,0,Highway,Clear,8,21,80,Motorcycle,2,2,Dry,7,0,1,2,5,32,100,No Junction,High
23,Monday,1,0,0,Urban Road,Clear,4,27,40,Car,2,1,Under Construction,5,0,1,0,5,35,85,No Junction,Medium
6,Friday,4,0,0,State Highway,Rainy,4,51,60,Car,1,8,Good,3,0,0,1,5,29,46,T-Junction,Medium
12,Saturday,1,0,1,Residential,Clear,4,56,40,Motorcycle,5,2,Slippery,12,1,1,1,8,40,48,Intersection,High
19,Friday,8,1,0,Urban Road,Clear,2,14,40,Truck,1,1,Good,6,0,1,2,9,33,38,No Junction,Medium
8,Thursday,3,1,0,Residential,Cloudy,7,50,40,Car,2,8,Dry,3,0,1,1,5,40,35,Y-Junction,High
15,Wednesday,2,0,0,National Highway,Cloudy,4,10,80,Auto,4,0,Wet,7,0,0,1,8,28,49,Y-Junction,Medium
18,Friday,4,1,0,Highway,Cloudy,8,14,80,Car,4,1,Wet,8,1,0,1,9,41,75,Intersection,High
17,Thursday,11,1,0,Urban Road,Clear,6,10,40,Car,4,11,Wet,10,0,0,0,7,32,92,Y-Junction,High
8,Tuesday,3,1,0,Urban Road,Clear,5,38,40,Car,2,6,Wet,4,0,0,0,8,21,88,Intersection,Medium
11,Friday,11,0,0,State Highway,Clear,4,70,60,Auto,1,5,Dry,11,0,0,0,5,22,89,T-Junction,Medium
19,Saturday,5,1,1,Residential,Rainy,3,38,40,Auto,2,7,Wet,11,0,0,0,6,26,62,Roundabout,Medium
15,Tuesday,8,0,0,State Highway,Cloudy,7,17,60,Auto,2,11,Slippery,8,0,0,1,8,26,77,Roundabout,Medium
0,Sunday,10,0,1,National Highway,Rainy,4,21,80,Bus,2,7,Under Construction,9,0,0,0,7,30,72,No Junction,Medium
18,Friday,8,1,0,Urban Road,Rainy,9,52,40,Car,2,4,Slippery,10,0,0,0,9,38,65,No Junction,High
3,Monday,11,0,0,Highway,Foggy,6,15,80,Truck,3,2,Dry,6,0,1,0,2,29,88,T-Junction,High
18,Thursday,7,1,0,Urban Road,Clear,5,10,40,Car,2,4,Wet,3,0,0,0,9,21,78,No Junction,Low
8,Thursday,8,1,0,Urban Road,Clear,7,10,40,Motorcycle,3,1,Dry,6,0,0,0,8,30,69,Y-Junction,Medium
22,Monday,5,0,0,Residential,Clear,5,25,40,Car,5,5,Dry,3,0,0,1,9,25,49,T-Junction,High
11,Wednesday,10,0,0,State Highway,Rainy,6,18,60,Motorcycle,3,3,Wet,9,0,0,0,5,25,91,T-Junction,Medium
10,Sunday,10,1,1,Urban Road,Heavy Rain,7,10,40,Bus,3,16,Dry,12,0,0,0,5,26,39,No Junction,Medium
7,Saturday,11,1,1,Urban Road,Cloudy,5,21,40,Truck,3,7,Wet,5,0,0,0,6,25,36,T-Junction,High
9,Thursday,12,1,0,State Highway,Clear,8,18,60,Motorcycle,3,3,Dry,6,1,0,0,7,20,20,T-Junction,High
20,Tuesday,11,1,0,Urban Road,Clear,7,22,40,Truck,1,8,Dry,7,0,0,1,7,28,63,No Junction,Medium
23,Saturday,6,0,1,Urban Road,Clear,2,10,40,Motorcycle,5,2,Wet,14,0,0,0,8,38,72,Y-Junction,Medium
11,Thursday,8,0,0,Residential,Heavy Rain,3,24,40,Motorcycle,3,17,Dry,6,0,0,0,5,32,40,No Junction,Medium
13,Sunday,1,0,1,Urban Road,Clear,5,28,40,Car,3,2,Dry,11,0,0,1,8,20,64,Intersection,Medium
18,Wednesday,6,1,0,National Highway,Heavy Rain,6,21,80,Car,1,0,Dry,8,0,1,2,3,12,87,No Junction,High
20,Sunday,6,1,1,Urban Road,Clear,5,28,40,Car,2,3,Dry,3,0,0,1,5,29,77,Y-Junction,Medium
16,Tuesday,11,0,0,State Highway,Cloudy,3,16,60,Bicycle,1,11,Dry,6,0,0,0,6,31,53,Roundabout,Low
12,Sunday,5,0,1,Residential,Cloudy,6,29,40,Auto,1,0,Dry,10,0,0,0,8,31,81,Intersection,Low
12,Saturday,4,0,1,Highway,Cloudy,6,68,80,Car,4,7,Wet,6,0,1,0,6,28,85,Intersection,High
18,Tuesday,1,1,0,Highway,Cloudy,5,13,80,Car,2,6,Dry,9,0,0,0,6,21,86,Roundabout,Medium
0,Monday,11,0,0,Urban Road,Clear,6,10,40,Car,4,2,Dry,13,0,0,0,5,37,78,No Junction,Medium
17,Friday,10,1,0,Highway,Foggy,8,39,80,Motorcycle,2,5,Slippery,9,0,0,0,4,27,34,T-Junction,High
11,Monday,11,0,0,Urban Road,Rainy,3,39,40,Car,4,7,Dry,6,0,1,0,6,24,96,No Junction,Medium
19,Saturday,8,1,1,Residential,Cloudy,4,16,40,Auto,4,12,Wet,10,0,1,0,6,30,70,T-Junction,High
6,Friday,6,0,0,Residential,Rainy,6,61,40,Bus,2,2,Dry,9,0,1,1,9,24,55,T-Junction,Medium
16,Monday,3,0,0,Residential,Clear,1,10,40,Motorcycle,2,0,Good,10,0,0,0,5,21,84,Intersection,Low
14,Friday,12,0,0,Highway,Foggy,1,36,80,Auto,1,8,Dry,7,0,1,0,3,25,60,No Junction,Medium
17,Thursday,3,1,0,Residential,Clear,9,10,40,Motorcycle,4,3,Wet,5,0,1,1,9,29,20,No Junction,High
5,Sunday,12,0,1,Urban Road,Cloudy,4,69,40,Car,3,9,Dry,9,0,0,0,6,35,87,Y-Junction,Medium
16,Tuesday,6,0,0,National Highway,Clear,5,22,80,Motorcycle,2,9,Wet,9,0,0,0,9,17,53,Y-Junction,Medium
16,Friday,12,0,0,National Highway,Clear,9,10,80,Motorcycle,2,9,Wet,6,0,0,0,6,30,61,Y-Junction,High
16,Thursday,7,0,0,State Highway,Rainy,5,10,60,Truck,2,5,Dry,3,0,0,0,8,33,65,Roundabout,Low
16,Sunday,8,0,1,Residential,Cloudy,4,60,40,Car,1,7,Dry,6,0,0,0,5,30,58,No Junction,Medium
17,Sunday,5,1,1,Highway,Rainy,5,65,80,Motorcycle,4,7,Good,4,0,1,0,6,31,68,Intersection,High
19,Wednesday,10,1,0,Highway,Heavy Rain,6,17,80,Auto,1,4,Under Construction,7,0,0,0,5,36,82,No Junction,Medium
9,Monday,6,1,0,State Highway,Clear,4,28,60,Auto,3,8,Slippery,10,0,0,0,7,33,75,No Junction,Medium
19,Wednesday,12,1,0,Urban Road,Clear,8,10,40,Auto,2,7,Under Construction,3,1,0,2,9,25,44,No Junction,Medium
14,Saturday,1,0,1,Urban Road,Clear,4,56,40,Motorcycle,3,13,Dry,8,0,0,1,5,33,37,Intersection,High
6,Thursday,6,0,0,State Highway,Clear,3,26,60,Truck,2,8,Slippery,9,0,0,1,9,28,57,No Junction,Low
5,Wednesday,9,0,0,Residential,Clear,6,13,40,Auto,1,4,Dry,5,1,0,1,5,32,49,Intersection,Medium
10,Wednesday,10,1,0,Highway,Clear,5,14,80,Bicycle,2,14,Wet,9,0,0,0,7,20,48,No Junction,Medium
19,Sunday,4,1,1,Urban Road,Clear,6,35,40,Car,4,0,Slippery,11,0,0,2,7,26,48,No Junction,High
18,Thursday,10,1,0,Highway,Cloudy,8,30,80,Car,1,3,Dry,9,1,0,0,9,31,91,T-Junction,Medium
19,Sunday,1,1,1,Residential,Foggy,6,10,40,Motorcycle,1,3,Slippery,14,1,0,0,2,27,75,T-Junction,High
14,Tuesday,11,0,0,Urban Road,Clear,4,34,40,Auto,2,7,Wet,8,0,0,0,7,31,58,Y-Junction,Medium
13,Friday,9,0,0,National Highway,Clear,2,10,80,Motorcycle,3,3,Wet,11,1,0,0,5,36,67,Y-Junction,Medium
7,Saturday,4,1,1,Residential,Clear,6,10,40,Bus,3,1,Good,14,0,0,0,6,26,73,No Junction,Medium
10,Saturday,2,1,1,Highway,Clear,8,10,80,Motorcycle,5,4,Under Construction,9,0,0,2,6,33,50,Y-Junction,High
12,Monday,1,0,0,Highway,Clear,2,24,80,Bus,4,4,Dry,13,0,0,1,6,21,66,Intersection,Medium
6,Sunday,3,0,1,Urban Road,Clear,1,47,40,Car,1,1,Wet,9,1,1,2,7,32,20,T-Junction,High
8,Friday,7,1,0,National Highway,Clear,9,40,80,Bus,3,5,Wet,12,1,0,1,8,18,65,Intersection,High
16,Monday,11,0,0,Urban Road,Heavy Rain,3,46,40,Bus,3,8,Dry,4,0,0,0,4,29,77,Y-Junction,High
18,Saturday,10,1,1,State Highway,Clear,4,61,60,Car,1,4,Under Construction,8,1,0,0,5,28,76,No Junction,Medium
23,Friday,2,0,0,Urban Road,Clear,4,28,40,Auto,3,10,Dry,15,1,1,0,7,38,66,No Junction,High
22,Wednesday,9,0,0,Urban Road,Clear,6,26,40,Car,1,17,Dry,3,0,1,0,7,25,39,T-Junction,Medium
17,Tuesday,12,1,0,National Highway,Clear,4,42,80,Bus,2,8,Dry,5,0,1,0,7,16,71,No Junction,High
12,Wednesday,11,0,0,Highway,Clear,4,65,80,Auto,1,9,Dry,14,0,1,1,7,31,84,T-Junction,High
17,Tuesday,2,1,0,Residential,Clear,4,39,40,Bus,2,2,Dry,7,0,0,1,5,21,84,Roundabout,Medium
19,Sunday,5,1,1,Highway,Clear,10,28,80,Car,2,4,Wet,7,0,0,1,7,28,64,Intersection,High
7,Thursday,8,1,0,State Highway,Rainy,5,21,60,Car,2,4,Wet,10,0,0,0,8,24,70,T-Junction,Medium
12,Monday,12,0,0,State Highway,Rainy,3,17,60,Car,3,7,Wet,11,0,1,0,9,26,60,No Junction,Medium
19,Monday,10,1,0,State Highway,Clear,5,40,60,Car,1,10,Dry,6,0,0,1,5,15,77,Intersection,Medium
11,Thursday,8,0,0,Highway,Cloudy,4,29,80,Motorcycle,2,3,Wet,3,0,0,0,8,17,55,T-Junction,Medium
16,Friday,3,0,0,Highway,Clear,5,34,80,Car,1,9,Dry,5,1,0,0,6,30,54,Intersection,High
16,Thursday,2,0,0,Urban Road,Foggy,6,10,40,Auto,1,7,Dry,6,1,1,0,3,27,63,Y-Junction,Medium
8,Sunday,9,1,1,Urban Road,Clear,4,70,40,Car,5,12,Dry,4,0,0,0,5,21,62,Y-Junction,High
11,Saturday,3,0,1,Residential,Clear,2,60,40,Truck,2,11,Dry,5,0,0,3,9,24,35,Intersection,Medium
10,Thursday,8,1,0,Urban Road,Clear,2,62,40,Auto,2,0,Dry,8,0,0,1,7,30,62,T-Junction,Medium
2,Tuesday,2,0,0,Highway,Clear,2,70,80,Bicycle,2,5,Slippery,5,0,1,1,5,26,40,No Junction,High
2,Saturday,3,0,1,Residential,Heavy Rain,2,45,40,Auto,3,1,Dry,13,0,0,0,3,30,63,Intersection,High
19,Thursday,1,1,0,State Highway,Clear,10,10,60,Car,2,5,Dry,6,1,0,1,7,22,100,Y-Junction,High
9,Monday,11,1,0,National Highway,Rainy,7,19,80,Motorcycle,3,6,Wet,3,0,0,0,6,31,79,No Junction,High
14,Wednesday,6,0,0,Urban Road,Foggy,4,24,40,Car,4,4,Good,11,0,0,1,2,26,43,No Junction,Medium
9,Tuesday,7,1,0,Urban Road,Clear,10,37,40,Motorcycle,4,5,Under Construction,17,1,1,1,7,30,66,Intersection,High
22,Sunday,4,0,1,Highway,Clear,3,54,80,Car,1,10,Good,7,0,0,0,5,29,75,No Junction,Medium
8,Tuesday,1,1,0,Highway,Foggy,5,31,80,Car,2,5,Under Construction,8,0,0,0,2,25,41,No Junction,High
12,Friday,3,0,0,Urban Road,Clear,3,20,40,Motorcycle,2,3,Wet,11,0,1,1,7,25,72,Y-Junction,Medium
20,Wednesday,9,1,0,National Highway,Cloudy,4,10,80,Car,2,8,Under Construction,6,0,0,0,6,27,63,No Junction,Low
20,Tuesday,5,1,0,Highway,Rainy,5,10,80,Motorcycle,1,4,Wet,13,0,0,0,6,32,63,No Junction,Medium
8,Thursday,6,1,0,Urban Road,Rainy,7,10,40,Car,4,1,Dry,3,0,1,0,5,38,51,Roundabout,High
19,Tuesday,4,1,0,Highway,Heavy Rain,6,20,80,Motorcycle,4,9,Dry,7,0,0,0,2,23,64,Intersection,High
13,Tuesday,1,0,0,Urban Road,Cloudy,7,11,40,Motorcycle,3,6,Wet,5,0,1,0,8,33,90,T-Junction,Medium
14,Tuesday,5,0,0,Highway,Foggy,5,40,80,Motorcycle,4,11,Under Construction,4,0,0,0,4,26,56,T-Junction,High
7,Friday,5,1,0,Urban Road,Rainy,8,30,40,Auto,3,6,Dry,5,1,0,3,6,27,84,Roundabout,High
6,Tuesday,5,0,0,Urban Road,Clear,7,36,40,Motorcycle,2,7,Dry,9,0,0,0,8,29,65,T-Junction,Medium
18,Tuesday,6,1,0,Highway,Cloudy,8,55,80,Bus,2,2,Slippery,10,0,0,0,5,25,70,No Junction,High
14,Friday,11,0,0,Highway,Clear,3,35,80,Motorcycle,3,7,Wet,10,0,0,2,9,25,93,No Junction,Medium
12,Saturday,2,0,1,Residential,Cloudy,3,65,40,Motorcycle,4,12,Under Construction,3,0,0,0,6,39,63,Roundabout,Medium
18,Wednesday,1,1,0,Urban Road,Foggy,9,39,40,Motorcycle,2,11,Good,9,1,1,0,1,28,66,Intersection,High
18,Sunday,2,1,1,Highway,Cloudy,8,10,80,Car,2,4,Dry,7,0,0,1,9,30,77,Intersection,Medium
7,Saturday,10,1,1,National Highway,Clear,6,30,80,Bus,4,7,Dry,6,0,0,1,6,38,45,Intersection,High
17,Monday,6,1,0,Urban Road,Clear,10,43,40,Bus,3,10,Dry,7,0,1,0,8,38,84,Intersection,High
7,Friday,5,1,0,Residential,Foggy,6,12,40,Car,4,7,Under Construction,12,0,0,0,3,26,58,No Junction,Medium
18,Friday,5,1,0,State Highway,Heavy Rain,7,10,60,Bus,4,6,Dry,7,0,0,0,3,23,56,Intersection,High
17,Tuesday,12,1,0,Urban Road,Cloudy,4,36,40,Bus,2,5,Dry,10,0,0,2,7,21,38,Intersection,Medium
22,Tuesday,12,0,0,State Highway,Cloudy,5,39,60,Motorcycle,1,5,Dry,11,0,0,1,9,20,44,T-Junction,Medium
5,Sunday,6,0,1,National Highway,Rainy,5,85,80,Truck,3,11,Dry,10,0,0,2,8,25,72,No Junction,High
5,Monday,10,0,0,Highway,Clear,7,52,80,Auto,4,8,Dry,6,0,0,0,6,21,86,Roundabout,Medium
9,Tuesday,7,1,0,State Highway,Cloudy,1,49,60,Motorcycle,4,3,Under Construction,6,0,1,0,5,27,49,Roundabout,High
9,Thursday,9,1,0,Highway,Clear,4,10,80,Bus,4,6,Slippery,8,0,0,0,5,23,76,No Junction,High
8,Tuesday,7,1,0,Urban Road,Clear,6,10,40,Bicycle,4,2,Under Construction,6,1,1,0,6,25,60,Roundabout,High
21,Tuesday,2,0,0,State Highway,Foggy,1,74,60,Motorcycle,2,5,Dry,5,0,0,0,3,27,37,Intersection,High
8,Thursday,6,1,0,National Highway,Foggy,7,28,80,Motorcycle,4,5,Wet,8,0,0,1,4,26,55,Intersection,High
9,Monday,9,1,0,Residential,Clear,10,10,40,Truck,2,7,Wet,5,0,0,0,7,21,78,No Junction,Medium
18,Thursday,7,1,0,Highway,Clear,6,22,80,Motorcycle,3,1,Wet,6,0,0,1,6,30,44,No Junction,Medium
13,Friday,2,0,0,Urban Road,Cloudy,6,45,40,Car,1,6,Dry,7,0,0,0,6,35,38,Intersection,Medium
19,Thursday,3,1,0,Residential,Cloudy,7,10,40,Motorcycle,2,4,Slippery,6,0,0,2,9,35,51,Intersection,Medium
5,Wednesday,8,0,0,Urban Road,Clear,3,10,40,Bus,1,5,Wet,7,0,0,0,6,33,50,T-Junction,Low
14,Friday,11,0,0,National Highway,Foggy,2,29,80,Car,1,12,Dry,6,1,0,0,3,26,99,Intersection,High
3,Tuesday,9,0,0,Urban Road,Rainy,6,29,40,Car,3,11,Dry,14,0,1,0,8,24,68,No Junction,Medium
5,Sunday,4,0,1,Urban Road,Clear,5,11,40,Bicycle,4,0,Dry,13,0,0,3,5,32,88,Roundabout,Medium
21,Friday,9,0,0,Highway,Cloudy,5,34,80,Auto,2,5,Dry,6,0,1,0,5,29,63,Y-Junction,Medium
7,Monday,2,1,0,Urban Road,Rainy,7,64,40,Bicycle,2,0,Dry,6,0,0,0,9,32,70,Intersection,Medium
15,Monday,11,0,0,Residential,Rainy,8,24,40,Motorcycle,4,0,Dry,7,0,0,0,8,39,82,Y-Junction,Medium
12,Thursday,5,0,0,Urban Road,Rainy,8,10,40,Motorcycle,3,8,Dry,8,0,1,1,7,27,38,Roundabout,Medium
10,Friday,11,1,0,State Highway,Rainy,4,31,60,Car,1,3,Wet,7,0,1,0,7,23,44,Intersection,Medium
21,Tuesday,2,0,0,Highway,Rainy,1,51,80,Car,1,10,Good,8,0,0,3,9,24,75,No Junction,Medium
2,Monday,11,0,0,Urban Road,Rainy,6,31,40,Motorcycle,5,4,Dry,10,0,0,0,6,28,66,No Junction,Medium
17,Saturday,1,1,1,Residential,Cloudy,2,10,40,Car,2,11,Dry,5,0,0,0,8,24,75,No Junction,Low
22,Tuesday,5,0,0,Highway,Clear,5,49,80,Motorcycle,2,12,Wet,6,0,1,0,5,32,48,T-Junction,High
16,Saturday,2,0,1,Residential,Foggy,6,79,40,Car,2,9,Wet,3,0,0,2,3,32,62,T-Junction,High
22,Wednesday,7,0,0,State Highway,Clear,3,66,60,Motorcycle,3,2,Wet,6,0,0,0,9,35,92,Intersection,Medium
5,Saturday,8,0,1,Residential,Clear,3,63,40,Motorcycle,4,0,Wet,8,0,0,0,6,35,53,Y-Junction,High
12,Monday,2,0,0,Urban Road,Cloudy,6,10,40,Truck,5,5,Slippery,8,0,0,0,8,12,82,Roundabout,Medium
9,Thursday,7,1,0,State Highway,Clear,6,11,60,Motorcycle,2,10,Under Construction,11,0,0,2,6,23,72,No Junction,Medium
18,Wednesday,4,1,0,National Highway,Rainy,8,10,80,Car,2,15,Good,5,0,0,1,8,28,49,Y-Junction,High
23,Friday,1,0,0,Highway,Foggy,4,35,80,Auto,4,2,Wet,3,0,0,3,3,21,88,T-Junction,High
8,Tuesday,11,1,0,Residential,Foggy,7,35,40,Bus,2,10,Good,8,0,0,0,1,27,89,Intersection,High
17,Monday,3,1,0,Highway,Clear,3,45,80,Motorcycle,2,7,Slippery,7,1,0,1,8,23,38,Intersection,High
8,Wednesday,11,1,0,Highway,Rainy,7,21,80,Auto,5,11,Slippery,10,0,1,1,7,25,80,Y-Junction,High
16,Wednesday,12,0,0,Urban Road,Foggy,6,10,40,Auto,3,1,Wet,8,1,0,0,4,38,57,T-Junction,High
13,Monday,1,0,0,National Highway,Clear,3,58,80,Car,2,4,Good,11,0,0,0,7,35,62,Intersection,Medium
23,Friday,5,0,0,Residential,Clear,3,51,40,Car,3,4,Good,7,0,0,0,9,28,23,Roundabout,Medium
16,Friday,8,0,0,Urban Road,Clear,7,10,40,Car,2,8,Dry,6,0,0,0,5,22,57,T-Junction,Low
10,Thursday,1,1,0,Highway,Clear,8,23,80,Motorcycle,2,2,Wet,10,0,0,1,7,30,47,T-Junction,High
7,Sunday,9,1,1,National Highway,Foggy,6,10,80,Truck,3,0,Good,9,0,0,0,2,15,62,T-Junction,High
7,Saturday,3,1,1,Urban Road,Rainy,7,12,40,Car,3,7,Dry,5,0,0,2,8,32,44,T-Junction,High
8,Friday,5,1,0,Urban Road,Rainy,3,10,40,Motorcycle,1,4,Dry,9,0,1,3,5,31,46,Intersection,High
8,Thursday,9,1,0,State Highway,Clear,7,22,60,Bus,5,13,Dry,9,1,0,0,6,21,46,No Junction,High
20,Saturday,5,1,1,Residential,Clear,4,34,40,Truck,3,8,Wet,7,0,0,0,7,36,87,Roundabout,Medium
16,Wednesday,9,0,0,Highway,Rainy,4,45,80,Motorcycle,3,5,Slippery,11,0,0,0,8,24,61,Intersection,Medium
15,Monday,10,0,0,Urban Road,Cloudy,1,50,40,Motorcycle,2,7,Dry,12,0,0,0,7,22,73,Intersection,Medium
7,Friday,8,1,0,National Highway,Foggy,8,20,80,Motorcycle,2,4,Slippery,6,0,0,0,4,29,71,T-Junction,High
20,Thursday,7,1,0,National Highway,Cloudy,4,17,80,Motorcycle,2,8,Under Construction,9,0,1,2,8,20,50,Intersection,High
18,Wednesday,11,1,0,Highway,Rainy,10,13,80,Car,2,6,Dry,8,0,0,0,8,22,72,Y-Junction,Medium
5,Friday,1,0,0,Urban Road,Clear,4,53,40,Truck,1,13,Dry,6,0,0,1,9,30,66,Roundabout,Medium
18,Tuesday,4,1,0,Highway,Clear,6,22,80,Motorcycle,4,8,Under Construction,7,0,0,0,9,25,49,Intersection,High
15,Sunday,9,0,1,Urban Road,Cloudy,3,41,40,Car,2,11,Good,3,0,0,0,9,36,61,T-Junction,Medium
6,Wednesday,10,0,0,Residential,Rainy,1,27,40,Car,1,2,Dry,11,0,0,1,5,18,100,Y-Junction,Low
13,Friday,8,0,0,Urban Road,Cloudy,4,49,40,Bicycle,2,10,Slippery,10,0,0,0,6,28,39,Intersection,Medium
14,Wednesday,4,0,0,State Highway,Foggy,6,53,60,Car,2,1,Wet,3,0,0,0,4,34,55,T-Junction,High
7,Monday,12,1,0,Residential,Cloudy,7,36,40,Truck,1,3,Dry,7,0,0,3,5,32,74,T-Junction,High
22,Monday,1,0,0,Residential,Clear,3,36,40,Motorcycle,1,7,Under Construction,9,0,0,0,9,23,35,Roundabout,Low
20,Sunday,10,1,1,National Highway,Rainy,8,37,80,Car,1,14,Wet,10,0,1,0,6,39,59,No Junction,High
17,Monday,4,1,0,Urban Road,Foggy,5,26,40,Car,1,5,Slippery,7,0,0,2,4,16,86,Intersection,High
13,Saturday,3,0,1,Urban Road,Rainy,3,10,40,Bus,1,9,Dry,7,1,0,2,8,27,55,No Junction,Medium
12,Tuesday,6,0,0,Residential,Cloudy,3,59,40,Motorcycle,4,0,Under Construction,9,0,1,1,5,33,85,Roundabout,High
17,Monday,11,1,0,State Highway,Heavy Rain,4,10,60,Car,3,6,Dry,5,0,1,0,2,35,45,Intersection,High
15,Tuesday,5,0,0,Highway,Clear,6,18,80,Car,4,3,Dry,12,1,0,1,5,22,92,Intersection,High
5,Monday,5,0,0,State Highway,Rainy,3,40,60,Car,1,7,Dry,8,1,0,1,7,28,100,Intersection,Medium
14,Saturday,2,0,1,Highway,Foggy,4,46,80,Motorcycle,2,3,Dry,8,0,0,0,2,32,28,Intersection,Medium
19,Wednesday,12,1,0,Highway,Foggy,5,40,80,Car,4,10,Under Construction,12,0,0,0,4,27,93,Y-Junction,High
13,Friday,3,0,0,Highway,Rainy,7,10,80,Bus,5,12,Dry,7,0,0,1,9,20,61,Roundabout,Medium
5,Friday,11,0,0,National Highway,Cloudy,6,41,80,Car,1,9,Wet,12,0,1,1,5,17,57,Intersection,High
19,Monday,6,1,0,Urban Road,Rainy,4,10,40,Motorcycle,2,1,Under Construction,3,1,0,0,7,24,44,No Junction,Medium
8,Friday,2,1,0,Highway,Rainy,7,21,80,Motorcycle,2,10,Wet,11,0,0,2,8,24,42,Intersection,High
8,Monday,4,1,0,National Highway,Clear,7,18,80,Car,1,0,Dry,11,0,0,0,6,23,79,No Junction,Medium
7,Monday,2,1,0,Residential,Clear,8,10,40,Motorcycle,1,1,Slippery,3,0,0,1,8,39,56,Y-Junction,Medium
10,Sunday,9,1,1,State Highway,Heavy Rain,6,65,60,Motorcycle,2,11,Wet,7,1,0,1,2,31,25,T-Junction,High
18,Thursday,3,1,0,Urban Road,Cloudy,9,10,40,Car,3,2,Dry,9,0,0,0,7,26,82,No Junction,Medium
14,Thursday,10,0,0,Highway,Rainy,6,35,80,Auto,3,9,Dry,10,1,0,3,7,26,68,No Junction,High
8,Sunday,10,1,1,Urban Road,Cloudy,6,16,40,Motorcycle,2,6,Wet,11,0,0,0,8,27,54,No Junction,Medium
20,Thursday,6,1,0,State Highway,Clear,8,10,60,Bus,3,7,Slippery,3,1,0,0,9,31,87,T-Junction,High
20,Tuesday,1,1,0,Residential,Clear,6,10,40,Motorcycle,3,3,Wet,8,0,0,0,6,21,77,T-Junction,Medium
20,Thursday,11,1,0,Residential,Cloudy,6,32,40,Car,3,8,Dry,5,0,0,2,5,22,74,Y-Junction,Medium
8,Monday,10,1,0,State Highway,Rainy,9,60,60,Truck,5,10,Wet,5,0,0,0,5,27,27,T-Junction,High
13,Saturday,3,0,1,Urban Road,Rainy,6,30,40,Motorcycle,2,6,Dry,10,0,0,1,8,11,69,No Junction,Medium
23,Saturday,8,0,1,Residential,Cloudy,5,40,40,Truck,3,1,Dry,5,0,0,2,7,23,78,Intersection,Medium
19,Wednesday,5,1,0,Urban Road,Clear,7,17,40,Truck,3,9,Good,8,0,0,0,7,33,51,No Junction,Medium
2,Thursday,8,0,0,Highway,Rainy,1,65,80,Truck,4,4,Dry,6,0,0,3,9,32,54,Intersection,High
5,Saturday,2,0,1,Urban Road,Clear,4,57,40,Truck,2,9,Dry,11,0,0,1,6,18,22,T-Junction,Medium
13,Thursday,7,0,0,State Highway,Heavy Rain,4,10,60,Car,4,0,Under Construction,3,1,0,3,3,27,21,Roundabout,High
21,Wednesday,9,0,0,State Highway,Heavy Rain,7,10,60,Bicycle,2,4,Dry,11,0,1,0,3,20,81,No Junction,Medium
15,Saturday,7,0,1,Urban Road,Clear,3,24,40,Motorcycle,2,1,Wet,12,0,0,0,9,23,57,No Junction,Low
14,Monday,3,0,0,Highway,Cloudy,1,49,80,Auto,2,2,Slippery,9,1,0,0,6,24,47,Intersection,Medium
6,Tuesday,7,0,0,Highway,Foggy,6,51,80,Car,5,2,Dry,8,0,0,0,1,31,54,T-Junction,High
17,Sunday,8,1,1,National Highway,Clear,5,10,80,Motorcycle,1,11,Under Construction,3,0,0,1,6,33,85,Y-Junction,Low
19,Sunday,1,1,1,Residential,Clear,5,33,40,Bicycle,1,9,Slippery,9,0,0,1,5,24,98,T-Junction,High
11,Sunday,3,0,1,National Highway,Clear,4,69,80,Auto,1,10,Wet,11,1,0,0,6,18,82,Intersection,High
19,Thursday,5,1,0,State Highway,Clear,9,10,60,Bus,2,13,Dry,8,0,0,0,6,17,63,Y-Junction,Medium
22,Saturday,12,0,1,Urban Road,Rainy,8,24,40,Car,3,8,Good,6,0,1,2,8,34,99,No Junction,High
8,Saturday,6,1,1,Highway,Rainy,6,41,80,Truck,5,12,Wet,12,0,0,2,9,26,48,Intersection,High
15,Wednesday,3,0,0,Urban Road,Heavy Rain,3,56,40,Car,2,7,Wet,5,1,0,0,3,26,40,No Junction,High
9,Monday,4,1,0,Highway,Clear,2,27,80,Truck,2,10,Under Construction,11,0,0,0,6,21,79,Intersection,Medium
19,Friday,5,1,0,Highway,Foggy,10,18,80,Bicycle,2,3,Wet,9,0,1,3,2,33,80,Intersection,High
16,Saturday,3,0,1,Urban Road,Clear,8,10,40,Car,4,8,Wet,7,0,1,1,7,31,70,T-Junction,High
17,Tuesday,4,1,0,Residential,Clear,4,35,40,Motorcycle,2,5,Under Construction,15,1,1,0,9,25,72,No Junction,Medium
19,Wednesday,5,1,0,Urban Road,Cloudy,7,19,40,Motorcycle,1,2,Dry,9,0,1,0,9,22,40,Roundabout,Medium
12,Saturday,2,0,1,Urban Road,Clear,4,70,40,Car,1,7,Slippery,9,1,0,1,6,29,66,Intersection,High
21,Saturday,10,0,1,Residential,Cloudy,1,79,40,Bicycle,4,5,Dry,9,0,0,2,5,16,37,Y-Junction,High
15,Wednesday,9,0,0,Highway,Cloudy,5,31,80,Motorcycle,1,2,Slippery,8,1,0,0,9,30,69,Intersection,Medium
7,Wednesday,10,1,0,State Highway,Cloudy,8,42,60,Bicycle,2,8,Wet,7,0,0,0,8,26,89,No Junction,Medium
18,Thursday,8,1,0,Residential,Clear,6,10,40,Truck,2,0,Dry,10,0,0,0,6,29,72,Intersection,Medium
19,Saturday,12,1,1,Urban Road,Heavy Rain,6,22,40,Car,1,5,Dry,8,0,0,0,5,27,50,Intersection,Medium
10,Friday,6,1,0,Residential,Clear,7,44,40,Motorcycle,2,7,Wet,3,0,0,0,6,33,66,T-Junction,High
20,Tuesday,10,1,0,Urban Road,Cloudy,6,26,40,Car,4,9,Slippery,5,1,1,3,5,33,60,No Junction,High
21,Monday,11,0,0,Highway,Rainy,4,51,80,Car,2,7,Wet,11,0,0,0,9,34,57,Intersection,Medium
9,Monday,3,1,0,Urban Road,Clear,6,22,40,Car,1,2,Under Construction,10,1,1,1,6,28,58,Intersection,High
23,Friday,11,0,0,National Highway,Foggy,6,19,80,Car,2,4,Dry,4,0,1,2,2,27,40,No Junction,High
7,Wednesday,2,1,0,Highway,Rainy,8,11,80,Motorcycle,3,3,Under Construction,6,0,1,0,9,23,70,Y-Junction,Medium
8,Wednesday,7,1,0,Urban Road,Foggy,8,10,40,Car,2,3,Dry,6,1,0,0,1,24,62,T-Junction,High
8,Wednesday,8,1,0,State Highway,Rainy,7,10,60,Bus,1,5,Dry,12,0,0,0,7,30,90,Y-Junction,Medium
21,Saturday,10,0,1,Urban Road,Clear,5,61,40,Car,1,9,Dry,3,0,0,0,7,28,74,T-Junction,Low
17,Wednesday,1,1,0,Urban Road,Clear,9,10,40,Auto,1,0,Good,6,0,0,1,6,35,97,T-Junction,Medium
7,Wednesday,6,1,0,State Highway,Clear,4,10,60,Motorcycle,4,6,Wet,8,0,0,0,9,26,94,No Junction,Medium
13,Saturday,7,0,1,Urban Road,Rainy,4,76,40,Motorcycle,2,8,Dry,3,1,0,1,9,19,37,Intersection,High
17,Saturday,9,1,1,Residential,Clear,6,19,40,Car,2,3,Wet,8,0,0,0,5,28,52,T-Junction,Medium
6,Friday,12,0,0,Residential,Rainy,3,65,40,Truck,1,1,Wet,4,0,1,0,7,33,38,Intersection,Medium
20,Thursday,3,1,0,State Highway,Clear,8,45,60,Bicycle,2,10,Under Construction,5,0,0,0,8,31,45,No Junction,Medium
19,Saturday,2,1,1,National Highway,Rainy,5,28,80,Car,3,9,Wet,6,0,0,0,7,30,50,Intersection,Medium
14,Tuesday,5,0,0,State Highway,Rainy,4,56,60,Truck,3,12,Wet,7,0,0,3,9,34,99,T-Junction,High
22,Wednesday,10,0,0,Residential,Cloudy,1,37,40,Truck,1,10,Good,6,0,1,1,8,29,95,No Junction,Low
12,Thursday,1,0,0,State Highway,Cloudy,5,13,60,Motorcycle,3,0,Good,8,0,0,0,8,18,70,No Junction,Low
23,Monday,6,0,0,National Highway,Heavy Rain,5,40,80,Car,1,4,Dry,11,1,0,0,3,33,54,No Junction,High
17,Friday,9,1,0,National Highway,Clear,9,53,80,Car,3,7,Slippery,10,1,0,0,6,29,32,Intersection,High
17,Thursday,10,1,0,State Highway,Clear,9,10,60,Auto,1,6,Dry,12,0,0,0,6,27,51,T-Junction,Low
7,Saturday,9,1,1,Highway,Clear,5,38,80,Motorcycle,1,9,Slippery,7,1,0,3,5,20,65,No Junction,High
20,Wednesday,7,1,0,Residential,Cloudy,8,10,40,Car,3,2,Wet,7,0,1,0,9,23,48,No Junction,Medium
12,Wednesday,11,0,0,Highway,Rainy,6,10,80,Auto,2,11,Dry,8,0,0,0,9,16,85,T-Junction,Low
7,Wednesday,7,1,0,Urban Road,Clear,5,23,40,Car,1,3,Good,3,0,0,0,6,24,100,No Junction,Low
1,Thursday,8,0,0,Highway,Foggy,3,31,80,Truck,1,6,Dry,11,0,1,1,1,24,48,T-Junction,High
15,Wednesday,10,0,0,National Highway,Foggy,3,26,80,Car,1,1,Wet,6,1,1,1,2,27,62,Intersection,High
15,Saturday,2,0,1,Urban Road,Foggy,4,37,40,Truck,3,6,Under Construction,7,1,1,0,4,37,58,T-Junction,High
18,Thursday,6,1,0,Residential,Rainy,5,24,40,Motorcycle,2,5,Dry,9,0,0,0,5,33,57,Roundabout,Medium
21,Wednesday,5,0,0,Residential,Rainy,3,10,40,Motorcycle,1,2,Dry,5,0,0,0,5,28,49,T-Junction,Medium
6,Monday,5,0,0,Highway,Rainy,2,79,80,Motorcycle,1,9,Dry,5,0,0,2,6,23,51,No Junction,Medium
18,Monday,3,1,0,Residential,Rainy,9,43,40,Motorcycle,2,6,Slippery,9,0,0,0,6,21,40,Intersection,High
8,Tuesday,3,1,0,Residential,Clear,7,51,40,Auto,1,10,Under Construction,9,0,0,0,7,34,74,Y-Junction,Medium
20,Wednesday,6,1,0,State Highway,Clear,5,25,60,Car,2,2,Dry,14,0,0,2,9,20,75,T-Junction,Medium
19,Wednesday,12,1,0,Highway,Clear,9,15,80,Auto,3,3,Dry,8,0,0,0,8,20,91,T-Junction,Medium
15,Thursday,10,0,0,Urban Road,Cloudy,6,56,40,Motorcycle,2,6,Wet,9,0,0,3,7,43,40,T-Junction,High
18,Thursday,10,1,0,Residential,Rainy,3,66,40,Car,3,5,Slippery,14,0,1,0,5,26,37,Intersection,High
10,Sunday,7,1,1,Highway,Cloudy,5,52,80,Motorcycle,2,3,Wet,9,0,0,0,8,40,34,Intersection,High
13,Wednesday,1,0,0,Urban Road,Foggy,6,33,40,Car,2,17,Wet,9,0,0,0,4,25,44,Intersection,High
19,Tuesday,3,1,0,Urban Road,Cloudy,4,32,40,Motorcycle,4,5,Dry,3,1,1,2,8,35,96,T-Junction,High
13,Wednesday,12,0,0,Residential,Clear,2,64,40,Motorcycle,2,4,Wet,6,0,1,0,8,29,45,Intersection,Medium
11,Saturday,1,0,1,Urban Road,Clear,3,33,40,Motorcycle,3,14,Dry,8,0,1,1,8,23,67,Intersection,High
14,Thursday,10,0,0,Residential,Clear,6,39,40,Car,3,3,Dry,5,0,1,0,7,22,98,Roundabout,Medium
19,Wednesday,3,1,0,National Highway,Rainy,9,10,80,Motorcycle,4,7,Dry,8,0,0,2,6,14,70,T-Junction,High
10,Thursday,5,1,0,State Highway,Rainy,6,10,60,Motorcycle,1,8,Wet,10,0,1,0,6,22,56,Roundabout,Medium
7,Wednesday,9,1,0,Urban Road,Clear,5,15,40,Car,1,11,Dry,10,0,0,0,5,32,20,Intersection,Medium
18,Friday,3,1,0,Urban Road,Foggy,6,13,40,Motorcycle,2,5,Wet,7,0,0,2,2,27,60,Y-Junction,High
19,Thursday,10,1,0,Urban Road,Rainy,4,19,40,Bus,4,4,Wet,3,0,0,0,7,24,73,No Junction,Medium
6,Tuesday,10,0,0,Highway,Foggy,5,35,80,Car,2,0,Under Construction,8,0,1,0,3,27,60,Roundabout,High
8,Friday,9,1,0,Urban Road,Cloudy,5,36,40,Auto,1,2,Wet,6,0,0,0,6,33,61,Y-Junction,Medium
7,Saturday,1,1,1,Urban Road,Cloudy,2,32,40,Car,1,4,Dry,5,0,0,0,5,19,40,No Junction,Medium
10,Wednesday,6,1,0,Residential,Clear,8,25,40,Motorcycle,3,0,Good,7,0,0,0,8,30,100,T-Junction,Medium
13,Sunday,9,0,1,National Highway,Clear,2,46,80,Auto,2,6,Dry,6,0,0,0,5,18,56,No Junction,Medium
18,Saturday,12,1,1,National Highway,Clear,3,43,80,Car,3,4,Dry,7,0,0,0,8,11,79,No Junction,Medium
17,Thursday,5,1,0,Highway,Clear,7,10,80,Truck,2,2,Good,6,0,0,0,8,24,64,Y-Junction,Medium
17,Friday,11,1,0,Residential,Clear,4,47,40,Car,4,0,Wet,12,0,0,0,6,25,57,T-Junction,High
11,Saturday,10,0,1,Highway,Heavy Rain,1,57,80,Motorcycle,1,0,Slippery,8,1,0,1,2,25,58,Intersection,High
20,Tuesday,2,1,0,Residential,Heavy Rain,4,11,40,Motorcycle,2,13,Dry,8,1,0,2,3,27,87,No Junction,High
13,Sunday,5,0,1,Highway,Clear,6,34,80,Motorcycle,2,13,Dry,9,1,0,0,6,31,53,No Junction,Medium
23,Thursday,1,0,0,National Highway,Cloudy,4,22,80,Car,4,1,Dry,3,1,0,1,7,23,72,Intersection,High
17,Friday,9,1,0,State Highway,Clear,7,46,60,Car,4,0,Wet,11,1,0,0,8,19,70,Roundabout,High
7,Saturday,10,1,1,Highway,Clear,7,10,80,Motorcycle,5,8,Dry,17,0,0,0,6,34,48,No Junction,High
17,Friday,10,1,0,State Highway,Foggy,6,10,60,Car,2,4,Dry,5,0,0,1,2,35,46,Y-Junction,High
10,Friday,9,1,0,Residential,Rainy,7,34,40,Motorcycle,2,4,Dry,5,0,1,3,5,29,73,T-Junction,High
17,Saturday,6,1,1,Urban Road,Cloudy,7,29,40,Bus,1,5,Wet,6,0,1,2,5,30,100,T-Junction,High
5,Monday,11,0,0,Residential,Heavy Rain,5,56,40,Motorcycle,3,3,Good,8,0,0,0,3,33,37,Roundabout,High
7,Wednesday,9,1,0,Residential,Clear,6,10,40,Car,3,13,Slippery,7,0,0,0,5,33,54,No Junction,Medium
20,Thursday,3,1,0,State Highway,Cloudy,7,10,60,Truck,4,1,Slippery,6,0,0,0,5,20,65,Roundabout,High
8,Thursday,4,1,0,State Highway,Clear,6,43,60,Motorcycle,5,1,Dry,9,0,0,2,7,26,67,Roundabout,High
19,Sunday,6,1,1,Residential,Clear,4,47,40,Car,2,2,Dry,9,0,0,1,7,17,62,No Junction,Medium
9,Sunday,4,1,1,State Highway,Clear,5,10,60,Truck,1,4,Dry,11,0,0,1,9,29,100,Intersection,Medium
17,Sunday,1,1,1,National Highway,Cloudy,4,68,80,Auto,2,10,Wet,8,0,0,1,7,31,59,T-Junction,High
18,Thursday,7,1,0,Urban Road,Foggy,8,17,40,Truck,2,4,Slippery,7,0,0,0,3,19,34,Intersection,High
14,Friday,5,0,0,Highway,Cloudy,1,39,80,Bicycle,2,3,Good,6,0,0,0,5,31,93,No Junction,Medium
9,Sunday,8,1,1,Residential,Clear,7,10,40,Car,3,5,Under Construction,8,1,0,0,6,33,42,Y-Junction,Medium
8,Saturday,9,1,1,National Highway,Clear,10,21,80,Motorcycle,1,1,Dry,4,0,1,0,9,36,63,Intersection,High
3,Wednesday,5,0,0,Highway,Clear,5,42,80,Car,2,9,Under Construction,11,0,1,1,6,27,49,No Junction,Medium
9,Tuesday,8,1,0,Urban Road,Rainy,6,15,40,Bicycle,1,3,Wet,9,1,1,3,6,30,48,Y-Junction,High
17,Thursday,1,1,0,Highway,Clear,5,14,80,Car,4,8,Dry,8,0,0,3,6,35,38,Roundabout,High
22,Saturday,1,0,1,State Highway,Clear,1,35,60,Auto,1,10,Wet,6,0,0,0,7,20,78,Intersection,Low
20,Wednesday,7,1,0,National Highway,Clear,6,10,80,Motorcycle,4,4,Wet,12,0,1,3,5,27,84,Intersection,High
18,Wednesday,6,1,0,Urban Road,Clear,6,42,40,Bus,5,12,Slippery,6,0,0,0,6,20,75,No Junction,High
19,Monday,5,1,0,Urban Road,Rainy,3,56,40,Bicycle,1,4,Dry,5,0,1,3,8,28,94,No Junction,High
17,Saturday,5,1,1,National Highway,Clear,4,10,80,Car,1,10,Dry,7,0,0,1,5,26,49,No Junction,Medium
9,Thursday,9,1,0,Highway,Foggy,4,25,80,Bus,1,12,Dry,10,1,0,1,2,24,58,T-Junction,High
21,Sunday,1,0,1,State Highway,Cloudy,5,39,60,Auto,1,2,Dry,12,0,0,2,8,31,50,T-Junction,Medium
17,Friday,8,1,0,Urban Road,Foggy,7,33,40,Motorcycle,4,8,Good,11,0,0,0,3,23,74,T-Junction,High
16,Sunday,2,0,1,Residential,Cloudy,3,31,40,Truck,3,0,Good,4,0,1,0,9,25,68,No Junction,Medium
7,Wednesday,7,1,0,Urban Road,Clear,7,15,40,Motorcycle,1,8,Good,7,0,0,0,5,34,34,Intersection,Medium
13,Wednesday,6,0,0,Residential,Rainy,4,42,40,Motorcycle,5,3,Dry,6,0,0,0,7,40,91,No Junction,High
13,Tuesday,10,0,0,National Highway,Clear,8,28,80,Car,2,3,Dry,9,1,0,0,9,36,46,T-Junction,Medium
20,Sunday,2,1,1,National Highway,Clear,6,37,80,Truck,4,6,Good,7,0,0,0,9,29,33,No Junction,Medium
15,Monday,12,0,0,State Highway,Foggy,4,14,60,Car,3,9,Good,10,0,0,0,2,32,38,Intersection,Medium
11,Wednesday,3,0,0,Highway,Cloudy,3,15,80,Car,2,6,Dry,6,0,0,0,6,29,88,Intersection,Low
23,Wednesday,4,0,0,Urban Road,Clear,6,23,40,Motorcycle,1,5,Slippery,5,1,0,0,9,15,97,No Junction,Medium
7,Friday,7,1,0,Urban Road,Clear,1,10,40,Motorcycle,1,8,Dry,11,0,0,0,7,18,61,Intersection,Low
12,Friday,8,0,0,National Highway,Rainy,2,95,80,Motorcycle,2,8,Good,7,0,0,1,6,26,80,Intersection,High
4,Tuesday,11,0,0,Urban Road,Clear,8,10,40,Motorcycle,2,11,Dry,10,0,1,3,7,39,45,Y-Junction,Medium
18,Saturday,2,1,1,National Highway,Foggy,1,56,80,Car,2,3,Under Construction,4,0,1,3,2,20,75,Roundabout,High
21,Tuesday,8,0,0,National Highway,Cloudy,3,71,80,Car,5,3,Dry,5,1,1,2,7,32,72,T-Junction,High
9,Tuesday,11,1,0,Residential,Rainy,8,21,40,Motorcycle,4,8,Wet,4,0,0,0,6,20,39,T-Junction,High
20,Friday,9,1,0,State Highway,Cloudy,7,10,60,Motorcycle,2,11,Dry,5,0,1,2,8,33,64,T-Junction,Medium
9,Sunday,7,1,1,National Highway,Clear,5,28,80,Car,2,5,Wet,5,0,0,0,7,31,65,Roundabout,Medium
21,Sunday,1,0,1,State Highway,Clear,2,16,60,Truck,1,4,Wet,5,0,1,1,9,20,47,T-Junction,Medium
18,Sunday,6,1,1,Residential,Foggy,3,10,40,Car,4,6,Slippery,7,0,0,1,4,28,79,Intersection,High
19,Saturday,8,1,1,State Highway,Heavy Rain,6,61,60,Car,4,9,Dry,5,0,1,0,3,31,41,No Junction,High
1,Friday,5,0,0,Highway,Heavy Rain,3,10,80,Car,4,5,Slippery,5,0,0,1,2,29,80,No Junction,High
22,Monday,12,0,0,Residential,Clear,1,10,40,Motorcycle,1,4,Dry,8,1,1,0,9,35,99,Y-Junction,Medium
18,Thursday,2,1,0,Urban Road,Rainy,4,42,40,Auto,2,5,Dry,13,1,1,3,7,32,75,Y-Junction,High
9,Thursday,5,1,0,Highway,Clear,8,10,80,Bus,2,3,Wet,9,0,1,0,8,39,82,Intersection,Medium
19,Monday,8,1,0,State Highway,Foggy,9,38,60,Car,2,3,Dry,9,0,0,2,2,37,81,No Junction,High
9,Sunday,2,1,1,Residential,Foggy,6,10,40,Car,1,7,Good,7,1,1,0,1,30,82,Y-Junction,High
20,Thursday,1,1,0,Urban Road,Cloudy,5,22,40,Car,3,1,Slippery,3,0,0,0,8,32,57,No Junction,Medium
7,Saturday,4,1,1,Urban Road,Rainy,6,10,40,Auto,1,3,Slippery,7,0,1,0,8,26,73,Intersection,Medium
18,Friday,4,1,0,National Highway,Cloudy,6,10,80,Bus,2,1,Dry,4,0,0,0,9,30,72,No Junction,Low
15,Thursday,9,0,0,State Highway,Cloudy,6,10,60,Bicycle,2,4,Dry,11,1,0,3,6,32,36,Roundabout,Medium
6,Saturday,3,0,1,Highway,Rainy,7,10,80,Motorcycle,4,3,Good,12,0,0,0,9,24,55,Intersection,Medium
8,Friday,4,1,0,National Highway,Rainy,5,18,80,Car,3,4,Dry,5,0,1,0,7,37,48,Intersection,High
1,Saturday,3,0,1,Urban Road,Rainy,8,14,40,Auto,2,2,Under Construction,7,0,0,0,8,25,53,Intersection,Medium
13,Monday,2,0,0,Residential,Rainy,2,55,40,Car,1,0,Dry,3,0,0,0,7,29,85,Y-Junction,Low
9,Tuesday,4,1,0,Residential,Foggy,3,10,40,Bus,2,11,Dry,10,1,0,0,3,26,55,T-Junction,Medium
16,Monday,8,0,0,National Highway,Clear,4,46,80,Motorcycle,1,8,Slippery,11,0,0,0,8,36,54,Intersection,Medium
9,Thursday,1,1,0,State Highway,Rainy,3,50,60,Bicycle,2,3,Good,9,0,0,0,7,19,65,T-Junction,Medium
9,Friday,8,1,0,Urban Road,Rainy,5,47,40,Car,2,7,Dry,8,0,1,1,5,20,59,No Junction,High
18,Saturday,8,1,1,Residential,Clear,3,44,40,Motorcycle,1,0,Dry,7,0,0,3,8,24,47,Intersection,Medium
4,Thursday,3,0,0,Urban Road,Rainy,4,44,40,Car,3,0,Slippery,9,0,0,0,5,25,67,Intersection,Medium
21,Thursday,10,0,0,Urban Road,Rainy,5,21,40,Motorcycle,2,2,Dry,7,1,0,1,9,28,64,No Junction,Medium
20,Tuesday,10,1,0,Residential,Foggy,6,44,40,Car,1,7,Dry,6,0,0,1,3,20,51,No Junction,High
17,Sunday,12,1,1,Urban Road,Clear,6,41,40,Car,2,7,Dry,11,0,0,0,8,29,69,No Junction,Medium
16,Thursday,12,0,0,Urban Road,Cloudy,4,32,40,Truck,2,9,Wet,10,0,0,1,9,20,56,Intersection,Medium
21,Tuesday,6,0,0,Urban Road,Clear,2,19,40,Car,2,7,Slippery,6,0,0,0,7,28,81,No Junction,Low
8,Friday,4,1,0,Residential,Rainy,5,10,40,Bicycle,2,4,Good,13,0,1,3,7,35,28,No Junction,Medium
6,Friday,1,0,0,State Highway,Clear,2,14,60,Motorcycle,2,7,Dry,5,0,1,1,5,33,54,No Junction,Medium
8,Saturday,1,1,1,Urban Road,Rainy,5,10,40,Motorcycle,1,9,Dry,13,0,0,0,9,25,67,No Junction,Low
19,Sunday,5,1,1,National Highway,Rainy,5,38,80,Car,1,6,Wet,4,0,0,2,8,24,58,Intersection,Medium
3,Tuesday,12,0,0,Highway,Clear,5,54,80,Car,1,3,Dry,7,0,0,1,5,43,36,Y-Junction,Medium
16,Monday,8,0,0,Residential,Clear,2,33,40,Auto,2,12,Dry,9,1,0,0,7,32,100,T-Junction,Medium
23,Friday,1,0,0,Residential,Clear,4,28,40,Auto,2,4,Wet,9,0,1,1,8,31,65,No Junction,Medium
20,Sunday,2,1,1,Highway,Clear,4,14,80,Car,2,9,Dry,8,0,1,2,7,34,40,Intersection,High
15,Saturday,7,0,1,Urban Road,Clear,4,17,40,Car,1,1,Wet,11,0,0,0,5,31,80,Intersection,Low
5,Monday,8,0,0,National Highway,Clear,4,17,80,Car,5,8,Good,9,0,1,0,7,31,57,T-Junction,High
19,Friday,12,1,0,Urban Road,Heavy Rain,8,45,40,Bus,2,2,Under Construction,9,0,0,0,4,30,86,No Junction,High
16,Friday,3,0,0,Urban Road,Clear,4,27,40,Motorcycle,1,6,Dry,6,0,0,0,9,29,56,Y-Junction,Low
7,Saturday,11,1,1,Urban Road,Rainy,1,35,40,Bus,2,9,Wet,10,1,0,2,5,26,81,Intersection,High
6,Saturday,12,0,1,State Highway,Clear,4,10,60,Bus,5,9,Wet,6,0,1,0,8,27,65,Y-Junction,Medium
21,Wednesday,8,0,0,Urban Road,Cloudy,2,25,40,Bus,5,8,Under Construction,11,0,0,0,7,37,65,T-Junction,Medium
17,Thursday,1,1,0,State Highway,Rainy,8,10,60,Motorcycle,1,9,Good,12,0,0,1,7,33,51,Roundabout,Low
19,Thursday,9,1,0,Urban Road,Clear,5,37,40,Car,3,8,Under Construction,8,0,0,0,6,23,56,Intersection,Medium
20,Monday,12,1,0,Urban Road,Foggy,6,41,40,Motorcycle,2,3,Wet,9,0,0,1,3,33,71,Intersection,High
16,Thursday,2,0,0,Highway,Foggy,7,48,80,Car,1,4,Dry,8,1,0,0,4,27,59,Y-Junction,High
14,Monday,2,0,0,State Highway,Clear,5,10,60,Bus,3,7,Good,7,0,0,0,8,23,45,No Junction,Medium
12,Sunday,4,0,1,Residential,Rainy,4,63,40,Car,2,2,Under Construction,7,0,0,0,9,30,49,Roundabout,Low
10,Friday,12,1,0,Urban Road,Cloudy,7,10,40,Motorcycle,1,11,Under Construction,4,0,0,0,8,22,75,T-Junction,Medium
12,Wednesday,10,0,0,Highway,Clear,2,23,80,Car,3,5,Dry,6,0,0,0,5,22,78,Intersection,Medium
19,Wednesday,3,1,0,Urban Road,Rainy,9,19,40,Bus,3,6,Wet,8,1,0,2,7,35,84,Intersection,High
16,Friday,4,0,0,Urban Road,Cloudy,3,68,40,Car,1,3,Dry,12,0,1,0,9,20,58,Intersection,Medium
21,Saturday,6,0,1,Urban Road,Heavy Rain,3,46,40,Bicycle,1,7,Good,9,0,1,0,5,29,100,T-Junction,High
13,Tuesday,7,0,0,State Highway,Rainy,4,10,60,Motorcycle,1,2,Good,11,0,0,3,5,33,84,No Junction,Medium
16,Tuesday,5,0,0,State Highway,Clear,2,57,60,Car,2,1,Dry,3,0,0,1,5,23,64,No Junction,Medium
17,Thursday,2,1,0,Urban Road,Rainy,3,58,40,Car,1,2,Slippery,12,1,0,1,8,34,65,No Junction,High
16,Saturday,3,0,1,National Highway,Clear,3,15,80,Bicycle,3,6,Dry,9,0,0,1,6,31,78,T-Junction,Medium
18,Monday,10,1,0,National Highway,Rainy,8,17,80,Motorcycle,3,4,Dry,11,0,0,3,5,45,49,Y-Junction,High
8,Sunday,11,1,1,Urban Road,Foggy,7,13,40,Truck,1,12,Dry,3,0,1,3,3,29,36,T-Junction,High
14,Wednesday,3,0,0,Urban Road,Clear,7,31,40,Car,3,9,Dry,6,0,0,0,8,39,68,Roundabout,Medium
6,Thursday,5,0,0,National Highway,Rainy,8,10,80,Car,5,6,Dry,4,0,1,1,5,20,67,Intersection,High
11,Friday,12,0,0,Residential,Rainy,4,16,40,Motorcycle,2,7,Dry,10,0,0,0,8,23,48,Intersection,Low
14,Saturday,11,0,1,Urban Road,Clear,2,55,40,Motorcycle,1,10,Slippery,9,0,0,1,5,34,51,T-Junction,Medium
17,Wednesday,12,1,0,Residential,Rainy,6,36,40,Motorcycle,4,12,Dry,10,0,0,2,7,24,83,No Junction,High
22,Monday,5,0,0,Urban Road,Clear,4,48,40,Truck,2,8,Under Construction,6,0,1,1,5,25,67,No Junction,Medium
16,Monday,4,0,0,State Highway,Rainy,5,54,60,Car,2,6,Wet,10,0,0,0,6,39,32,T-Junction,Medium
18,Tuesday,8,1,0,Urban Road,Clear,4,15,40,Car,2,6,Slippery,8,0,0,0,9,32,20,Intersection,Medium
14,Thursday,6,0,0,Residential,Cloudy,3,75,40,Motorcycle,1,7,Good,11,0,0,1,8,31,20,Intersection,Medium
17,Friday,6,1,0,Highway,Clear,6,10,80,Car,1,10,Dry,10,0,0,2,6,29,96,Roundabout,Medium
6,Wednesday,1,0,0,Urban Road,Foggy,6,46,40,Truck,4,7,Dry,5,0,0,1,4,30,52,Intersection,High
8,Sunday,6,1,1,Urban Road,Clear,5,34,40,Motorcycle,5,11,Dry,8,0,0,1,6,17,59,Intersection,High
11,Monday,3,0,0,Urban Road,Clear,6,32,40,Car,4,3,Wet,3,0,0,0,8,29,100,Y-Junction,Medium
13,Wednesday,6,0,0,State Highway,Clear,5,57,60,Car,1,0,Dry,11,0,0,0,8,24,45,Intersection,Low
4,Friday,10,0,0,Urban Road,Clear,4,61,40,Car,2,8,Wet,9,0,1,0,9,34,82,No Junction,Medium
7,Wednesday,11,1,0,Highway,Clear,7,31,80,Auto,1,4,Slippery,10,0,0,0,5,23,59,No Junction,High
9,Thursday,6,1,0,Residential,Rainy,6,12,40,Car,2,8,Wet,10,0,0,0,8,24,82,T-Junction,Medium
23,Tuesday,2,0,0,Residential,Rainy,4,77,40,Auto,2,3,Dry,8,0,0,0,8,19,74,Roundabout,Medium
10,Wednesday,1,1,0,Highway,Rainy,9,10,80,Car,4,6,Dry,3,0,0,2,9,31,25,Roundabout,Medium
14,Saturday,11,0,1,Highway,Cloudy,6,33,80,Motorcycle,4,5,Dry,10,0,0,1,8,36,46,No Junction,Medium
8,Tuesday,3,1,0,National Highway,Clear,6,42,80,Auto,1,9,Slippery,5,0,1,0,8,22,46,Intersection,Medium
17,Friday,5,1,0,Highway,Cloudy,6,11,80,Truck,2,4,Dry,5,0,0,2,7,24,69,T-Junction,Medium
9,Tuesday,4,1,0,State Highway,Cloudy,9,11,60,Car,2,2,Good,10,0,0,1,7,34,52,Y-Junction,Medium
8,Wednesday,7,1,0,Urban Road,Clear,6,10,40,Motorcycle,1,4,Wet,6,0,0,0,7,27,70,T-Junction,Medium
14,Wednesday,4,0,0,Residential,Rainy,6,43,40,Car,1,7,Dry,8,0,0,0,9,29,76,No Junction,Low
0,Saturday,8,0,1,Highway,Clear,5,63,80,Car,1,4,Dry,10,0,0,0,8,31,99,No Junction,Medium
0,Monday,7,0,0,State Highway,Cloudy,7,38,60,Motorcycle,3,5,Wet,10,0,1,0,9,26,75,No Junction,High
8,Saturday,10,1,1,Highway,Rainy,8,12,80,Auto,2,3,Under Construction,11,0,1,1,9,25,63,No Junction,Medium
3,Wednesday,9,0,0,Urban Road,Clear,4,48,40,Motorcycle,2,4,Good,6,0,0,3,6,22,69,Intersection,High
6,Sunday,1,0,1,Urban Road,Rainy,6,62,40,Truck,2,12,Dry,7,0,0,0,5,21,30,No Junction,Medium
10,Tuesday,5,1,0,State Highway,Foggy,8,21,60,Car,3,13,Slippery,9,0,1,0,1,16,53,Intersection,High
19,Saturday,4,1,1,State Highway,Rainy,5,56,60,Motorcycle,1,11,Dry,4,0,1,0,5,28,45,No Junction,Medium
16,Saturday,6,0,1,Urban Road,Clear,5,41,40,Car,1,8,Dry,5,0,1,2,6,28,86,No Junction,Medium
14,Sunday,1,0,1,Urban Road,Foggy,6,29,40,Car,2,7,Wet,5,0,1,0,3,30,79,Intersection,High
9,Sunday,6,1,1,State Highway,Cloudy,4,43,60,Truck,2,2,Good,3,0,0,1,9,33,28,T-Junction,Medium
22,Sunday,1,0,1,State Highway,Heavy Rain,4,48,60,Car,1,3,Dry,6,0,0,1,4,29,78,Roundabout,Medium
12,Monday,1,0,0,Residential,Rainy,7,24,40,Truck,3,4,Dry,8,0,0,0,6,19,82,T-Junction,Medium
6,Wednesday,8,0,0,National Highway,Cloudy,3,57,80,Auto,2,14,Wet,8,0,0,0,8,23,49,No Junction,Medium
17,Wednesday,2,1,0,Urban Road,Heavy Rain,8,18,40,Car,3,2,Under Construction,6,1,1,2,3,22,81,T-Junction,High
7,Friday,10,1,0,Highway,Clear,4,37,80,Auto,2,7,Wet,5,0,0,1,5,22,68,T-Junction,Medium
10,Monday,6,1,0,Highway,Rainy,4,10,80,Truck,2,0,Dry,7,1,0,2,6,31,39,No Junction,High
14,Friday,6,0,0,Residential,Clear,5,47,40,Bus,1,8,Good,6,0,0,1,5,28,36,Roundabout,Medium
20,Friday,6,1,0,Urban Road,Rainy,6,37,40,Bus,3,5,Good,3,0,0,1,7,22,100,Intersection,High
14,Friday,8,0,0,Highway,Cloudy,8,41,80,Car,1,0,Slippery,5,0,1,3,6,32,60,No Junction,High
18,Thursday,4,1,0,Urban Road,Heavy Rain,4,40,40,Truck,1,9,Under Construction,8,0,0,2,3,26,72,Y-Junction,High
23,Friday,3,0,0,Urban Road,Cloudy,4,43,40,Motorcycle,2,7,Slippery,7,0,0,0,7,23,34,No Junction,Medium
7,Saturday,6,1,1,Highway,Clear,5,10,80,Bicycle,1,0,Dry,8,0,0,1,7,30,99,Intersection,Medium
9,Tuesday,4,1,0,Highway,Cloudy,6,31,80,Motorcycle,1,5,Dry,9,0,0,0,6,36,81,Intersection,Medium
12,Saturday,2,0,1,National Highway,Cloudy,8,35,80,Motorcycle,3,7,Wet,8,0,0,2,6,24,68,No Junction,High
12,Saturday,6,0,1,Urban Road,Rainy,2,49,40,Bicycle,2,6,Good,8,1,0,2,7,22,98,Y-Junction,High
12,Wednesday,10,0,0,Urban Road,Foggy,3,15,40,Car,3,9,Under Construction,6,0,1,0,2,30,35,T-Junction,High
21,Thursday,5,0,0,Residential,Cloudy,7,26,40,Bus,1,7,Dry,5,0,0,0,9,29,51,No Junction,Low
18,Friday,11,1,0,State Highway,Heavy Rain,2,25,60,Car,2,11,Dry,8,0,1,1,3,25,65,Roundabout,Medium
16,Wednesday,9,0,0,Residential,Clear,5,27,40,Motorcycle,2,0,Under Construction,4,0,0,0,7,24,52,Y-Junction,Low
9,Monday,11,1,0,Urban Road,Clear,3,10,40,Motorcycle,2,13,Wet,10,0,0,0,6,28,80,Intersection,Medium
19,Monday,6,1,0,State Highway,Cloudy,3,57,60,Car,5,5,Dry,5,0,0,0,7,21,75,No Junction,Medium
22,Wednesday,3,0,0,Urban Road,Clear,4,44,40,Motorcycle,2,13,Wet,12,0,0,0,9,25,89,Roundabout,Medium
19,Tuesday,11,1,0,Urban Road,Clear,3,46,40,Motorcycle,2,0,Dry,7,0,0,0,6,23,68,No Junction,Medium
0,Wednesday,5,0,0,Residential,Clear,2,44,40,Car,5,5,Good,11,0,0,0,9,22,44,T-Junction,Medium
17,Wednesday,10,1,0,Residential,Rainy,5,26,40,Motorcycle,1,13,Under Construction,4,0,0,2,6,29,58,T-Junction,High
5,Thursday,8,0,0,Residential,Clear,7,10,40,Truck,2,4,Good,12,1,1,2,8,39,76,T-Junction,High
8,Monday,9,1,0,National Highway,Foggy,7,15,80,Car,1,0,Dry,4,0,0,2,2,18,58,T-Junction,High
5,Monday,8,0,0,Residential,Rainy,4,43,40,Car,2,6,Under Construction,7,0,0,0,5,33,67,Y-Junction,Medium
16,Friday,3,0,0,State Highway,Clear,7,13,60,Bicycle,1,7,Wet,4,0,0,0,6,28,55,T-Junction,Medium
17,Saturday,9,1,1,Residential,Heavy Rain,1,53,40,Car,2,8,Dry,8,0,0,0,4,10,75,Intersection,High
7,Wednesday,3,1,0,Urban Road,Cloudy,3,48,40,Car,1,7,Wet,7,0,0,1,8,25,75,T-Junction,Medium
11,Wednesday,8,0,0,Urban Road,Cloudy,1,54,40,Bus,5,5,Good,3,1,0,0,8,45,100,Y-Junction,High
13,Tuesday,10,0,0,Highway,Rainy,7,10,80,Bus,1,8,Slippery,8,0,1,2,9,15,32,No Junction,Medium
11,Sunday,9,0,1,Urban Road,Foggy,5,48,40,Bicycle,2,0,Dry,9,0,0,3,3,35,71,Roundabout,High
7,Sunday,7,1,1,State Highway,Clear,6,38,60,Auto,2,10,Good,5,0,0,0,8,30,100,Intersection,Medium
12,Monday,4,0,0,Residential,Clear,7,10,40,Car,2,8,Dry,7,0,0,0,7,22,88,Intersection,Low
18,Tuesday,10,1,0,Highway,Cloudy,8,33,80,Truck,2,3,Under Construction,7,1,0,3,6,30,100,No Junction,High
6,Thursday,9,0,0,Urban Road,Rainy,6,33,40,Car,1,1,Slippery,12,0,0,1,6,30,43,T-Junction,Medium
6,Friday,3,0,0,Highway,Clear,3,56,80,Bus,2,10,Slippery,8,1,0,1,5,27,66,Roundabout,High
11,Tuesday,3,0,0,State Highway,Cloudy,6,92,60,Motorcycle,1,4,Slippery,6,0,1,0,5,26,37,T-Junction,High
22,Monday,2,0,0,Highway,Clear,6,10,80,Motorcycle,2,16,Dry,4,1,0,1,9,25,47,Intersection,High
17,Thursday,10,1,0,Residential,Clear,9,10,40,Motorcycle,2,3,Good,3,0,0,0,7,29,93,T-Junction,Medium
17,Wednesday,3,1,0,Residential,Clear,7,25,40,Car,5,8,Dry,7,0,1,1,6,31,41,T-Junction,High
11,Thursday,1,0,0,Urban Road,Rainy,3,25,40,Truck,2,10,Wet,8,0,0,2,8,33,58,No Junction,Medium
16,Saturday,4,0,1,Urban Road,Rainy,3,84,40,Car,4,0,Dry,4,1,0,1,8,27,46,No Junction,High
1,Tuesday,8,0,0,Urban Road,Clear,6,10,40,Car,1,3,Dry,3,0,0,0,6,30,70,Intersection,Medium
17,Monday,5,1,0,State Highway,Clear,7,44,60,Car,3,5,Wet,9,0,1,0,7,20,35,T-Junction,Medium
21,Tuesday,2,0,0,State Highway,Clear,3,29,60,Motorcycle,2,11,Under Construction,10,0,1,3,7,17,65,Roundabout,Medium
17,Wednesday,3,1,0,Residential,Clear,7,13,40,Motorcycle,2,5,Dry,7,0,0,3,8,25,83,T-Junction,Medium
20,Sunday,1,1,1,Residential,Cloudy,2,49,40,Truck,2,7,Dry,9,1,0,0,6,21,57,No Junction,Medium
18,Wednesday,2,1,0,Highway,Rainy,7,36,80,Car,1,8,Wet,7,0,0,1,8,27,91,T-Junction,Medium
7,Monday,1,1,0,Highway,Rainy,10,33,80,Car,2,0,Slippery,15,0,0,2,9,30,75,No Junction,High
21,Saturday,2,0,1,State Highway,Rainy,5,47,60,Car,2,6,Dry,7,0,0,1,6,28,58,Intersection,Medium
5,Friday,3,0,0,State Highway,Rainy,4,44,60,Motorcycle,2,4,Slippery,12,0,0,0,7,24,50,Y-Junction,Medium
15,Thursday,1,0,0,Residential,Cloudy,10,10,40,Motorcycle,2,2,Dry,9,0,1,0,8,22,85,Intersection,Medium
7,Thursday,11,1,0,Residential,Foggy,4,37,40,Bus,2,9,Dry,6,0,0,2,4,32,58,T-Junction,High
1,Wednesday,9,0,0,Urban Road,Clear,2,19,40,Auto,3,11,Wet,9,0,0,0,5,34,62,Roundabout,Medium
12,Tuesday,10,0,0,Urban Road,Rainy,3,66,40,Motorcycle,3,1,Slippery,7,0,1,0,9,28,100,Y-Junction,Medium
9,Sunday,5,1,1,Residential,Rainy,4,25,40,Bus,3,14,Dry,4,0,0,0,5,23,85,T-Junction,Medium
14,Tuesday,8,0,0,National Highway,Clear,7,33,80,Motorcycle,1,9,Wet,8,0,0,2,9,32,49,Roundabout,Medium
16,Saturday,5,0,1,Urban Road,Clear,3,38,40,Bicycle,2,5,Wet,6,0,1,0,9,20,66,Roundabout,Medium
4,Friday,8,0,0,Urban Road,Clear,2,30,40,Car,4,17,Wet,7,0,1,1,7,21,84,Intersection,High
7,Tuesday,7,1,0,Urban Road,Clear,5,51,40,Car,2,5,Wet,7,0,0,1,7,31,51,Roundabout,High
15,Thursday,12,0,0,Highway,Rainy,7,21,80,Car,2,4,Dry,7,0,0,3,6,18,93,Intersection,High
10,Sunday,4,1,1,Urban Road,Cloudy,5,10,40,Car,3,11,Slippery,5,0,0,1,8,20,73,Intersection,Medium
18,Tuesday,7,1,0,National Highway,Clear,5,10,80,Car,4,7,Under Construction,11,0,0,1,5,35,100,Intersection,Medium
17,Sunday,6,1,1,State Highway,Rainy,4,12,60,Car,4,4,Dry,7,0,0,3,8,18,59,T-Junction,Medium
20,Friday,3,1,0,State Highway,Rainy,7,10,60,Car,1,9,Dry,8,0,0,0,8,26,76,Intersection,Medium
18,Thursday,9,1,0,Residential,Rainy,5,30,40,Motorcycle,1,3,Slippery,7,0,0,0,9,38,50,No Junction,Medium
12,Sunday,12,0,1,Urban Road,Rainy,3,42,40,Bus,2,6,Slippery,6,0,1,0,5,31,63,Intersection,High
17,Tuesday,10,1,0,National Highway,Rainy,6,10,80,Car,2,1,Slippery,8,0,0,1,7,21,53,No Junction,Medium
9,Thursday,9,1,0,Urban Road,Cloudy,6,34,40,Motorcycle,3,4,Slippery,12,1,0,0,8,30,85,T-Junction,High
9,Wednesday,5,1,0,National Highway,Cloudy,8,10,80,Car,2,14,Wet,3,1,0,1,9,30,32,Intersection,High
19,Wednesday,8,1,0,State Highway,Clear,4,18,60,Motorcycle,1,4,Wet,4,0,0,3,7,21,20,Roundabout,Medium
13,Saturday,7,0,1,Urban Road,Clear,5,10,40,Motorcycle,2,7,Dry,7,0,0,0,9,31,70,T-Junction,Low
19,Wednesday,9,1,0,Urban Road,Rainy,3,60,40,Car,1,3,Dry,5,0,1,1,8,35,66,No Junction,Medium
19,Tuesday,7,1,0,Urban Road,Clear,8,23,40,Auto,3,11,Good,14,0,1,0,8,37,49,Y-Junction,Medium
20,Friday,4,1,0,Highway,Rainy,6,23,80,Car,1,7,Good,6,1,1,0,8,30,67,No Junction,High
21,Thursday,4,0,0,Urban Road,Rainy,6,10,40,Motorcycle,2,0,Slippery,9,0,1,2,5,32,25,No Junction,Medium
12,Sunday,11,0,1,State Highway,Cloudy,4,43,60,Motorcycle,2,5,Dry,7,0,1,0,5,22,96,Intersection,Medium
10,Monday,8,1,0,State Highway,Rainy,10,30,60,Bus,2,5,Wet,3,0,0,1,8,38,49,Roundabout,High
16,Wednesday,6,0,0,Urban Road,Clear,5,45,40,Motorcycle,1,4,Slippery,6,0,0,1,5,22,85,Intersection,High
11,Wednesday,9,0,0,Urban Road,Rainy,7,10,40,Truck,3,7,Wet,4,0,0,0,9,23,41,Intersection,Low
16,Monday,10,0,0,Residential,Cloudy,6,54,40,Bus,2,1,Slippery,8,0,1,0,9,25,38,Intersection,Medium
18,Sunday,7,1,1,Urban Road,Clear,3,31,40,Car,3,2,Dry,7,0,0,0,6,24,46,Y-Junction,Medium
17,Sunday,7,1,1,Urban Road,Clear,8,40,40,Truck,2,14,Dry,5,0,0,1,7,21,65,Intersection,High
11,Monday,4,0,0,Residential,Rainy,5,10,40,Motorcycle,2,10,Slippery,7,0,0,3,9,26,83,No Junction,Medium
7,Sunday,3,1,1,Urban Road,Heavy Rain,5,10,40,Bicycle,2,5,Good,6,0,0,1,2,37,96,T-Junction,Medium
12,Tuesday,8,0,0,Highway,Cloudy,5,24,80,Bicycle,2,5,Under Construction,11,0,0,1,6,24,86,Roundabout,Medium
7,Sunday,7,1,1,Urban Road,Clear,4,21,40,Truck,2,2,Slippery,9,0,0,0,6,24,36,T-Junction,Medium
21,Thursday,4,0,0,Urban Road,Clear,10,37,40,Motorcycle,4,8,Dry,13,0,0,1,7,36,61,No Junction,Medium
10,Sunday,4,1,1,Urban Road,Rainy,5,41,40,Car,2,10,Dry,10,0,0,1,8,16,55,Roundabout,Medium
7,Wednesday,1,1,0,Urban Road,Cloudy,5,57,40,Car,3,6,Dry,9,0,1,0,7,32,63,Intersection,High
2,Friday,11,0,0,Urban Road,Foggy,1,46,40,Motorcycle,4,2,Wet,9,0,0,1,1,26,72,T-Junction,High
17,Tuesday,7,1,0,State Highway,Rainy,8,17,60,Motorcycle,1,4,Wet,10,0,0,3,7,30,49,Intersection,High
17,Tuesday,1,1,0,Residential,Foggy,7,10,40,Motorcycle,2,0,Wet,3,0,0,0,4,29,100,Roundabout,High
10,Sunday,10,1,1,Residential,Heavy Rain,6,35,40,Bus,1,11,Good,9,0,0,2,2,36,56,T-Junction,High
6,Friday,10,0,0,Urban Road,Rainy,6,39,40,Bus,3,1,Wet,3,0,0,2,9,21,79,Roundabout,High
12,Friday,4,0,0,Highway,Rainy,6,24,80,Motorcycle,2,7,Dry,3,1,1,0,8,19,35,No Junction,High
10,Saturday,11,1,1,Urban Road,Rainy,7,22,40,Motorcycle,2,6,Dry,4,0,0,2,8,30,100,T-Junction,Medium
17,Friday,3,1,0,State Highway,Rainy,6,10,60,Bus,2,0,Dry,8,1,1,0,6,21,78,Intersection,High
16,Sunday,11,0,1,Urban Road,Rainy,1,19,40,Auto,2,8,Wet,4,0,0,1,5,32,59,Intersection,Medium
11,Sunday,3,0,1,Residential,Clear,2,53,40,Car,5,15,Slippery,9,0,0,0,8,30,72,T-Junction,High
8,Monday,12,1,0,Urban Road,Rainy,7,20,40,Truck,2,6,Wet,12,0,0,0,8,30,73,No Junction,Medium
23,Wednesday,1,0,0,National Highway,Clear,4,22,80,Auto,3,4,Under Construction,7,0,0,1,6,23,68,Intersection,Medium
13,Saturday,4,0,1,National Highway,Cloudy,5,51,80,Car,5,0,Dry,8,0,0,2,6,27,59,No Junction,High
17,Sunday,1,1,1,Highway,Clear,8,10,80,Motorcycle,3,10,Wet,5,0,0,3,6,26,39,No Junction,High
7,Monday,8,1,0,Residential,Heavy Rain,6,26,40,Car,3,0,Slippery,4,0,0,3,5,38,96,T-Junction,High
14,Saturday,1,0,1,Highway,Heavy Rain,2,52,80,Bus,1,7,Dry,7,1,0,2,2,26,68,Intersection,High
2,Wednesday,12,0,0,Residential,Rainy,4,59,40,Bus,1,4,Dry,5,1,0,3,8,24,49,Intersection,High
14,Saturday,6,0,1,Highway,Clear,4,43,80,Auto,2,6,Wet,6,0,0,1,9,34,59,Y-Junction,Medium
22,Monday,7,0,0,Highway,Clear,5,43,80,Truck,4,10,Dry,5,0,1,3,5,22,88,No Junction,High
11,Thursday,10,0,0,Highway,Clear,7,82,80,Car,1,4,Under Construction,3,0,0,0,6,38,89,No Junction,High
3,Sunday,12,0,1,National Highway,Clear,4,55,80,Car,3,8,Dry,7,0,1,0,5,18,59,Roundabout,Medium
3,Wednesday,2,0,0,State Highway,Rainy,5,21,60,Car,1,1,Dry,3,0,0,1,6,38,54,Intersection,Low
11,Tuesday,4,0,0,Highway,Foggy,1,47,80,Car,2,0,Dry,9,0,0,0,3,28,55,No Junction,High
7,Wednesday,11,1,0,Residential,Clear,8,34,40,Car,3,0,Wet,3,0,1,0,5,25,85,T-Junction,High
2,Wednesday,3,0,0,Urban Road,Foggy,4,26,40,Motorcycle,1,5,Dry,6,0,0,0,4,38,90,T-Junction,Medium
18,Wednesday,9,1,0,Urban Road,Rainy,3,45,40,Car,2,18,Wet,11,0,0,0,5,26,59,Intersection,Medium
13,Thursday,7,0,0,State Highway,Clear,1,10,60,Car,3,1,Dry,10,0,1,0,7,21,77,No Junction,Low
9,Sunday,2,1,1,Highway,Clear,5,32,80,Motorcycle,2,0,Dry,7,0,0,0,8,27,58,Y-Junction,Medium
21,Monday,11,0,0,Residential,Rainy,6,30,40,Motorcycle,1,2,Dry,14,0,0,0,8,31,37,T-Junction,Low
7,Sunday,12,1,1,Urban Road,Clear,3,22,40,Motorcycle,2,0,Dry,8,0,0,0,9,27,77,No Junction,Low
22,Tuesday,6,0,0,Highway,Rainy,4,13,80,Car,1,2,Slippery,11,0,1,0,9,26,61,No Junction,Low
10,Monday,9,1,0,Urban Road,Clear,3,47,40,Motorcycle,1,1,Wet,6,0,0,1,9,26,62,No Junction,Medium
20,Saturday,12,1,1,National Highway,Rainy,4,41,80,Truck,2,3,Dry,3,0,0,0,5,31,81,Intersection,High
16,Saturday,3,0,1,State Highway,Clear,2,40,60,Truck,3,10,Dry,8,0,0,0,5,21,38,Intersection,Medium
19,Saturday,11,1,1,Highway,Cloudy,4,22,80,Motorcycle,1,0,Good,9,0,0,1,5,30,22,No Junction,Medium
23,Monday,6,0,0,State Highway,Clear,6,32,60,Bus,2,6,Slippery,9,0,0,1,6,37,72,Roundabout,Medium
9,Friday,3,1,0,National Highway,Foggy,6,10,80,Motorcycle,4,6,Under Construction,3,0,0,0,4,36,98,Intersection,High
22,Thursday,3,0,0,Urban Road,Clear,6,66,40,Car,2,5,Dry,16,0,1,2,8,36,84,T-Junction,High
11,Friday,4,0,0,Urban Road,Clear,5,39,40,Bus,2,6,Dry,4,0,0,0,8,22,49,T-Junction,Medium
11,Sunday,9,0,1,Highway,Clear,4,10,80,Motorcycle,1,2,Slippery,8,0,1,0,6,38,70,T-Junction,Medium
10,Saturday,11,1,1,Urban Road,Clear,5,79,40,Car,5,1,Dry,8,1,0,0,5,27,75,T-Junction,High
15,Thursday,8,0,0,Residential,Cloudy,5,36,40,Car,1,6,Wet,10,0,0,0,5,30,76,T-Junction,Medium
7,Monday,1,1,0,Urban Road,Clear,6,41,40,Car,2,8,Dry,5,0,0,1,7,28,53,No Junction,High
15,Saturday,12,0,1,Highway,Clear,3,45,80,Motorcycle,3,7,Dry,9,0,0,2,7,24,52,T-Junction,Medium
15,Monday,11,0,0,Urban Road,Clear,10,24,40,Auto,2,7,Dry,12,1,1,0,8,28,20,Y-Junction,Medium
18,Thursday,1,1,0,Urban Road,Clear,6,10,40,Car,3,5,Wet,6,1,0,1,9,32,69,No Junction,High
19,Monday,7,1,0,Residential,Clear,8,65,40,Motorcycle,2,7,Slippery,6,1,0,1,8,31,80,No Junction,High
13,Monday,3,0,0,Residential,Rainy,4,27,40,Car,2,16,Dry,4,0,0,0,6,30,84,Intersection,Low
9,Tuesday,11,1,0,Highway,Clear,10,10,80,Motorcycle,4,7,Dry,8,0,1,0,5,23,42,No Junction,High
8,Sunday,7,1,1,Urban Road,Clear,4,21,40,Car,2,10,Slippery,5,0,0,1,7,27,63,No Junction,Medium
8,Friday,9,1,0,Urban Road,Rainy,8,12,40,Car,5,6,Dry,10,0,0,3,8,29,63,T-Junction,High
5,Friday,3,0,0,National Highway,Clear,1,44,80,Motorcycle,1,8,Slippery,6,0,0,0,6,18,47,Y-Junction,Medium
10,Friday,3,1,0,Urban Road,Clear,4,29,40,Bicycle,1,6,Slippery,7,1,0,1,9,31,85,No Junction,Medium
9,Wednesday,2,1,0,Highway,Heavy Rain,8,10,80,Motorcycle,1,1,Dry,5,0,0,0,3,30,64,Y-Junction,High
22,Tuesday,10,0,0,Highway,Rainy,6,38,80,Truck,1,10,Dry,14,0,0,0,5,36,54,Intersection,Medium
15,Saturday,1,0,1,Urban Road,Rainy,2,63,40,Car,1,9,Slippery,8,0,0,0,5,25,87,Intersection,Medium
10,Saturday,9,1,1,Highway,Cloudy,5,10,80,Motorcycle,2,6,Dry,4,0,1,0,7,27,77,Intersection,High
16,Saturday,6,0,1,Residential,Cloudy,6,76,40,Auto,3,5,Dry,8,0,0,0,6,27,51,No Junction,Medium
7,Friday,6,1,0,State Highway,Clear,9,10,60,Motorcycle,2,10,Dry,3,0,0,2,9,32,30,No Junction,Medium
13,Sunday,8,0,1,Urban Road,Clear,4,35,40,Car,1,4,Under Construction,6,1,0,0,9,25,49,T-Junction,Medium
17,Friday,11,1,0,Residential,Foggy,6,13,40,Car,1,5,Good,9,0,0,0,1,35,67,No Junction,High
14,Sunday,5,0,1,Residential,Rainy,6,41,40,Motorcycle,2,5,Wet,9,1,0,2,7,26,54,Y-Junction,High
12,Tuesday,9,0,0,Urban Road,Clear,4,36,40,Car,1,0,Dry,10,1,0,1,5,29,41,Roundabout,Medium
23,Sunday,11,0,1,Highway,Clear,3,21,80,Car,2,2,Wet,11,0,0,0,9,23,59,T-Junction,Medium
20,Monday,5,1,0,Urban Road,Rainy,5,33,40,Car,1,8,Dry,7,0,1,3,6,21,30,Intersection,High
17,Friday,2,1,0,State Highway,Foggy,4,41,60,Car,2,1,Dry,10,0,0,1,2,27,75,Y-Junction,High
16,Saturday,6,0,1,State Highway,Rainy,5,36,60,Car,5,10,Wet,10,0,1,0,5,22,100,Y-Junction,High
17,Monday,9,1,0,Highway,Foggy,7,10,80,Motorcycle,5,4,Slippery,10,0,0,2,2,21,76,Intersection,High
8,Friday,3,1,0,Urban Road,Clear,8,52,40,Car,3,15,Dry,3,1,0,1,7,27,90,T-Junction,High
12,Thursday,10,0,0,State Highway,Clear,5,85,60,Motorcycle,1,0,Good,8,0,0,0,8,19,51,No Junction,Medium
3,Wednesday,4,0,0,Urban Road,Clear,8,10,40,Bicycle,4,0,Dry,7,0,0,1,6,26,57,No Junction,Medium
13,Friday,10,0,0,State Highway,Heavy Rain,7,59,60,Motorcycle,1,0,Wet,11,0,0,0,4,28,40,No Junction,High
15,Thursday,11,0,0,Urban Road,Cloudy,4,61,40,Bus,2,9,Slippery,8,1,0,1,6,34,76,No Junction,High
8,Tuesday,8,1,0,National Highway,Foggy,6,42,80,Car,4,0,Dry,6,0,0,0,2,27,85,Y-Junction,High
22,Thursday,6,0,0,State Highway,Clear,4,10,60,Truck,2,12,Dry,7,0,0,0,6,30,52,Y-Junction,Low
21,Tuesday,7,0,0,Highway,Rainy,4,40,80,Motorcycle,1,11,Dry,6,0,1,0,5,20,69,Intersection,High
18,Friday,7,1,0,Residential,Cloudy,7,52,40,Car,2,5,Good,8,0,0,0,7,20,35,Intersection,High
15,Tuesday,4,0,0,Highway,Cloudy,6,10,80,Car,3,7,Wet,8,0,1,2,8,33,61,T-Junction,High
20,Thursday,12,1,0,Urban Road,Foggy,9,23,40,Motorcycle,2,2,Dry,7,0,0,3,4,23,47,No Junction,High
7,Sunday,6,1,1,Residential,Clear,8,10,40,Bus,1,14,Under Construction,7,0,0,1,7,22,67,Y-Junction,Medium
19,Wednesday,12,1,0,Urban Road,Foggy,6,53,40,Car,1,7,Wet,5,0,0,0,1,21,76,No Junction,High
7,Monday,9,1,0,Residential,Rainy,5,61,40,Bus,1,4,Dry,12,0,1,0,8,25,45,Intersection,High
19,Monday,3,1,0,Urban Road,Clear,7,36,40,Auto,1,13,Wet,7,0,0,0,9,31,37,No Junction,Low
9,Wednesday,8,1,0,Residential,Heavy Rain,6,22,40,Bus,5,0,Wet,8,0,0,0,5,14,63,Intersection,High
20,Saturday,7,1,1,Urban Road,Clear,7,16,40,Bus,2,11,Dry,9,0,1,0,6,43,63,Intersection,Medium
22,Monday,4,0,0,State Highway,Cloudy,7,26,60,Truck,5,5,Wet,8,1,0,3,9,28,62,Roundabout,High
7,Friday,10,1,0,Highway,Clear,8,12,80,Bus,2,15,Dry,6,0,0,0,6,22,39,No Junction,Medium
13,Saturday,3,0,1,Urban Road,Rainy,4,36,40,Auto,2,7,Slippery,9,0,0,0,5,27,39,T-Junction,Medium
23,Friday,7,0,0,Urban Road,Clear,6,52,40,Motorcycle,4,4,Dry,12,1,1,0,5,22,69,T-Junction,High
14,Thursday,10,0,0,Urban Road,Rainy,4,24,40,Bus,5,4,Dry,10,0,0,0,6,29,28,No Junction,Medium
20,Thursday,9,1,0,Urban Road,Cloudy,5,44,40,Bus,4,4,Good,9,0,0,0,8,23,40,Intersection,High
16,Saturday,12,0,1,Urban Road,Clear,4,101,40,Car,2,6,Wet,9,0,0,0,8,28,99,Intersection,Medium
11,Saturday,10,0,1,National Highway,Foggy,6,38,80,Car,2,6,Dry,8,0,0,0,2,25,53,T-Junction,High
9,Saturday,3,1,1,Highway,Clear,5,40,80,Auto,2,11,Slippery,7,0,0,0,5,31,35,T-Junction,High
8,Saturday,10,1,1,State Highway,Cloudy,5,10,60,Motorcycle,2,7,Under Construction,13,1,0,1,5,38,38,Intersection,Medium
18,Tuesday,9,1,0,Residential,Rainy,8,25,40,Bicycle,2,4,Dry,12,0,0,1,8,23,88,No Junction,Medium
11,Sunday,8,0,1,Urban Road,Clear,3,36,40,Truck,1,10,Slippery,6,0,1,0,7,27,50,No Junction,Medium
14,Saturday,12,0,1,Residential,Cloudy,3,67,40,Car,4,6,Wet,11,0,0,0,8,31,60,No Junction,Medium
14,Sunday,3,0,1,State Highway,Cloudy,2,77,60,Motorcycle,2,9,Slippery,9,0,0,0,8,35,55,No Junction,Medium
16,Saturday,8,0,1,Urban Road,Clear,5,42,40,Bus,2,12,Slippery,8,0,0,0,7,30,34,T-Junction,Medium
20,Thursday,12,1,0,State Highway,Heavy Rain,6,10,60,Motorcycle,2,6,Slippery,12,1,0,1,3,23,33,No Junction,High
23,Friday,4,0,0,Highway,Clear,2,30,80,Motorcycle,2,3,Good,8,0,0,0,6,20,73,Intersection,Low
12,Sunday,6,0,1,Residential,Cloudy,5,10,40,Car,2,6,Under Construction,8,0,1,1,9,29,40,Intersection,Medium
19,Thursday,12,1,0,Urban Road,Clear,8,10,40,Car,2,3,Dry,9,0,1,0,7,32,100,T-Junction,Medium
18,Monday,10,1,0,Urban Road,Clear,6,11,40,Car,2,2,Good,4,0,0,1,7,31,34,T-Junction,Medium
16,Tuesday,2,0,0,Residential,Foggy,6,60,40,Car,1,0,Dry,8,0,1,1,4,31,40,Intersection,High
22,Tuesday,8,0,0,Urban Road,Cloudy,2,74,40,Bus,2,1,Slippery,3,0,0,0,6,20,74,Intersection,Medium
8,Friday,9,1,0,Urban Road,Clear,5,68,40,Motorcycle,2,8,Under Construction,9,1,1,2,9,24,67,No Junction,High
6,Saturday,7,0,1,Urban Road,Rainy,3,27,40,Car,2,8,Wet,9,0,0,3,5,27,90,T-Junction,Medium
20,Thursday,8,1,0,Residential,Cloudy,7,10,40,Bus,3,0,Dry,11,0,0,0,5,29,74,No Junction,Medium
12,Monday,7,0,0,Urban Road,Rainy,5,15,40,Motorcycle,3,4,Good,9,0,0,1,5,29,87,T-Junction,Medium
20,Thursday,11,1,0,Urban Road,Foggy,6,58,40,Motorcycle,4,7,Dry,15,0,0,0,2,30,96,Y-Junction,High
21,Saturday,10,0,1,Urban Road,Rainy,5,51,40,Motorcycle,1,2,Dry,3,0,0,0,6,16,58,No Junction,Medium
5,Saturday,4,0,1,State Highway,Foggy,2,80,60,Car,2,4,Wet,7,0,0,0,2,20,26,Intersection,High
20,Wednesday,1,1,0,State Highway,Cloudy,2,43,60,Truck,2,5,Dry,11,0,0,0,8,28,94,No Junction,Low
13,Thursday,3,0,0,Urban Road,Clear,2,71,40,Car,2,5,Under Construction,11,0,0,0,6,28,83,Y-Junction,Medium
14,Friday,7,0,0,Urban Road,Foggy,8,20,40,Motorcycle,2,4,Dry,6,0,1,0,1,27,75,T-Junction,High
17,Thursday,11,1,0,Urban Road,Foggy,5,28,40,Bus,4,4,Good,11,1,0,0,2,30,94,T-Junction,High
21,Tuesday,11,0,0,State Highway,Clear,3,27,60,Motorcycle,1,1,Good,3,0,0,3,5,31,63,Roundabout,Medium
1,Monday,7,0,0,State Highway,Clear,2,46,60,Motorcycle,2,5,Wet,5,1,0,1,8,21,53,Roundabout,Medium
13,Sunday,11,0,1,Highway,Cloudy,5,22,80,Motorcycle,2,7,Slippery,9,1,0,1,9,17,86,Roundabout,Medium
17,Friday,3,1,0,State Highway,Clear,6,38,60,Car,2,7,Wet,8,0,0,0,7,25,70,Roundabout,Medium
18,Wednesday,1,1,0,Highway,Clear,6,23,80,Bicycle,1,6,Dry,11,0,0,0,7,32,60,T-Junction,Medium
18,Monday,10,1,0,Urban Road,Heavy Rain,6,31,40,Truck,2,0,Dry,10,0,0,0,4,29,95,T-Junction,Medium
7,Monday,9,1,0,National Highway,Clear,3,57,80,Car,2,3,Under Construction,6,1,1,2,8,26,91,Roundabout,High
9,Sunday,12,1,1,State Highway,Cloudy,4,31,60,Motorcycle,2,6,Wet,11,0,0,0,8,35,53,Intersection,Medium
11,Tuesday,6,0,0,State Highway,Clear,7,24,60,Auto,4,8,Under Construction,9,0,1,2,6,40,35,No Junction,High
19,Tuesday,12,1,0,Urban Road,Rainy,7,10,40,Bus,2,3,Wet,10,0,0,1,5,32,45,Intersection,Medium
9,Tuesday,7,1,0,Urban Road,Clear,3,22,40,Auto,2,16,Dry,10,0,0,2,5,37,53,Y-Junction,Medium
8,Friday,1,1,0,State Highway,Clear,6,10,60,Car,1,13,Dry,7,0,0,1,8,18,55,Intersection,Low
22,Thursday,1,0,0,Residential,Rainy,4,64,40,Car,5,0,Dry,10,0,1,0,6,28,70,No Junction,High
0,Monday,4,0,0,Urban Road,Heavy Rain,4,41,40,Auto,2,10,Under Construction,9,0,0,0,3,24,100,T-Junction,Medium
23,Thursday,7,0,0,Urban Road,Cloudy,3,65,40,Truck,1,4,Slippery,10,0,0,0,7,32,85,T-Junction,Medium
17,Thursday,11,1,0,State Highway,Heavy Rain,5,27,60,Auto,1,5,Slippery,12,0,0,1,4,20,89,T-Junction,High
19,Tuesday,11,1,0,National Highway,Rainy,6,41,80,Car,2,7,Slippery,7,0,1,3,8,27,64,T-Junction,High
9,Thursday,8,1,0,Residential,Clear,5,29,40,Truck,1,1,Dry,11,0,0,0,7,24,69,T-Junction,Low
1,Monday,10,0,0,Residential,Rainy,6,30,40,Motorcycle,1,12,Dry,6,0,0,1,6,32,75,No Junction,Low
18,Monday,9,1,0,Highway,Rainy,5,48,80,Truck,2,4,Dry,6,0,0,3,9,25,89,No Junction,High
19,Saturday,1,1,1,Residential,Clear,3,28,40,Motorcycle,2,4,Dry,7,0,0,0,5,18,84,No Junction,Medium
18,Wednesday,4,1,0,Residential,Cloudy,9,17,40,Truck,2,5,Dry,7,0,0,0,8,30,79,T-Junction,Medium
7,Friday,4,1,0,Highway,Foggy,6,45,80,Car,5,0,Dry,9,0,0,1,2,33,52,No Junction,High
18,Thursday,3,1,0,State Highway,Clear,6,10,60,Bicycle,2,6,Under Construction,4,1,0,0,7,22,30,No Junction,Medium
18,Friday,7,1,0,National Highway,Clear,3,31,80,Motorcycle,1,0,Wet,9,0,0,1,6,32,88,No Junction,Medium
17,Friday,1,1,0,Urban Road,Clear,3,70,40,Bus,2,12,Dry,7,0,0,1,7,28,79,Intersection,Medium
18,Friday,9,1,0,State Highway,Heavy Rain,6,54,60,Car,4,0,Wet,3,0,0,1,4,28,52,Intersection,High
20,Sunday,8,1,1,Residential,Cloudy,7,33,40,Car,2,5,Dry,9,0,0,0,8,14,100,T-Junction,Medium
17,Saturday,2,1,1,Residential,Rainy,8,10,40,Car,2,0,Wet,12,0,0,0,7,34,48,Intersection,Medium
6,Friday,2,0,0,State Highway,Cloudy,4,61,60,Truck,1,2,Dry,11,0,0,3,9,30,64,No Junction,Medium
14,Saturday,8,0,1,Urban Road,Clear,4,22,40,Car,2,11,Good,7,0,0,0,9,29,60,Roundabout,Low
6,Monday,11,0,0,State Highway,Cloudy,3,53,60,Bus,3,5,Dry,6,0,0,2,8,30,51,No Junction,Medium
12,Sunday,1,0,1,Urban Road,Rainy,5,53,40,Car,3,15,Under Construction,10,1,0,0,9,29,54,Intersection,High
12,Thursday,7,0,0,State Highway,Cloudy,5,71,60,Motorcycle,1,0,Slippery,6,0,1,1,9,36,52,No Junction,Medium
5,Saturday,9,0,1,Urban Road,Rainy,2,58,40,Car,4,5,Wet,7,0,0,0,7,34,50,No Junction,Medium
10,Wednesday,12,1,0,Highway,Foggy,6,33,80,Car,2,0,Good,15,0,1,0,4,25,76,No Junction,High
7,Friday,3,1,0,Urban Road,Clear,4,25,40,Truck,3,4,Dry,12,0,0,0,7,44,82,Y-Junction,Medium
19,Sunday,7,1,1,Urban Road,Clear,4,11,40,Auto,2,4,Dry,7,1,1,3,5,32,52,No Junction,High
22,Wednesday,6,0,0,Highway,Clear,5,18,80,Auto,1,7,Dry,10,0,1,0,6,39,54,T-Junction,Medium
6,Monday,7,0,0,Highway,Rainy,5,35,80,Car,4,5,Under Construction,12,0,0,0,7,29,72,T-Junction,Medium
22,Monday,7,0,0,State Highway,Clear,3,63,60,Bicycle,2,4,Dry,9,0,0,1,6,28,69,Intersection,Medium
15,Tuesday,10,0,0,State Highway,Cloudy,2,10,60,Bus,2,8,Dry,4,0,0,0,7,20,67,T-Junction,Low
9,Friday,1,1,0,National Highway,Clear,6,35,80,Car,2,8,Wet,9,1,0,1,7,17,68,Roundabout,High
6,Tuesday,3,0,0,State Highway,Foggy,9,52,60,Auto,2,11,Slippery,7,0,0,0,3,28,77,T-Junction,High
14,Sunday,10,0,1,State Highway,Cloudy,4,36,60,Car,1,0,Dry,7,0,0,1,7,25,87,Roundabout,Low
19,Wednesday,1,1,0,Highway,Rainy,4,10,80,Car,3,1,Wet,5,0,0,2,9,30,54,No Junction,Medium
18,Thursday,5,1,0,State Highway,Clear,6,12,60,Auto,2,13,Dry,4,0,1,0,9,23,71,T-Junction,Medium
5,Tuesday,3,0,0,State Highway,Clear,3,34,60,Auto,2,14,Dry,6,1,1,1,7,32,55,Intersection,High
6,Monday,1,0,0,Highway,Clear,5,29,80,Motorcycle,1,8,Slippery,10,0,0,0,5,33,25,Intersection,Medium
12,Friday,2,0,0,Residential,Rainy,2,16,40,Truck,1,8,Wet,10,0,0,0,9,38,47,Y-Junction,Low
9,Wednesday,10,1,0,Urban Road,Foggy,8,10,40,Car,3,5,Under Construction,14,0,0,0,2,42,100,Intersection,Medium
8,Saturday,5,1,1,National Highway,Clear,5,51,80,Bus,2,7,Slippery,6,0,0,0,5,32,85,T-Junction,High
9,Sunday,11,1,1,Residential,Clear,5,10,40,Bus,3,8,Dry,5,1,0,0,6,40,24,Intersection,High
19,Sunday,3,1,1,National Highway,Cloudy,3,27,80,Car,2,13,Wet,10,0,0,0,7,30,51,Intersection,Medium
21,Monday,6,0,0,Highway,Clear,3,37,80,Truck,4,8,Good,3,0,0,0,7,29,61,No Junction,Medium
12,Saturday,9,0,1,Highway,Clear,1,54,80,Auto,2,4,Dry,3,1,1,1,7,22,65,No Junction,High
21,Sunday,6,0,1,National Highway,Cloudy,3,60,80,Bus,2,2,Wet,10,0,1,1,9,28,53,T-Junction,High
10,Thursday,2,1,0,Highway,Cloudy,9,11,80,Bus,3,0,Slippery,5,0,0,0,5,26,80,No Junction,Medium
13,Friday,2,0,0,Urban Road,Foggy,3,74,40,Car,2,6,Dry,5,1,0,3,3,22,95,No Junction,High
8,Thursday,8,1,0,Residential,Clear,6,10,40,Bus,2,10,Slippery,9,0,0,0,8,18,87,Y-Junction,Medium
17,Sunday,11,1,1,State Highway,Clear,4,64,60,Motorcycle,3,11,Slippery,8,1,1,0,5,27,54,Intersection,High
23,Thursday,8,0,0,Urban Road,Foggy,3,37,40,Car,5,12,Dry,7,0,0,0,3,21,37,Roundabout,High
16,Sunday,6,0,1,Highway,Clear,2,22,80,Truck,2,8,Dry,4,0,0,0,8,27,77,T-Junction,Low
11,Friday,10,0,0,Urban Road,Clear,6,10,40,Bus,2,3,Good,6,1,0,0,5,32,35,No Junction,Medium
17,Friday,7,1,0,Urban Road,Foggy,6,35,40,Bus,1,11,Dry,6,1,0,0,3,22,79,Roundabout,High
7,Saturday,1,1,1,Urban Road,Rainy,3,16,40,Auto,2,0,Wet,6,0,1,0,7,20,93,T-Junction,Medium
20,Thursday,12,1,0,State Highway,Foggy,8,24,60,Car,1,4,Slippery,9,0,1,1,2,20,75,Intersection,High
14,Wednesday,9,0,0,Residential,Rainy,2,59,40,Car,2,4,Dry,9,0,0,0,6,23,43,Y-Junction,Medium
13,Saturday,5,0,1,State Highway,Clear,4,19,60,Auto,1,6,Good,7,1,1,1,7,24,45,T-Junction,Medium
16,Friday,9,0,0,Highway,Rainy,4,50,80,Bus,2,10,Wet,8,0,0,1,5,20,66,No Junction,Medium
17,Monday,2,1,0,Residential,Foggy,8,10,40,Motorcycle,1,6,Wet,13,0,0,0,2,33,100,T-Junction,High
6,Sunday,8,0,1,National Highway,Clear,4,18,80,Car,1,3,Wet,9,0,1,0,8,31,67,T-Junction,Medium
17,Saturday,7,1,1,Residential,Heavy Rain,6,35,40,Bus,2,7,Under Construction,12,0,1,1,3,18,42,No Junction,High
8,Tuesday,11,1,0,Highway,Clear,6,36,80,Car,2,2,Good,6,0,1,3,8,21,62,Intersection,High
18,Wednesday,4,1,0,National Highway,Clear,7,19,80,Bus,2,6,Dry,7,0,1,0,6,33,100,Y-Junction,High
19,Sunday,3,1,1,Urban Road,Foggy,5,15,40,Motorcycle,2,8,Wet,7,0,0,2,3,20,35,Y-Junction,High
19,Saturday,4,1,1,State Highway,Cloudy,6,23,60,Motorcycle,1,2,Dry,9,0,0,2,8,22,92,Intersection,Low
15,Friday,4,0,0,Highway,Clear,5,45,80,Motorcycle,1,0,Dry,9,1,0,0,9,26,58,Y-Junction,Medium
15,Friday,10,0,0,Residential,Clear,8,16,40,Motorcycle,1,5,Dry,9,0,0,1,7,23,74,Y-Junction,Low
7,Wednesday,10,1,0,National Highway,Clear,1,21,80,Car,4,2,Slippery,3,0,0,0,8,40,83,Intersection,Medium
19,Tuesday,8,1,0,Urban Road,Rainy,5,24,40,Motorcycle,3,2,Good,5,0,0,2,5,30,50,No Junction,High
9,Saturday,4,1,1,Urban Road,Rainy,2,61,40,Motorcycle,2,3,Slippery,8,1,0,0,6,29,88,No Junction,High
14,Saturday,5,0,1,Highway,Rainy,2,26,80,Motorcycle,1,9,Wet,13,0,0,3,5,27,74,No Junction,Medium
9,Thursday,2,1,0,Urban Road,Clear,7,29,40,Motorcycle,2,4,Under Construction,6,0,0,0,5,33,92,T-Junction,Medium
7,Monday,4,1,0,Urban Road,Clear,7,49,40,Car,1,0,Under Construction,14,0,0,0,7,29,73,Intersection,Medium
17,Friday,7,1,0,Residential,Clear,9,10,40,Car,4,7,Wet,4,0,0,0,7,25,100,T-Junction,Medium
5,Saturday,3,0,1,Highway,Rainy,5,65,80,Car,2,8,Good,8,0,0,0,5,18,32,T-Junction,Medium
18,Saturday,1,1,1,Highway,Rainy,6,10,80,Motorcycle,4,8,Dry,7,0,1,0,5,24,79,No Junction,High
10,Sunday,8,1,1,Urban Road,Rainy,10,10,40,Car,4,6,Dry,6,0,0,0,5,25,70,No Junction,High
0,Sunday,8,0,1,Urban Road,Rainy,2,63,40,Car,2,3,Dry,10,0,1,1,6,30,43,T-Junction,High
14,Saturday,6,0,1,Residential,Foggy,5,10,40,Car,2,10,Dry,7,0,0,0,3,33,91,No Junction,Low
4,Tuesday,7,0,0,Residential,Cloudy,3,58,40,Truck,2,0,Wet,3,0,0,0,8,27,43,No Junction,Medium
9,Monday,10,1,0,State Highway,Rainy,4,35,60,Truck,3,0,Good,3,0,0,0,7,28,79,T-Junction,Medium
18,Saturday,11,1,1,Urban Road,Foggy,4,49,40,Car,4,6,Slippery,4,0,0,0,1,20,57,T-Junction,High
5,Wednesday,2,0,0,Urban Road,Rainy,6,10,40,Car,1,7,Slippery,9,0,0,0,8,22,100,No Junction,Low
19,Friday,5,1,0,Urban Road,Foggy,5,38,40,Motorcycle,3,0,Dry,7,1,0,1,1,17,77,Intersection,High
0,Thursday,12,0,0,Highway,Cloudy,5,29,80,Motorcycle,1,0,Wet,11,0,0,1,8,24,78,T-Junction,Medium
8,Sunday,7,1,1,Residential,Rainy,4,49,40,Car,1,5,Dry,7,0,0,1,7,29,98,No Junction,Medium
18,Wednesday,9,1,0,State Highway,Clear,6,10,60,Motorcycle,1,6,Wet,8,0,1,1,5,31,65,Roundabout,Medium
10,Friday,1,1,0,Highway,Foggy,9,10,80,Car,2,10,Slippery,12,1,0,0,3,23,75,T-Junction,High
6,Sunday,3,0,1,Highway,Rainy,3,61,80,Car,1,0,Wet,7,0,0,0,9,34,39,No Junction,Medium
11,Tuesday,6,0,0,Residential,Cloudy,7,34,40,Car,2,2,Wet,13,0,0,2,6,36,66,Y-Junction,Medium
9,Sunday,7,1,1,Residential,Clear,3,44,40,Car,2,0,Under Construction,10,0,0,0,7,33,66,Roundabout,Medium
20,Monday,6,1,0,Urban Road,Heavy Rain,1,45,40,Car,3,0,Dry,5,0,0,3,4,35,27,T-Junction,High
10,Monday,1,1,0,Residential,Rainy,4,51,40,Bus,2,3,Wet,4,0,0,3,9,22,74,Intersection,High
19,Friday,4,1,0,National Highway,Heavy Rain,7,10,80,Bus,2,7,Good,3,0,0,0,3,19,92,Y-Junction,High
21,Wednesday,6,0,0,Urban Road,Foggy,4,20,40,Auto,2,3,Good,8,0,0,0,2,33,82,No Junction,Medium
12,Thursday,8,0,0,Urban Road,Cloudy,3,24,40,Truck,1,6,Dry,3,0,0,2,6,36,90,Intersection,Low
21,Tuesday,10,0,0,Highway,Clear,1,10,80,Motorcycle,4,5,Wet,13,0,0,2,8,37,79,Intersection,Medium
11,Friday,4,0,0,Residential,Clear,2,46,40,Car,2,1,Dry,14,0,0,2,6,17,66,No Junction,Medium
22,Tuesday,7,0,0,Urban Road,Rainy,3,33,40,Car,3,2,Dry,3,0,1,2,6,28,28,Intersection,Medium
6,Monday,11,0,0,National Highway,Clear,5,31,80,Motorcycle,2,9,Wet,8,0,0,1,5,21,47,No Junction,Medium
17,Saturday,3,1,1,Residential,Heavy Rain,7,10,40,Car,2,8,Wet,3,0,0,0,4,26,67,Roundabout,High
14,Saturday,8,0,1,Urban Road,Rainy,2,47,40,Car,2,8,Slippery,10,0,1,1,9,33,54,Intersection,Medium
11,Thursday,1,0,0,Highway,Clear,3,34,80,Auto,4,4,Dry,10,0,0,0,8,30,46,T-Junction,Medium
17,Tuesday,4,1,0,Residential,Rainy,5,42,40,Motorcycle,3,2,Good,7,1,0,1,5,19,100,Intersection,High
18,Friday,8,1,0,Urban Road,Rainy,9,15,40,Car,2,7,Wet,8,1,0,0,8,26,93,Intersection,High
0,Thursday,10,0,0,National Highway,Clear,4,32,80,Car,2,4,Slippery,6,0,1,0,7,24,100,Y-Junction,Medium
7,Sunday,4,1,1,Urban Road,Clear,6,33,40,Car,2,3,Wet,8,0,1,0,5,33,54,T-Junction,High
18,Sunday,2,1,1,Urban Road,Clear,5,18,40,Motorcycle,1,6,Good,10,0,0,0,9,23,63,No Junction,Low
17,Wednesday,2,1,0,Residential,Rainy,3,42,40,Truck,2,1,Good,7,0,1,0,8,28,57,Intersection,Medium
22,Saturday,4,0,1,Highway,Clear,3,54,80,Motorcycle,2,10,Wet,11,0,0,2,5,26,26,No Junction,High
18,Friday,4,1,0,Residential,Clear,8,10,40,Motorcycle,4,7,Slippery,5,0,0,0,5,38,73,T-Junction,High
22,Tuesday,2,0,0,Highway,Cloudy,4,32,80,Auto,3,9,Wet,7,0,1,0,6,32,55,Intersection,High
18,Thursday,7,1,0,Residential,Clear,6,50,40,Car,1,4,Dry,3,1,0,0,5,27,54,No Junction,High
9,Friday,6,1,0,Urban Road,Rainy,3,29,40,Car,1,4,Dry,14,0,1,0,5,25,49,T-Junction,Medium
6,Thursday,11,0,0,Urban Road,Rainy,8,10,40,Car,1,4,Wet,3,0,0,0,9,27,63,T-Junction,Low
19,Thursday,3,1,0,Residential,Foggy,6,28,40,Car,2,2,Slippery,11,0,1,3,3,41,80,No Junction,High
17,Thursday,8,1,0,Highway,Clear,9,35,80,Auto,1,2,Dry,9,0,0,0,8,31,46,T-Junction,Medium
4,Tuesday,8,0,0,Urban Road,Cloudy,4,35,40,Car,4,3,Wet,7,1,0,0,7,29,58,No Junction,Medium
11,Friday,1,0,0,Urban Road,Clear,6,20,40,Car,2,10,Wet,5,0,1,0,5,32,59,No Junction,Medium
22,Monday,3,0,0,Urban Road,Clear,5,48,40,Auto,4,6,Wet,6,0,1,0,9,31,62,Intersection,High
14,Monday,5,0,0,National Highway,Rainy,6,39,80,Motorcycle,2,1,Under Construction,6,0,0,0,9,31,48,T-Junction,Medium
12,Tuesday,2,0,0,Highway,Cloudy,9,16,80,Motorcycle,3,6,Dry,6,1,1,0,9,32,75,Roundabout,High
13,Sunday,12,0,1,Residential,Clear,4,46,40,Motorcycle,2,5,Slippery,3,0,0,0,9,22,65,No Junction,Medium
8,Tuesday,12,1,0,Urban Road,Rainy,6,17,40,Bus,1,5,Slippery,9,0,1,0,6,20,59,Roundabout,Medium
11,Saturday,5,0,1,Urban Road,Clear,5,80,40,Truck,1,0,Dry,9,1,0,2,5,32,73,Y-Junction,High
11,Thursday,11,0,0,State Highway,Clear,3,49,60,Motorcycle,2,5,Slippery,6,0,0,0,6,30,62,Roundabout,Low
5,Friday,10,0,0,Highway,Foggy,3,64,80,Bus,1,9,Wet,7,0,0,1,1,24,48,Roundabout,High
18,Friday,3,1,0,State Highway,Cloudy,6,18,60,Truck,2,7,Wet,9,0,0,0,5,23,70,No Junction,Medium
12,Wednesday,9,0,0,Highway,Clear,5,60,80,Auto,2,3,Wet,3,0,0,0,9,31,67,T-Junction,Medium
19,Wednesday,11,1,0,Urban Road,Clear,10,10,40,Car,1,12,Good,3,0,0,0,8,31,26,Intersection,Medium
20,Monday,1,1,0,Residential,Rainy,4,40,40,Car,1,4,Good,8,0,1,1,9,19,84,Intersection,Medium
8,Wednesday,4,1,0,Highway,Cloudy,7,36,80,Car,4,7,Good,7,1,0,3,9,28,40,T-Junction,High
17,Wednesday,10,1,0,State Highway,Rainy,7,24,60,Motorcycle,2,4,Under Construction,6,0,0,0,6,27,65,Y-Junction,Medium
13,Monday,6,0,0,Highway,Clear,2,34,80,Car,3,0,Dry,9,1,1,0,7,26,57,No Junction,High
20,Saturday,9,1,1,State Highway,Rainy,7,10,60,Car,1,8,Wet,6,1,1,0,9,21,68,Intersection,High
8,Sunday,3,1,1,Urban Road,Clear,7,10,40,Bus,2,10,Under Construction,9,0,0,2,5,23,54,No Junction,Medium
17,Monday,3,1,0,Residential,Clear,7,10,40,Auto,2,5,Slippery,13,1,1,1,5,26,70,Roundabout,High
16,Sunday,12,0,1,National Highway,Cloudy,5,53,80,Motorcycle,2,1,Wet,14,1,0,0,5,16,91,No Junction,High
9,Wednesday,5,1,0,Urban Road,Foggy,3,25,40,Car,2,6,Slippery,10,0,0,0,1,34,55,Y-Junction,High
7,Friday,7,1,0,Urban Road,Cloudy,8,33,40,Car,3,3,Dry,3,0,0,0,8,27,57,Intersection,Medium
17,Wednesday,5,1,0,State Highway,Rainy,5,10,60,Truck,3,7,Wet,9,0,0,0,8,24,50,No Junction,Medium
18,Thursday,11,1,0,Highway,Clear,3,31,80,Truck,4,2,Wet,12,0,0,2,8,21,71,Roundabout,High
10,Sunday,8,1,1,Residential,Rainy,6,22,40,Truck,1,4,Wet,8,0,0,1,9,29,59,Intersection,Medium
17,Sunday,5,1,1,National Highway,Clear,1,28,80,Auto,2,10,Slippery,6,1,1,0,9,17,67,No Junction,High
12,Thursday,7,0,0,Residential,Clear,5,55,40,Auto,1,4,Good,6,0,0,0,7,32,41,No Junction,Medium
18,Thursday,6,1,0,Highway,Clear,8,34,80,Bicycle,1,6,Dry,11,0,1,1,7,32,66,T-Junction,High
8,Saturday,10,1,1,Highway,Rainy,3,26,80,Motorcycle,1,6,Slippery,6,0,0,1,7,24,29,No Junction,Medium
21,Tuesday,2,0,0,Urban Road,Rainy,3,61,40,Auto,3,14,Wet,5,0,0,0,6,14,75,Roundabout,Medium
9,Thursday,3,1,0,Urban Road,Clear,7,39,40,Motorcycle,2,8,Slippery,6,0,0,0,8,24,51,T-Junction,Medium
11,Sunday,11,0,1,Highway,Cloudy,2,66,80,Car,2,4,Wet,8,0,1,0,9,26,56,T-Junction,Medium
5,Friday,11,0,0,State Highway,Rainy,2,72,60,Motorcycle,2,6,Good,7,0,0,2,7,27,67,T-Junction,Medium
7,Sunday,4,1,1,Urban Road,Clear,5,41,40,Motorcycle,1,3,Wet,3,0,0,2,6,38,43,Y-Junction,High
14,Sunday,5,0,1,National Highway,Clear,6,52,80,Car,3,15,Dry,6,0,1,0,7,30,44,Intersection,High
9,Saturday,9,1,1,State Highway,Clear,8,13,60,Car,3,1,Slippery,13,0,1,2,9,38,100,Roundabout,High
19,Tuesday,6,1,0,National Highway,Heavy Rain,4,23,80,Truck,3,4,Dry,8,0,0,1,5,32,64,T-Junction,High
1,Tuesday,1,0,0,Urban Road,Clear,6,33,40,Car,5,6,Dry,9,0,1,0,6,30,83,No Junction,High
11,Thursday,3,0,0,Residential,Clear,7,26,40,Motorcycle,3,1,Dry,3,0,0,1,6,28,51,No Junction,Medium
10,Wednesday,7,1,0,Urban Road,Clear,10,18,40,Auto,1,8,Wet,9,0,0,0,7,16,61,Intersection,Medium
1,Sunday,8,0,1,Urban Road,Clear,3,42,40,Motorcycle,1,3,Dry,12,0,0,3,9,15,50,T-Junction,Medium
7,Monday,7,1,0,Residential,Rainy,8,15,40,Bicycle,2,3,Dry,8,1,0,1,6,32,92,T-Junction,High
12,Wednesday,5,0,0,State Highway,Clear,5,71,60,Car,3,9,Slippery,4,0,1,0,8,27,70,Intersection,High
14,Wednesday,10,0,0,Highway,Clear,3,69,80,Auto,1,3,Wet,9,0,0,0,6,34,57,T-Junction,High
12,Tuesday,8,0,0,Urban Road,Heavy Rain,5,63,40,Bicycle,3,6,Wet,10,0,0,0,2,18,75,Intersection,High
15,Tuesday,9,0,0,Urban Road,Rainy,1,30,40,Motorcycle,4,6,Under Construction,5,0,1,2,7,29,51,Intersection,Medium
16,Saturday,7,0,1,State Highway,Clear,6,35,60,Motorcycle,1,9,Wet,11,0,0,1,8,30,38,No Junction,Medium
0,Saturday,11,0,1,National Highway,Rainy,7,38,80,Motorcycle,2,8,Slippery,9,0,0,0,9,24,87,Y-Junction,Medium
13,Tuesday,9,0,0,Highway,Clear,6,38,80,Motorcycle,1,0,Dry,3,0,0,0,8,21,60,No Junction,Low
22,Friday,1,0,0,Urban Road,Heavy Rain,4,10,40,Truck,5,3,Wet,6,1,1,0,5,21,72,Y-Junction,High
14,Friday,9,0,0,National Highway,Clear,4,43,80,Motorcycle,4,5,Slippery,6,0,0,0,6,23,59,T-Junction,High
17,Monday,3,1,0,Urban Road,Clear,9,10,40,Bus,2,10,Dry,7,0,0,0,5,25,73,Intersection,Medium
10,Tuesday,6,1,0,Residential,Rainy,4,40,40,Truck,1,2,Slippery,7,1,0,0,8,24,26,Intersection,High
19,Thursday,8,1,0,Highway,Clear,9,10,80,Car,1,4,Wet,10,0,0,2,6,29,49,T-Junction,High
19,Saturday,3,1,1,Urban Road,Rainy,9,10,40,Bus,2,6,Wet,10,0,0,1,9,27,28,Roundabout,Medium
15,Tuesday,4,0,0,Urban Road,Cloudy,5,44,40,Bus,5,4,Slippery,12,0,1,0,9,20,98,Y-Junction,High
23,Friday,7,0,0,State Highway,Clear,6,14,60,Motorcycle,3,8,Dry,9,0,0,1,8,31,67,Y-Junction,Low
7,Tuesday,12,1,0,Urban Road,Rainy,1,65,40,Car,2,4,Slippery,12,0,0,3,8,20,58,Intersection,High
1,Friday,7,0,0,Urban Road,Clear,6,16,40,Motorcycle,1,2,Wet,10,1,0,1,5,25,48,Intersection,High
19,Tuesday,4,1,0,Urban Road,Rainy,7,10,40,Motorcycle,1,5,Dry,11,0,1,0,8,21,87,No Junction,Medium
19,Sunday,9,1,1,Residential,Clear,6,21,40,Car,2,12,Slippery,12,0,0,2,9,23,100,Intersection,Medium
7,Thursday,3,1,0,State Highway,Clear,6,34,60,Bicycle,3,6,Under Construction,6,0,1,2,8,24,71,Roundabout,High
9,Monday,12,1,0,State Highway,Cloudy,9,10,60,Truck,2,12,Dry,7,0,0,0,6,25,69,Intersection,Medium
1,Sunday,8,0,1,Highway,Clear,6,54,80,Motorcycle,2,7,Under Construction,3,0,1,0,6,26,70,Intersection,High
9,Thursday,8,1,0,State Highway,Cloudy,7,10,60,Motorcycle,2,5,Dry,11,0,0,2,8,27,54,No Junction,Medium
19,Friday,4,1,0,Highway,Rainy,4,57,80,Auto,1,10,Under Construction,11,1,0,1,7,34,61,No Junction,High
14,Saturday,7,0,1,Urban Road,Clear,4,14,40,Car,3,9,Dry,8,0,0,1,8,21,28,No Junction,Low
10,Saturday,4,1,1,State Highway,Clear,5,10,60,Car,3,7,Dry,10,0,1,0,5,10,44,Roundabout,Medium
11,Wednesday,12,0,0,Highway,Rainy,7,20,80,Auto,1,7,Dry,11,0,0,0,9,21,72,No Junction,Low
0,Thursday,1,0,0,Highway,Foggy,5,69,80,Car,1,8,Under Construction,8,1,1,1,2,34,60,Roundabout,High
9,Tuesday,1,1,0,Urban Road,Rainy,7,60,40,Motorcycle,3,6,Wet,9,0,0,0,8,31,88,No Junction,High
17,Monday,1,1,0,Residential,Foggy,4,12,40,Motorcycle,5,9,Wet,7,0,0,0,1,23,41,T-Junction,High
23,Tuesday,2,0,0,Urban Road,Clear,3,14,40,Bicycle,1,3,Under Construction,7,0,0,0,9,25,86,No Junction,Low
20,Tuesday,6,1,0,Urban Road,Clear,4,64,40,Motorcycle,1,4,Dry,5,0,1,2,7,15,53,T-Junction,High
2,Thursday,12,0,0,State Highway,Rainy,3,10,60,Bicycle,2,2,Dry,3,0,0,0,9,22,52,No Junction,Low
21,Monday,10,0,0,State Highway,Rainy,5,17,60,Car,2,13,Wet,4,0,0,0,6,23,52,Intersection,Low
19,Wednesday,11,1,0,State Highway,Rainy,8,22,60,Car,1,0,Wet,7,0,0,1,5,32,50,No Junction,Medium
19,Sunday,5,1,1,Urban Road,Clear,4,20,40,Car,2,5,Dry,4,0,1,1,9,26,77,No Junction,Medium
13,Tuesday,11,0,0,Highway,Clear,6,12,80,Car,1,3,Slippery,5,0,0,1,8,21,53,Y-Junction,Medium
12,Monday,2,0,0,Highway,Cloudy,4,10,80,Bicycle,2,4,Dry,5,1,1,1,6,19,27,No Junction,High
9,Wednesday,8,1,0,Residential,Cloudy,5,10,40,Bicycle,1,0,Dry,7,0,0,1,7,32,71,Intersection,Medium
5,Sunday,9,0,1,State Highway,Heavy Rain,5,41,60,Car,2,3,Dry,11,1,0,0,5,27,71,Y-Junction,High
8,Tuesday,7,1,0,National Highway,Clear,5,27,80,Motorcycle,5,7,Dry,3,0,0,0,7,22,62,T-Junction,High
8,Monday,12,1,0,Highway,Clear,8,10,80,Car,2,1,Wet,8,0,0,0,7,33,65,T-Junction,Medium
14,Sunday,12,0,1,Highway,Rainy,2,51,80,Car,2,11,Dry,5,0,0,1,9,32,64,T-Junction,Medium
18,Thursday,9,1,0,Highway,Rainy,10,20,80,Truck,2,2,Dry,7,0,0,1,6,24,78,T-Junction,High
13,Saturday,4,0,1,Highway,Clear,7,10,80,Auto,2,0,Slippery,6,1,0,1,5,20,93,T-Junction,High
5,Saturday,7,0,1,Urban Road,Rainy,1,39,40,Motorcycle,1,12,Under Construction,7,0,0,0,6,36,41,No Junction,Low
22,Tuesday,5,0,0,National Highway,Clear,4,10,80,Car,3,8,Slippery,3,0,0,0,6,31,100,T-Junction,Medium
22,Tuesday,5,0,0,Residential,Clear,3,74,40,Bus,1,8,Slippery,9,0,1,0,9,27,92,Intersection,Medium
19,Sunday,3,1,1,Urban Road,Rainy,4,40,40,Auto,3,14,Wet,8,0,0,0,7,20,59,No Junction,Medium
23,Monday,9,0,0,Residential,Clear,6,28,40,Motorcycle,1,0,Wet,8,0,0,3,6,30,70,Intersection,Medium
15,Saturday,10,0,1,Highway,Rainy,4,10,80,Motorcycle,2,11,Good,10,1,1,1,7,21,91,Intersection,High
22,Tuesday,5,0,0,State Highway,Clear,3,24,60,Motorcycle,5,0,Under Construction,3,1,0,1,6,31,78,No Junction,High
6,Wednesday,6,0,0,Residential,Clear,3,37,40,Truck,1,0,Wet,4,0,0,2,5,30,76,No Junction,Medium
11,Tuesday,3,0,0,Highway,Cloudy,6,59,80,Auto,2,9,Wet,12,0,0,0,8,23,87,T-Junction,Medium
8,Saturday,10,1,1,Residential,Rainy,3,40,40,Auto,2,6,Slippery,9,1,0,0,8,30,34,Intersection,Medium
8,Friday,7,1,0,Residential,Cloudy,7,24,40,Bus,2,0,Dry,3,0,0,1,8,25,47,T-Junction,Medium
7,Saturday,9,1,1,Highway,Foggy,4,28,80,Motorcycle,1,3,Good,7,0,0,0,2,33,62,Intersection,High
17,Wednesday,9,1,0,Urban Road,Foggy,8,26,40,Motorcycle,3,1,Wet,11,0,1,1,2,24,85,Intersection,High
19,Monday,10,1,0,Urban Road,Cloudy,6,51,40,Truck,2,8,Wet,14,0,0,1,7,32,100,Intersection,High
16,Wednesday,10,0,0,Urban Road,Clear,5,10,40,Truck,4,7,Dry,12,1,0,1,9,43,78,No Junction,Medium
7,Friday,5,1,0,Urban Road,Clear,6,30,40,Auto,3,7,Dry,6,0,1,3,8,23,54,Roundabout,Medium
19,Friday,7,1,0,Residential,Heavy Rain,9,16,40,Bus,1,1,Dry,7,1,0,0,5,19,63,No Junction,High
17,Tuesday,12,1,0,Urban Road,Clear,8,20,40,Bicycle,4,3,Dry,3,0,0,3,8,28,50,No Junction,Medium
11,Tuesday,12,0,0,Residential,Rainy,5,48,40,Car,2,7,Wet,8,0,0,2,6,30,53,T-Junction,High
17,Saturday,3,1,1,National Highway,Foggy,7,33,80,Auto,2,6,Dry,8,0,1,2,3,22,50,Intersection,High
8,Thursday,6,1,0,Residential,Cloudy,7,24,40,Bicycle,1,9,Good,10,0,0,2,8,27,76,Y-Junction,Medium
10,Wednesday,12,1,0,Residential,Cloudy,5,20,40,Auto,1,1,Wet,3,0,1,3,5,23,73,T-Junction,High
21,Saturday,8,0,1,State Highway,Rainy,2,51,60,Car,1,0,Dry,5,0,0,1,5,18,86,T-Junction,Medium
9,Thursday,8,1,0,Residential,Foggy,7,12,40,Auto,3,6,Wet,7,1,0,0,3,29,69,No Junction,High
13,Saturday,2,0,1,Highway,Clear,4,44,80,Bus,2,11,Dry,10,0,0,0,5,27,57,Intersection,Medium
21,Friday,6,0,0,Urban Road,Clear,4,49,40,Motorcycle,2,0,Under Construction,6,0,0,0,8,21,74,T-Junction,Medium
18,Tuesday,7,1,0,Residential,Heavy Rain,4,10,40,Motorcycle,4,1,Wet,15,0,0,0,2,22,89,T-Junction,High
5,Tuesday,12,0,0,Residential,Heavy Rain,5,52,40,Car,1,3,Dry,4,0,0,1,4,25,77,Roundabout,High
7,Saturday,7,1,1,National Highway,Clear,6,35,80,Motorcycle,2,5,Dry,6,0,0,0,9,27,91,Intersection,Medium
0,Tuesday,3,0,0,Residential,Clear,7,10,40,Car,1,9,Dry,4,0,0,2,9,19,70,No Junction,Medium
17,Monday,9,1,0,State Highway,Rainy,6,10,60,Truck,1,1,Wet,7,0,0,0,9,23,36,Roundabout,Low
13,Saturday,2,0,1,Highway,Rainy,1,63,80,Motorcycle,4,4,Wet,9,1,1,0,8,34,82,T-Junction,High
7,Friday,11,1,0,Residential,Cloudy,7,10,40,Auto,2,2,Wet,8,0,1,1,6,31,81,No Junction,High
22,Sunday,3,0,1,National Highway,Clear,4,24,80,Motorcycle,1,8,Slippery,5,0,0,3,6,25,99,No Junction,Medium
15,Saturday,11,0,1,Urban Road,Cloudy,2,32,40,Bus,1,7,Slippery,11,0,0,0,5,34,49,Intersection,Medium
8,Saturday,2,1,1,Highway,Rainy,4,27,80,Bus,4,9,Wet,12,0,1,0,9,26,69,Intersection,High
14,Tuesday,11,0,0,Urban Road,Heavy Rain,6,45,40,Car,1,8,Slippery,5,1,0,0,2,25,68,No Junction,High
17,Friday,9,1,0,State Highway,Rainy,6,44,60,Bus,4,10,Dry,17,1,0,1,8,29,60,Intersection,High
6,Saturday,4,0,1,Highway,Clear,3,31,80,Car,1,4,Wet,4,0,0,2,9,29,36,Roundabout,Medium
9,Tuesday,2,1,0,Residential,Cloudy,4,44,40,Car,5,11,Dry,8,0,0,0,5,36,58,Y-Junction,High
19,Wednesday,3,1,0,Highway,Clear,7,30,80,Motorcycle,2,0,Dry,8,0,0,0,7,21,60,Y-Junction,Medium
13,Friday,4,0,0,Urban Road,Heavy Rain,3,42,40,Motorcycle,5,11,Wet,4,0,0,0,2,32,56,Roundabout,High
15,Thursday,10,0,0,National Highway,Clear,3,48,80,Bicycle,2,2,Slippery,8,0,0,1,8,26,73,No Junction,Medium
12,Monday,6,0,0,Highway,Rainy,2,39,80,Motorcycle,3,10,Dry,7,1,1,0,8,20,96,T-Junction,High
4,Thursday,5,0,0,Highway,Clear,5,32,80,Motorcycle,1,9,Dry,9,0,0,3,7,29,79,Intersection,Medium
7,Sunday,3,1,1,Urban Road,Clear,4,38,40,Bus,1,3,Good,7,0,1,0,6,25,48,Y-Junction,Medium
13,Friday,10,0,0,Residential,Rainy,3,16,40,Car,1,4,Dry,10,0,0,1,6,35,85,T-Junction,Low
8,Saturday,8,1,1,Urban Road,Clear,5,10,40,Bus,2,1,Dry,9,0,0,1,7,22,87,Intersection,Medium
4,Tuesday,8,0,0,Urban Road,Heavy Rain,6,41,40,Car,2,1,Dry,5,1,1,0,4,24,76,Intersection,High
20,Sunday,7,1,1,National Highway,Foggy,6,39,80,Motorcycle,2,6,Slippery,7,0,0,0,2,28,97,No Junction,High
23,Friday,3,0,0,Urban Road,Cloudy,5,44,40,Auto,5,0,Wet,5,0,0,0,5,17,61,Roundabout,High
19,Monday,1,1,0,Urban Road,Heavy Rain,8,10,40,Motorcycle,1,11,Dry,13,1,1,1,2,33,100,No Junction,High
20,Friday,5,1,0,Urban Road,Rainy,8,15,40,Auto,1,7,Wet,10,0,1,0,6,34,70,Intersection,Medium
8,Sunday,1,1,1,Urban Road,Clear,6,10,40,Motorcycle,1,6,Wet,8,1,0,0,7,31,20,Roundabout,Medium
22,Tuesday,6,0,0,Highway,Foggy,5,41,80,Car,3,3,Wet,9,0,0,0,3,28,100,Y-Junction,High
8,Thursday,11,1,0,Residential,Rainy,8,10,40,Bus,2,11,Good,7,0,0,1,9,31,41,Y-Junction,Medium
22,Wednesday,7,0,0,National Highway,Clear,6,10,80,Car,1,8,Dry,8,0,1,0,7,29,63,No Junction,Low
23,Thursday,12,0,0,Urban Road,Clear,6,60,40,Truck,1,3,Good,5,0,0,1,6,33,56,No Junction,Low
18,Tuesday,5,1,0,Residential,Rainy,5,27,40,Motorcycle,1,4,Under Construction,6,0,0,0,8,38,59,Intersection,Medium
23,Sunday,4,0,1,Highway,Clear,3,22,80,Bicycle,1,9,Wet,9,1,0,1,5,27,64,Intersection,High
16,Tuesday,2,0,0,Residential,Clear,6,16,40,Motorcycle,3,6,Under Construction,4,0,0,0,7,26,84,Intersection,Medium
8,Monday,5,1,0,Urban Road,Clear,7,21,40,Auto,4,3,Wet,5,0,1,2,6,26,74,No Junction,High
12,Friday,9,0,0,Urban Road,Clear,7,10,40,Truck,4,8,Under Construction,7,1,0,0,6,20,64,Intersection,High
16,Friday,4,0,0,Urban Road,Cloudy,8,51,40,Car,2,8,Wet,3,0,1,1,9,28,55,T-Junction,High
6,Thursday,2,0,0,Highway,Rainy,6,10,80,Truck,3,6,Dry,11,0,0,1,6,18,61,No Junction,Medium
17,Sunday,6,1,1,State Highway,Clear,1,31,60,Motorcycle,3,0,Wet,9,0,0,2,8,35,87,No Junction,Medium
23,Wednesday,8,0,0,Residential,Cloudy,6,31,40,Bicycle,1,1,Dry,9,0,0,2,6,35,70,Intersection,Medium
8,Wednesday,2,1,0,Urban Road,Clear,6,15,40,Motorcycle,4,6,Dry,6,0,0,2,8,22,50,T-Junction,High
19,Monday,9,1,0,National Highway,Rainy,5,40,80,Motorcycle,2,0,Slippery,11,0,0,1,5,21,76,Y-Junction,High
21,Tuesday,7,0,0,Highway,Rainy,3,47,80,Truck,2,3,Good,9,0,0,0,7,33,99,Intersection,Medium
22,Monday,2,0,0,Residential,Clear,2,36,40,Motorcycle,2,5,Wet,10,0,1,0,5,18,48,No Junction,Medium
22,Friday,11,0,0,Urban Road,Clear,6,17,40,Motorcycle,1,6,Slippery,11,0,0,0,7,22,28,Roundabout,Medium
15,Saturday,5,0,1,Urban Road,Clear,5,22,40,Motorcycle,1,3,Dry,6,0,0,0,5,21,65,No Junction,Medium
23,Saturday,5,0,1,Urban Road,Clear,1,57,40,Bus,2,4,Slippery,5,0,1,0,8,30,77,Roundabout,Medium
18,Saturday,7,1,1,Urban Road,Foggy,6,10,40,Car,2,0,Slippery,4,0,0,3,4,30,96,T-Junction,High
7,Tuesday,5,1,0,Highway,Clear,4,76,80,Car,1,5,Dry,8,0,0,0,7,29,49,Roundabout,High
13,Monday,11,0,0,Residential,Clear,6,40,40,Auto,1,7,Dry,3,1,1,0,5,26,60,T-Junction,Medium
18,Sunday,6,1,1,Residential,Foggy,3,32,40,Auto,4,3,Slippery,4,0,0,0,2,31,56,No Junction,High
8,Thursday,9,1,0,Residential,Cloudy,2,31,40,Truck,2,4,Wet,5,1,0,0,9,27,79,No Junction,High
17,Friday,3,1,0,State Highway,Rainy,7,10,60,Car,1,7,Wet,6,0,0,3,5,36,43,T-Junction,High
17,Saturday,3,1,1,National Highway,Cloudy,7,34,80,Motorcycle,1,7,Good,9,0,0,0,6,33,93,Y-Junction,Medium
7,Sunday,8,1,1,Residential,Cloudy,7,10,40,Car,2,2,Good,3,0,0,0,5,22,76,T-Junction,Medium
16,Wednesday,10,0,0,Residential,Rainy,4,71,40,Motorcycle,3,8,Slippery,3,0,1,1,8,25,40,Intersection,High
19,Monday,12,1,0,Highway,Foggy,6,41,80,Car,2,5,Slippery,3,0,0,3,1,26,59,No Junction,High
14,Friday,6,0,0,State Highway,Clear,6,45,60,Car,3,7,Dry,9,0,0,0,6,21,68,T-Junction,Medium
1,Friday,12,0,0,State Highway,Rainy,7,44,60,Car,1,0,Dry,6,0,0,1,9,34,50,Roundabout,Medium
0,Wednesday,10,0,0,Highway,Heavy Rain,4,44,80,Auto,2,8,Good,6,0,0,0,2,32,50,Intersection,High
11,Wednesday,3,0,0,Urban Road,Foggy,4,40,40,Car,1,7,Slippery,13,0,0,1,2,25,51,T-Junction,High
21,Wednesday,2,0,0,National Highway,Clear,1,40,80,Car,3,6,Slippery,9,0,0,0,7,30,51,T-Junction,Medium
8,Saturday,2,1,1,Highway,Cloudy,6,17,80,Car,3,4,Dry,5,0,1,3,7,24,22,Intersection,High
17,Saturday,2,1,1,Urban Road,Cloudy,8,10,40,Motorcycle,2,8,Under Construction,3,0,0,1,6,33,83,T-Junction,Medium
8,Monday,5,1,0,Urban Road,Clear,8,19,40,Car,3,7,Dry,13,0,0,0,8,26,90,No Junction,Medium
10,Wednesday,12,1,0,Urban Road,Foggy,9,49,40,Motorcycle,2,4,Dry,8,1,1,2,1,15,30,T-Junction,High
20,Thursday,5,1,0,Highway,Heavy Rain,7,28,80,Truck,2,7,Dry,6,0,0,1,3,19,67,No Junction,High
18,Friday,1,1,0,Urban Road,Clear,7,10,40,Motorcycle,4,3,Slippery,8,0,0,0,6,35,58,Y-Junction,Medium
6,Wednesday,2,0,0,Urban Road,Clear,3,66,40,Bus,1,0,Slippery,6,0,0,0,5,26,57,Roundabout,Medium
12,Friday,2,0,0,State Highway,Rainy,3,17,60,Motorcycle,2,3,Wet,9,0,0,1,5,29,47,T-Junction,Medium
2,Tuesday,4,0,0,Urban Road,Clear,2,68,40,Car,1,7,Dry,3,0,0,1,6,26,57,Y-Junction,Medium
14,Sunday,7,0,1,Urban Road,Rainy,5,41,40,Truck,2,5,Under Construction,6,0,0,0,6,18,100,Y-Junction,Medium
17,Tuesday,3,1,0,Urban Road,Clear,9,17,40,Car,2,6,Good,4,0,0,1,8,21,80,T-Junction,Medium
7,Wednesday,5,1,0,Highway,Rainy,9,35,80,Motorcycle,3,0,Dry,7,0,1,0,9,34,63,Intersection,High
9,Friday,11,1,0,National Highway,Cloudy,4,57,80,Bicycle,2,5,Under Construction,5,0,1,3,8,33,36,No Junction,High
12,Sunday,9,0,1,State Highway,Foggy,3,35,60,Car,3,6,Good,6,0,1,0,3,19,55,Intersection,High
21,Tuesday,5,0,0,Urban Road,Clear,1,10,40,Bus,1,8,Dry,6,0,0,0,8,34,64,T-Junction,Low
23,Wednesday,9,0,0,Urban Road,Foggy,2,59,40,Motorcycle,1,10,Dry,8,0,0,2,4,24,47,Roundabout,High
4,Friday,1,0,0,Residential,Clear,2,24,40,Auto,2,6,Good,6,0,0,0,9,28,69,No Junction,Low
18,Wednesday,9,1,0,Urban Road,Heavy Rain,9,10,40,Auto,1,8,Dry,4,0,0,1,3,27,62,Y-Junction,Medium
11,Saturday,5,0,1,Highway,Clear,3,47,80,Truck,2,0,Dry,9,0,0,1,9,31,81,No Junction,Medium
12,Friday,8,0,0,Urban Road,Rainy,2,35,40,Car,3,7,Slippery,14,0,0,0,8,32,49,T-Junction,Medium
18,Tuesday,5,1,0,National Highway,Clear,5,11,80,Bicycle,3,6,Wet,6,0,0,0,7,25,74,Roundabout,Medium
21,Wednesday,12,0,0,Highway,Rainy,7,21,80,Bus,3,8,Slippery,11,0,1,2,5,34,76,Roundabout,High
22,Tuesday,6,0,0,Urban Road,Clear,5,58,40,Bicycle,4,3,Slippery,3,0,0,0,9,36,70,Intersection,High
16,Wednesday,8,0,0,Highway,Cloudy,2,34,80,Bicycle,2,6,Slippery,5,1,0,0,6,30,60,Intersection,High
11,Monday,2,0,0,Highway,Rainy,7,29,80,Motorcycle,3,0,Dry,11,0,0,0,5,21,78,Intersection,High
19,Tuesday,3,1,0,Residential,Cloudy,7,43,40,Car,3,3,Dry,8,0,0,2,7,30,53,No Junction,High
8,Tuesday,11,1,0,Urban Road,Rainy,5,20,40,Motorcycle,2,2,Wet,5,1,0,1,5,24,27,T-Junction,High
16,Thursday,9,0,0,National Highway,Clear,4,18,80,Car,4,0,Under Construction,10,0,0,2,6,25,57,T-Junction,High
11,Sunday,5,0,1,Urban Road,Clear,5,29,40,Motorcycle,2,7,Good,4,0,0,2,6,22,65,Y-Junction,Medium
17,Saturday,5,1,1,Urban Road,Clear,4,10,40,Motorcycle,1,4,Wet,8,0,0,0,9,36,48,T-Junction,Low
8,Tuesday,9,1,0,Urban Road,Heavy Rain,7,21,40,Motorcycle,1,7,Dry,10,0,0,0,3,27,63,No Junction,High
8,Friday,10,1,0,State Highway,Cloudy,7,11,60,Car,2,4,Good,9,0,0,2,8,36,28,Roundabout,Medium
21,Sunday,3,0,1,Highway,Cloudy,2,21,80,Auto,3,3,Dry,15,0,0,0,8,32,77,T-Junction,Low
6,Wednesday,4,0,0,Urban Road,Rainy,3,86,40,Motorcycle,2,3,Dry,6,0,0,0,5,23,76,No Junction,High
14,Monday,7,0,0,State Highway,Clear,1,26,60,Truck,4,8,Under Construction,10,1,0,0,6,23,64,Intersection,High
8,Friday,2,1,0,Highway,Clear,6,42,80,Car,4,9,Wet,10,0,0,3,5,26,90,No Junction,High
3,Sunday,8,0,1,National Highway,Cloudy,1,59,80,Truck,2,2,Dry,7,0,0,0,7,27,46,Roundabout,Medium
3,Friday,5,0,0,Urban Road,Clear,1,38,40,Motorcycle,2,6,Good,5,0,1,0,7,25,80,T-Junction,Low
7,Friday,1,1,0,Highway,Clear,2,44,80,Truck,5,11,Good,11,0,0,3,8,34,72,T-Junction,High
20,Friday,3,1,0,Residential,Foggy,6,14,40,Auto,2,6,Dry,6,0,0,0,4,28,56,Y-Junction,Medium
9,Sunday,9,1,1,Highway,Clear,7,10,80,Truck,5,5,Under Construction,9,0,0,1,7,29,61,T-Junction,High
22,Monday,5,0,0,Residential,Foggy,2,37,40,Motorcycle,1,8,Slippery,9,0,0,1,2,21,63,T-Junction,High
16,Thursday,8,0,0,Urban Road,Clear,7,44,40,Truck,4,6,Dry,8,0,1,0,5,17,70,Intersection,High
12,Saturday,1,0,1,Highway,Clear,6,37,80,Truck,1,4,Good,12,0,1,2,6,33,67,No Junction,Medium
16,Tuesday,7,0,0,National Highway,Clear,2,49,80,Motorcycle,2,4,Dry,9,1,0,0,7,21,37,No Junction,Medium
14,Sunday,7,0,1,Residential,Foggy,1,12,40,Bus,5,3,Dry,9,0,0,1,1,26,81,No Junction,High
18,Friday,8,1,0,Urban Road,Rainy,8,23,40,Motorcycle,2,3,Dry,9,0,0,0,6,27,83,Roundabout,Medium
9,Tuesday,3,1,0,Urban Road,Clear,9,10,40,Motorcycle,3,8,Slippery,8,0,0,0,8,28,67,T-Junction,Medium
11,Sunday,1,0,1,Highway,Clear,3,19,80,Motorcycle,1,10,Dry,6,0,0,0,7,25,84,Roundabout,Low
21,Tuesday,11,0,0,Residential,Heavy Rain,5,33,40,Bicycle,2,5,Under Construction,7,0,1,1,5,23,47,No Junction,High
22,Friday,9,0,0,State Highway,Foggy,5,68,60,Motorcycle,2,9,Slippery,9,0,1,0,4,24,97,No Junction,High
21,Thursday,1,0,0,Highway,Rainy,5,44,80,Car,2,7,Dry,9,1,0,2,9,17,47,Roundabout,High
12,Sunday,11,0,1,Urban Road,Rainy,5,10,40,Car,1,4,Slippery,9,0,0,0,8,30,85,No Junction,Low
19,Tuesday,6,1,0,Urban Road,Clear,5,69,40,Car,3,1,Wet,19,0,1,0,7,31,68,T-Junction,High
13,Wednesday,9,0,0,Urban Road,Foggy,2,23,40,Car,5,7,Dry,6,0,0,2,1,30,72,Roundabout,High
14,Tuesday,2,0,0,State Highway,Cloudy,4,59,60,Auto,2,8,Dry,3,0,0,0,7,28,90,Y-Junction,Medium
8,Saturday,4,1,1,Highway,Clear,6,50,80,Truck,1,0,Wet,6,0,0,2,8,34,77,No Junction,Medium
16,Friday,2,0,0,Urban Road,Cloudy,6,35,40,Car,2,3,Dry,6,0,0,0,9,35,49,T-Junction,Low
8,Monday,4,1,0,Highway,Foggy,8,10,80,Bus,5,6,Under Construction,9,0,0,1,3,34,75,T-Junction,High
10,Tuesday,2,1,0,Urban Road,Rainy,8,18,40,Motorcycle,3,8,Dry,7,0,0,3,9,27,100,Intersection,Medium
20,Thursday,12,1,0,Urban Road,Rainy,7,17,40,Car,2,10,Wet,10,0,0,0,7,27,100,Y-Junction,Medium
8,Wednesday,1,1,0,State Highway,Cloudy,5,10,60,Motorcycle,5,4,Wet,5,0,0,0,8,28,85,Y-Junction,Medium
6,Wednesday,11,0,0,Residential,Foggy,1,40,40,Motorcycle,4,0,Wet,9,0,0,2,3,24,74,T-Junction,High
5,Monday,3,0,0,Highway,Clear,6,10,80,Car,3,0,Dry,3,0,1,1,9,29,49,T-Junction,Medium
22,Saturday,8,0,1,Residential,Rainy,7,28,40,Motorcycle,4,15,Dry,7,0,0,1,5,28,73,T-Junction,Medium
14,Monday,5,0,0,Residential,Heavy Rain,4,52,40,Motorcycle,3,6,Dry,5,0,1,0,5,33,63,T-Junction,High
12,Saturday,4,0,1,Urban Road,Foggy,6,28,40,Motorcycle,5,5,Wet,6,0,0,0,1,36,54,Intersection,High
19,Tuesday,5,1,0,Highway,Heavy Rain,3,54,80,Car,3,2,Dry,3,0,1,0,2,29,61,No Junction,High
19,Friday,6,1,0,Highway,Foggy,5,34,80,Truck,1,9,Dry,10,1,0,2,4,32,50,Intersection,High
10,Thursday,6,1,0,Urban Road,Rainy,4,10,40,Bicycle,1,2,Dry,6,0,1,1,7,27,100,Y-Junction,Medium
18,Wednesday,5,1,0,State Highway,Rainy,10,10,60,Bicycle,1,10,Under Construction,7,0,0,1,7,32,57,No Junction,Medium
19,Monday,12,1,0,Urban Road,Foggy,5,50,40,Bicycle,1,10,Good,9,1,0,0,4,33,81,Intersection,High
17,Thursday,11,1,0,National Highway,Foggy,7,14,80,Motorcycle,2,6,Slippery,5,0,1,2,3,36,65,No Junction,High
7,Saturday,12,1,1,State Highway,Foggy,6,77,60,Car,2,8,Wet,6,0,1,1,3,16,39,No Junction,High
20,Friday,6,1,0,Urban Road,Cloudy,10,10,40,Truck,1,2,Dry,3,0,0,0,6,31,63,No Junction,Medium
15,Wednesday,9,0,0,State Highway,Clear,3,63,60,Truck,1,6,Wet,7,0,0,1,5,26,66,No Junction,Medium
9,Wednesday,5,1,0,Highway,Cloudy,8,10,80,Bicycle,2,0,Wet,12,0,0,0,6,30,95,No Junction,Medium
12,Saturday,6,0,1,Highway,Rainy,2,10,80,Motorcycle,1,3,Wet,8,1,0,0,7,30,62,Roundabout,Medium
3,Friday,4,0,0,Residential,Cloudy,4,47,40,Bicycle,3,0,Dry,3,0,0,0,5,23,44,Intersection,Medium
7,Wednesday,3,1,0,Urban Road,Rainy,10,10,40,Car,1,0,Wet,9,0,0,1,7,17,42,No Junction,Medium
18,Friday,12,1,0,Urban Road,Cloudy,7,45,40,Motorcycle,5,2,Dry,11,0,1,1,8,29,85,Intersection,High
0,Wednesday,6,0,0,Residential,Clear,6,57,40,Truck,1,1,Dry,4,0,1,0,5,25,52,Intersection,High
12,Tuesday,11,0,0,State Highway,Clear,5,20,60,Motorcycle,1,6,Dry,7,0,0,0,6,32,66,Intersection,Low
15,Saturday,11,0,1,Urban Road,Rainy,4,27,40,Car,2,7,Dry,7,0,1,1,8,26,30,T-Junction,Medium
5,Friday,5,0,0,Urban Road,Foggy,6,10,40,Motorcycle,3,7,Dry,8,0,0,1,2,32,98,No Junction,High
23,Thursday,4,0,0,Urban Road,Rainy,3,10,40,Car,4,4,Dry,8,0,0,0,7,29,45,Intersection,Medium
8,Tuesday,5,1,0,Residential,Foggy,7,10,40,Bicycle,3,10,Dry,9,0,0,1,1,19,83,Intersection,High
9,Sunday,7,1,1,Urban Road,Clear,2,10,40,Motorcycle,1,7,Dry,7,1,1,0,8,28,86,T-Junction,Medium
9,Thursday,1,1,0,National Highway,Heavy Rain,4,31,80,Auto,1,5,Dry,11,0,0,0,3,27,100,Intersection,High
8,Saturday,1,1,1,Residential,Clear,8,47,40,Motorcycle,2,9,Dry,3,0,1,2,5,26,44,No Junction,High
0,Wednesday,11,0,0,Residential,Clear,3,33,40,Car,1,6,Dry,4,0,1,2,6,31,66,Intersection,Medium
18,Sunday,1,1,1,National Highway,Clear,7,17,80,Motorcycle,3,7,Slippery,12,0,0,1,9,22,100,No Junction,Medium
22,Thursday,2,0,0,National Highway,Cloudy,1,52,80,Bus,2,0,Good,6,0,0,2,7,37,53,Roundabout,Medium
8,Tuesday,9,1,0,Highway,Foggy,5,10,80,Auto,2,3,Good,9,0,0,1,1,19,63,Roundabout,High
17,Sunday,5,1,1,Highway,Rainy,4,30,80,Car,1,7,Wet,7,1,0,0,9,19,80,T-Junction,High
18,Sunday,9,1,1,State Highway,Clear,4,14,60,Car,5,5,Wet,10,0,0,1,8,31,84,No Junction,High
20,Friday,5,1,0,National Highway,Clear,6,55,80,Car,2,9,Dry,9,0,0,1,6,40,100,Y-Junction,High
12,Monday,7,0,0,Residential,Rainy,5,25,40,Car,3,8,Good,15,0,1,1,9,24,54,T-Junction,Medium
9,Thursday,6,1,0,Urban Road,Clear,6,28,40,Motorcycle,3,8,Slippery,7,0,1,1,6,30,54,Roundabout,High
10,Monday,2,1,0,Residential,Rainy,7,15,40,Truck,1,1,Under Construction,6,0,0,3,8,34,68,Roundabout,Medium
18,Saturday,3,1,1,Urban Road,Clear,5,17,40,Motorcycle,1,12,Dry,11,0,1,1,9,26,99,Intersection,Medium
19,Thursday,5,1,0,National Highway,Cloudy,9,21,80,Auto,2,11,Wet,10,0,0,0,9,24,53,No Junction,Medium
8,Thursday,4,1,0,Urban Road,Cloudy,10,10,40,Motorcycle,2,7,Dry,5,0,1,0,7,35,58,Intersection,Medium
11,Friday,11,0,0,National Highway,Rainy,5,31,80,Motorcycle,4,2,Good,10,1,1,1,9,30,54,No Junction,High
21,Wednesday,6,0,0,Urban Road,Clear,7,22,40,Auto,4,0,Dry,8,0,1,0,5,31,61,No Junction,High
19,Tuesday,8,1,0,National Highway,Clear,7,62,80,Car,3,3,Wet,8,0,0,1,8,20,55,Intersection,High
23,Tuesday,8,0,0,Urban Road,Rainy,7,26,40,Motorcycle,1,3,Dry,9,0,0,0,5,30,72,Y-Junction,Low
18,Tuesday,3,1,0,State Highway,Foggy,7,33,60,Motorcycle,3,9,Under Construction,10,1,1,1,1,33,60,No Junction,High
12,Saturday,4,0,1,National Highway,Foggy,3,26,80,Motorcycle,2,10,Dry,8,0,0,0,2,30,85,T-Junction,Medium
16,Sunday,1,0,1,Residential,Rainy,1,40,40,Motorcycle,2,1,Under Construction,7,0,1,0,5,31,65,T-Junction,Medium
17,Wednesday,2,1,0,Residential,Clear,7,40,40,Truck,2,3,Wet,14,0,0,1,7,37,28,No Junction,Medium
6,Monday,9,0,0,Highway,Clear,5,40,80,Motorcycle,2,7,Wet,7,0,0,1,7,31,96,Y-Junction,Medium
15,Tuesday,12,0,0,Urban Road,Clear,2,81,40,Truck,1,5,Dry,12,1,0,0,5,35,81,Roundabout,High
18,Monday,10,1,0,State Highway,Clear,5,14,60,Motorcycle,2,10,Under Construction,6,0,1,0,5,32,88,Intersection,Medium
7,Wednesday,10,1,0,Urban Road,Clear,3,69,40,Motorcycle,2,1,Slippery,5,0,0,0,8,24,59,T-Junction,High
19,Saturday,2,1,1,State Highway,Clear,7,18,60,Motorcycle,2,10,Dry,10,1,0,0,7,29,100,T-Junction,High
16,Wednesday,12,0,0,Residential,Rainy,3,38,40,Motorcycle,2,3,Wet,7,0,0,1,6,31,80,Roundabout,Low
22,Friday,6,0,0,Urban Road,Clear,6,40,40,Bus,1,13,Dry,3,0,1,0,9,14,80,T-Junction,Medium
4,Sunday,7,0,1,Urban Road,Rainy,3,36,40,Auto,2,9,Dry,7,1,1,1,9,29,21,Intersection,Medium
9,Tuesday,6,1,0,Urban Road,Clear,5,42,40,Car,4,9,Wet,9,1,0,0,5,35,61,No Junction,High
16,Saturday,8,0,1,Highway,Foggy,6,29,80,Car,2,0,Wet,5,0,0,3,2,22,77,T-Junction,High
9,Friday,9,1,0,National Highway,Clear,5,13,80,Car,1,0,Wet,5,1,1,1,7,21,71,Intersection,High
18,Tuesday,8,1,0,Residential,Clear,9,11,40,Car,2,2,Wet,8,0,0,0,7,30,53,Intersection,Medium
18,Wednesday,5,1,0,Urban Road,Clear,5,10,40,Motorcycle,2,2,Slippery,4,0,0,3,7,21,20,No Junction,Medium
6,Wednesday,8,0,0,Urban Road,Heavy Rain,4,25,40,Car,1,4,Good,8,0,0,1,5,34,68,Intersection,Medium
14,Thursday,10,0,0,Residential,Rainy,7,38,40,Bus,1,1,Dry,11,0,0,0,5,24,71,Roundabout,Medium
14,Thursday,10,0,0,Urban Road,Rainy,5,60,40,Motorcycle,2,9,Wet,11,0,0,0,9,32,94,Intersection,Medium
11,Wednesday,9,0,0,Urban Road,Heavy Rain,6,48,40,Car,2,6,Under Construction,6,1,1,1,2,22,77,No Junction,High
22,Wednesday,8,0,0,Urban Road,Foggy,9,26,40,Car,2,0,Wet,13,0,0,0,1,40,68,T-Junction,High
19,Monday,2,1,0,State Highway,Clear,6,22,60,Car,1,4,Wet,9,0,0,0,9,41,67,Intersection,Medium
18,Sunday,2,1,1,Highway,Clear,7,13,80,Auto,3,7,Slippery,5,0,0,0,9,34,68,T-Junction,Medium
18,Monday,12,1,0,Urban Road,Cloudy,6,20,40,Auto,3,4,Under Construction,6,0,0,0,7,23,55,No Junction,Medium
13,Sunday,3,0,1,National Highway,Rainy,4,50,80,Motorcycle,2,1,Slippery,5,0,0,0,5,27,56,T-Junction,Medium
21,Friday,7,0,0,Highway,Clear,4,22,80,Motorcycle,1,1,Dry,3,1,0,0,9,16,69,No Junction,Medium
18,Thursday,9,1,0,State Highway,Cloudy,7,18,60,Motorcycle,2,6,Wet,12,0,0,0,5,35,90,Intersection,Medium
18,Thursday,8,1,0,Urban Road,Rainy,4,48,40,Motorcycle,5,0,Dry,8,0,0,3,6,28,81,No Junction,High
20,Wednesday,9,1,0,Highway,Foggy,9,28,80,Motorcycle,2,5,Dry,9,0,0,1,1,27,75,No Junction,High
9,Wednesday,6,1,0,Highway,Rainy,10,17,80,Car,2,3,Wet,8,0,1,2,8,22,36,Intersection,High
19,Friday,1,1,0,Highway,Rainy,7,10,80,Motorcycle,2,7,Dry,3,0,0,0,8,33,84,T-Junction,Medium
8,Saturday,12,1,1,Highway,Foggy,5,45,80,Auto,1,7,Wet,9,0,0,3,4,31,72,T-Junction,High
10,Saturday,4,1,1,Highway,Cloudy,9,10,80,Motorcycle,2,13,Wet,10,0,0,1,8,28,100,T-Junction,Medium
10,Saturday,6,1,1,Urban Road,Rainy,5,11,40,Truck,5,4,Under Construction,10,0,0,2,6,30,66,No Junction,High
23,Thursday,12,0,0,Highway,Clear,4,43,80,Bicycle,2,10,Dry,11,1,1,2,5,39,79,No Junction,High
20,Monday,6,1,0,Residential,Rainy,7,35,40,Motorcycle,1,8,Dry,8,0,0,3,5,22,75,Roundabout,High
18,Saturday,8,1,1,State Highway,Clear,5,15,60,Motorcycle,1,1,Wet,3,1,1,1,9,20,64,Intersection,Medium
18,Tuesday,1,1,0,State Highway,Clear,9,22,60,Car,1,12,Dry,10,0,1,1,9,23,65,Intersection,High
16,Friday,11,0,0,Urban Road,Rainy,1,26,40,Car,2,6,Dry,8,0,0,0,9,35,56,Intersection,Low
22,Saturday,2,0,1,National Highway,Clear,4,46,80,Motorcycle,1,12,Under Construction,13,0,1,0,5,29,77,Y-Junction,Medium
14,Tuesday,2,0,0,Highway,Clear,8,47,80,Truck,3,1,Dry,13,0,1,0,5,23,40,Y-Junction,High
11,Saturday,6,0,1,Highway,Clear,1,45,80,Motorcycle,2,9,Wet,11,1,0,0,9,31,100,Intersection,Medium
7,Monday,11,1,0,Urban Road,Clear,10,39,40,Car,2,0,Dry,3,0,0,3,5,25,63,Intersection,High
19,Monday,7,1,0,State Highway,Clear,7,25,60,Motorcycle,2,0,Dry,4,0,0,1,6,29,55,Intersection,High
18,Saturday,2,1,1,State Highway,Clear,9,27,60,Motorcycle,2,14,Dry,9,0,1,1,9,30,62,No Junction,Medium
11,Tuesday,5,0,0,Residential,Rainy,8,31,40,Car,5,9,Slippery,4,0,0,0,8,24,85,No Junction,Medium
2,Friday,6,0,0,Urban Road,Rainy,2,10,40,Car,4,11,Under Construction,10,1,0,0,9,17,80,No Junction,Medium
19,Tuesday,4,1,0,Residential,Foggy,10,33,40,Car,1,4,Slippery,10,0,1,0,4,29,65,Y-Junction,High
1,Friday,1,0,0,Highway,Clear,2,56,80,Motorcycle,4,3,Wet,12,0,0,0,7,26,57,Intersection,Medium
18,Saturday,3,1,1,Urban Road,Rainy,6,24,40,Car,2,8,Slippery,11,1,0,1,8,24,44,Intersection,High
23,Friday,10,0,0,Urban Road,Clear,1,23,40,Car,3,1,Dry,6,0,1,0,6,29,65,T-Junction,Medium
12,Wednesday,9,0,0,Highway,Clear,6,31,80,Car,2,1,Slippery,7,0,1,0,5,31,73,T-Junction,High
8,Thursday,6,1,0,Highway,Rainy,8,10,80,Car,2,3,Wet,5,0,0,1,6,14,22,No Junction,Medium
18,Sunday,2,1,1,State Highway,Rainy,9,10,60,Truck,2,9,Slippery,8,0,0,0,7,28,85,Intersection,High
19,Thursday,9,1,0,Urban Road,Rainy,8,58,40,Motorcycle,1,1,Dry,3,0,1,0,6,27,76,Intersection,High
15,Monday,4,0,0,Urban Road,Rainy,2,69,40,Bus,2,10,Under Construction,7,0,0,0,6,25,59,Intersection,Medium
22,Wednesday,11,0,0,Urban Road,Rainy,6,16,40,Auto,2,7,Wet,10,0,0,1,7,31,66,No Junction,Medium
5,Thursday,8,0,0,National Highway,Heavy Rain,3,27,80,Car,2,7,Dry,9,0,0,0,5,16,48,No Junction,Medium
14,Saturday,10,0,1,Urban Road,Cloudy,8,30,40,Motorcycle,3,0,Wet,10,0,0,0,7,10,68,T-Junction,Medium
18,Friday,7,1,0,Highway,Clear,7,35,80,Car,3,3,Dry,4,0,0,1,5,18,25,No Junction,High
20,Friday,12,1,0,Urban Road,Rainy,6,19,40,Motorcycle,1,5,Dry,4,0,1,0,9,32,85,Intersection,Medium
7,Tuesday,11,1,0,Residential,Clear,9,20,40,Car,1,7,Wet,9,0,0,1,5,25,61,No Junction,Medium
19,Tuesday,3,1,0,Highway,Rainy,7,10,80,Motorcycle,1,3,Dry,5,1,0,0,5,26,28,T-Junction,High
15,Friday,8,0,0,Urban Road,Foggy,8,10,40,Car,5,12,Dry,4,0,0,1,1,38,87,Roundabout,High
12,Saturday,4,0,1,Urban Road,Clear,1,36,40,Motorcycle,2,4,Dry,8,0,1,1,6,30,56,T-Junction,Medium
7,Friday,2,1,0,Urban Road,Clear,5,14,40,Car,2,7,Dry,7,1,1,0,5,34,55,No Junction,High
20,Tuesday,11,1,0,Urban Road,Clear,9,10,40,Bus,3,6,Dry,15,0,0,2,7,27,57,Y-Junction,Medium
7,Thursday,5,1,0,Residential,Clear,6,23,40,Car,1,8,Dry,9,0,0,3,7,15,55,T-Junction,Medium
9,Monday,1,1,0,National Highway,Foggy,8,44,80,Bicycle,2,6,Dry,8,0,1,1,1,26,77,Intersection,High
9,Tuesday,8,1,0,National Highway,Clear,8,10,80,Car,1,0,Good,6,0,0,0,7,23,63,No Junction,Medium
20,Saturday,8,1,1,Residential,Rainy,4,18,40,Motorcycle,1,4,Good,10,0,0,1,5,23,57,Intersection,Medium
17,Thursday,3,1,0,Urban Road,Rainy,7,10,40,Bus,2,2,Under Construction,7,0,0,0,8,30,59,No Junction,Medium
19,Thursday,1,1,0,State Highway,Clear,6,10,60,Car,2,0,Dry,6,0,1,0,9,14,90,Intersection,Medium
8,Thursday,4,1,0,State Highway,Clear,5,10,60,Car,1,10,Slippery,7,0,0,1,8,23,52,T-Junction,Medium
17,Wednesday,9,1,0,State Highway,Cloudy,8,10,60,Motorcycle,2,12,Wet,6,0,0,2,6,25,64,No Junction,Medium
16,Wednesday,9,0,0,Highway,Rainy,3,27,80,Bus,2,5,Dry,7,0,0,0,5,31,45,No Junction,Medium
19,Sunday,1,1,1,Highway,Clear,6,42,80,Bus,4,5,Under Construction,14,0,0,0,8,40,90,Y-Junction,Medium
21,Thursday,11,0,0,National Highway,Foggy,8,25,80,Auto,3,3,Good,9,0,0,0,3,15,52,No Junction,High
1,Saturday,7,0,1,National Highway,Clear,4,55,80,Car,2,6,Slippery,7,1,0,0,7,28,96,Intersection,High
17,Friday,6,1,0,Residential,Cloudy,5,25,40,Car,2,11,Dry,7,0,1,0,6,25,100,Intersection,Medium
5,Saturday,7,0,1,National Highway,Rainy,1,40,80,Truck,2,12,Wet,3,1,1,0,8,29,79,T-Junction,High
15,Wednesday,7,0,0,State Highway,Clear,1,84,60,Car,1,6,Dry,3,0,1,0,9,43,52,No Junction,Medium
9,Tuesday,8,1,0,Urban Road,Clear,4,20,40,Motorcycle,3,0,Dry,10,0,0,0,7,19,46,No Junction,Medium
9,Sunday,8,1,1,Urban Road,Clear,5,26,40,Bus,2,10,Slippery,10,0,0,0,7,24,89,Roundabout,Medium
11,Wednesday,10,0,0,Residential,Clear,1,36,40,Motorcycle,2,3,Dry,9,1,0,3,6,35,71,T-Junction,High
17,Friday,11,1,0,Urban Road,Clear,6,11,40,Auto,1,4,Dry,12,0,0,0,7,30,65,Intersection,Medium
10,Monday,2,1,0,National Highway,Clear,4,50,80,Truck,4,7,Dry,8,1,1,0,7,32,76,Roundabout,High
18,Sunday,12,1,1,Urban Road,Clear,5,26,40,Motorcycle,1,3,Wet,10,0,1,2,8,25,47,Intersection,Medium
12,Wednesday,12,0,0,State Highway,Rainy,4,18,60,Car,1,7,Good,7,0,0,1,7,33,61,No Junction,Low
5,Saturday,12,0,1,State Highway,Clear,4,42,60,Car,1,5,Wet,3,1,0,2,6,33,46,Intersection,High
19,Sunday,4,1,1,Highway,Clear,6,42,80,Car,5,3,Dry,11,0,0,0,5,30,73,No Junction,High
9,Saturday,4,1,1,Highway,Rainy,4,14,80,Motorcycle,1,7,Wet,5,0,0,0,6,39,79,No Junction,Medium
12,Thursday,11,0,0,Residential,Foggy,3,27,40,Truck,4,3,Wet,8,1,0,2,2,29,88,Intersection,High
17,Thursday,10,1,0,Urban Road,Cloudy,4,15,40,Car,1,5,Under Construction,5,0,0,1,5,30,53,Intersection,Medium
10,Thursday,12,1,0,Residential,Rainy,9,10,40,Bus,3,0,Wet,8,0,0,1,8,25,86,T-Junction,High
5,Sunday,8,0,1,Highway,Clear,6,41,80,Auto,1,11,Dry,13,0,0,0,9,30,31,Intersection,Medium
11,Monday,3,0,0,Urban Road,Rainy,4,38,40,Car,2,0,Dry,9,1,1,0,9,29,44,T-Junction,Medium
22,Friday,12,0,0,Highway,Heavy Rain,5,39,80,Motorcycle,1,5,Under Construction,10,0,0,0,4,32,78,Intersection,High
17,Sunday,12,1,1,Urban Road,Cloudy,5,52,40,Motorcycle,1,8,Dry,7,0,0,0,8,30,76,No Junction,Medium
17,Tuesday,3,1,0,Highway,Foggy,9,15,80,Car,1,10,Slippery,7,0,0,0,3,30,73,No Junction,High
17,Saturday,2,1,1,National Highway,Foggy,5,40,80,Motorcycle,1,5,Dry,7,1,0,2,3,25,34,Intersection,High
8,Saturday,1,1,1,Urban Road,Foggy,1,26,40,Auto,1,3,Slippery,10,0,0,0,1,32,87,Roundabout,Medium
12,Sunday,8,0,1,National Highway,Clear,5,45,80,Motorcycle,2,6,Dry,8,1,1,0,6,29,72,Roundabout,High
18,Sunday,9,1,1,National Highway,Rainy,3,37,80,Car,3,0,Dry,10,0,0,0,7,26,69,Roundabout,Medium
6,Friday,9,0,0,National Highway,Rainy,7,23,80,Car,2,0,Wet,7,0,0,0,9,23,80,Y-Junction,Low
9,Monday,11,1,0,Urban Road,Clear,4,34,40,Truck,2,6,Wet,11,0,1,0,9,33,57,Intersection,Medium
9,Sunday,8,1,1,State Highway,Cloudy,6,10,60,Truck,2,6,Dry,10,0,1,0,5,32,90,Roundabout,Medium
12,Thursday,5,0,0,Highway,Clear,4,47,80,Motorcycle,2,6,Wet,8,1,0,0,6,27,71,Intersection,High
23,Friday,1,0,0,Highway,Clear,4,11,80,Bus,1,6,Dry,10,0,1,1,9,20,73,Intersection,Medium
5,Tuesday,9,0,0,State Highway,Clear,6,58,60,Motorcycle,5,11,Slippery,11,0,0,0,6,36,81,No Junction,High
14,Thursday,6,0,0,Highway,Clear,5,31,80,Car,2,6,Wet,13,0,0,3,6,35,32,Roundabout,High
7,Tuesday,12,1,0,National Highway,Rainy,6,10,80,Car,3,7,Slippery,5,0,0,0,8,42,56,Roundabout,Medium
23,Wednesday,7,0,0,Residential,Clear,4,53,40,Motorcycle,2,4,Wet,10,0,1,0,5,16,58,No Junction,High
7,Tuesday,8,1,0,Urban Road,Foggy,4,35,40,Bus,3,1,Under Construction,10,0,0,0,4,26,52,T-Junction,High
12,Thursday,5,0,0,Highway,Clear,5,35,80,Auto,2,9,Dry,10,1,0,0,9,23,71,No Junction,Medium
18,Wednesday,6,1,0,Residential,Rainy,7,10,40,Car,3,0,Dry,6,0,0,1,9,17,58,No Junction,Medium
18,Thursday,12,1,0,Residential,Rainy,10,29,40,Auto,1,0,Wet,8,0,1,0,5,28,82,Y-Junction,High
12,Saturday,7,0,1,Residential,Cloudy,4,39,40,Car,1,12,Wet,6,0,0,0,6,29,70,No Junction,Medium
10,Thursday,7,1,0,Urban Road,Cloudy,6,11,40,Motorcycle,2,8,Wet,9,0,0,1,8,27,51,Roundabout,Medium
12,Wednesday,2,0,0,Highway,Clear,2,24,80,Motorcycle,2,7,Slippery,5,1,0,1,5,18,70,T-Junction,High
9,Tuesday,11,1,0,Urban Road,Rainy,6,47,40,Truck,3,13,Wet,12,1,1,0,6,31,45,Roundabout,High
8,Saturday,12,1,1,Urban Road,Heavy Rain,6,29,40,Motorcycle,1,8,Under Construction,8,0,1,0,3,20,41,No Junction,High
14,Monday,1,0,0,Highway,Clear,3,74,80,Motorcycle,1,2,Wet,13,0,0,0,8,34,60,T-Junction,Medium
9,Monday,8,1,0,Highway,Clear,8,41,80,Car,2,3,Dry,6,0,0,0,7,33,76,Intersection,High
9,Monday,5,1,0,Urban Road,Foggy,6,26,40,Car,4,11,Under Construction,8,0,0,0,4,30,77,T-Junction,High
17,Monday,10,1,0,Residential,Rainy,8,25,40,Car,1,5,Under Construction,8,0,0,0,7,25,78,T-Junction,Medium
22,Friday,2,0,0,Residential,Cloudy,3,11,40,Truck,3,5,Dry,9,0,1,0,8,28,54,T-Junction,Low
16,Monday,3,0,0,Urban Road,Rainy,5,49,40,Motorcycle,5,0,Dry,10,0,0,0,8,24,53,No Junction,High
6,Wednesday,6,0,0,Residential,Rainy,4,41,40,Motorcycle,3,3,Wet,4,0,1,0,5,31,20,T-Junction,High
6,Sunday,10,0,1,Residential,Cloudy,6,31,40,Motorcycle,2,5,Dry,11,0,0,0,9,36,36,No Junction,Low
22,Monday,6,0,0,Urban Road,Clear,5,26,40,Motorcycle,2,11,Wet,10,0,0,0,8,35,99,T-Junction,Medium
9,Thursday,8,1,0,Urban Road,Rainy,4,42,40,Car,1,12,Good,3,0,0,1,8,28,66,Intersection,Medium
6,Sunday,5,0,1,Urban Road,Cloudy,3,30,40,Car,2,7,Dry,12,0,0,0,7,36,56,Roundabout,Low
16,Monday,5,0,0,Highway,Rainy,1,25,80,Auto,2,8,Dry,4,1,0,0,7,30,82,Roundabout,Medium
17,Sunday,7,1,1,Urban Road,Clear,6,10,40,Truck,2,4,Slippery,8,1,0,1,7,14,74,No Junction,High
17,Tuesday,10,1,0,Urban Road,Rainy,9,10,40,Car,1,2,Dry,7,0,0,3,9,35,71,Intersection,Medium
9,Wednesday,5,1,0,Residential,Clear,7,38,40,Car,1,5,Under Construction,7,0,0,3,7,29,57,T-Junction,High
1,Wednesday,9,0,0,State Highway,Heavy Rain,5,26,60,Car,1,8,Dry,6,0,0,0,5,30,63,Y-Junction,Medium
22,Sunday,6,0,1,Urban Road,Clear,4,36,40,Motorcycle,2,1,Wet,9,0,0,0,9,25,78,No Junction,Medium
8,Saturday,7,1,1,Residential,Foggy,4,55,40,Bicycle,1,1,Dry,5,0,0,0,1,36,85,Y-Junction,High
17,Friday,12,1,0,State Highway,Clear,5,10,60,Motorcycle,1,9,Slippery,10,0,0,0,5,23,62,Roundabout,Medium
18,Thursday,8,1,0,Urban Road,Rainy,8,10,40,Car,2,0,Wet,9,0,0,0,5,35,78,No Junction,Medium
17,Sunday,5,1,1,National Highway,Clear,5,28,80,Bus,2,0,Good,7,0,1,1,6,22,31,Y-Junction,Medium
10,Wednesday,11,1,0,Highway,Cloudy,10,10,80,Motorcycle,2,5,Wet,10,0,0,2,5,29,49,No Junction,High
9,Tuesday,4,1,0,National Highway,Rainy,9,33,80,Auto,2,15,Under Construction,6,0,0,1,9,36,58,Intersection,Medium
16,Monday,12,0,0,Highway,Cloudy,3,37,80,Motorcycle,1,3,Wet,7,1,0,1,7,36,43,Intersection,Medium
20,Wednesday,8,1,0,Urban Road,Rainy,5,10,40,Auto,1,7,Good,3,0,0,0,6,33,55,No Junction,Low
22,Tuesday,12,0,0,Residential,Clear,2,30,40,Auto,2,5,Dry,6,0,0,0,8,34,100,T-Junction,Low
6,Monday,10,0,0,National Highway,Clear,3,57,80,Car,1,5,Wet,5,0,1,3,8,33,100,Roundabout,High
7,Friday,9,1,0,Urban Road,Clear,6,15,40,Bus,1,0,Dry,3,0,0,1,5,25,39,Intersection,Medium
22,Wednesday,1,0,0,State Highway,Clear,5,42,60,Car,5,11,Dry,7,0,0,0,6,31,60,Intersection,High
18,Wednesday,3,1,0,Residential,Clear,6,10,40,Car,2,2,Wet,7,0,0,0,8,29,58,Intersection,Medium
20,Sunday,12,1,1,Highway,Clear,10,10,80,Car,1,0,Slippery,8,0,0,0,8,34,52,T-Junction,Medium
8,Sunday,4,1,1,Urban Road,Rainy,7,10,40,Auto,1,15,Wet,9,0,1,2,8,34,38,Intersection,Medium
16,Tuesday,7,0,0,Urban Road,Heavy Rain,5,20,40,Motorcycle,2,4,Dry,7,1,0,2,4,28,62,Y-Junction,High
18,Saturday,6,1,1,Urban Road,Foggy,7,30,40,Car,2,11,Dry,9,0,1,0,4,27,48,No Junction,High
17,Sunday,10,1,1,State Highway,Clear,1,10,60,Car,2,1,Dry,10,0,0,0,6,34,38,No Junction,Low
12,Thursday,10,0,0,National Highway,Rainy,1,24,80,Car,3,9,Good,11,0,0,0,5,26,51,T-Junction,Medium
1,Friday,11,0,0,Residential,Rainy,4,50,40,Car,1,9,Dry,9,0,0,0,5,34,88,Intersection,Medium
16,Thursday,1,0,0,National Highway,Rainy,6,40,80,Car,2,5,Dry,9,0,0,0,9,28,54,No Junction,Medium
8,Wednesday,4,1,0,Highway,Rainy,5,36,80,Car,2,6,Wet,5,0,0,0,5,24,54,Intersection,High
13,Thursday,6,0,0,Highway,Clear,5,11,80,Car,1,2,Dry,10,0,0,0,6,25,65,Y-Junction,Low
22,Monday,3,0,0,State Highway,Cloudy,6,31,60,Car,2,10,Dry,5,0,1,1,5,11,86,No Junction,Medium
12,Friday,2,0,0,State Highway,Rainy,7,10,60,Motorcycle,1,5,Wet,8,0,0,0,5,27,36,T-Junction,Medium
19,Thursday,2,1,0,Highway,Foggy,5,10,80,Motorcycle,5,0,Slippery,9,0,1,0,2,31,77,T-Junction,High
8,Monday,10,1,0,Urban Road,Clear,6,14,40,Car,1,8,Under Construction,9,0,0,2,6,43,68,T-Junction,Medium
17,Tuesday,12,1,0,State Highway,Clear,6,27,60,Car,3,6,Under Construction,3,0,0,2,8,24,82,T-Junction,High
23,Thursday,12,0,0,Highway,Rainy,3,61,80,Motorcycle,2,6,Good,10,0,0,0,9,25,77,Intersection,Medium
6,Friday,4,0,0,Urban Road,Cloudy,5,26,40,Truck,2,0,Dry,12,0,0,1,5,23,100,Roundabout,Medium
0,Monday,1,0,0,Residential,Rainy,2,53,40,Truck,2,13,Dry,3,1,0,0,7,23,53,Y-Junction,High
12,Thursday,10,0,0,National Highway,Clear,7,10,80,Auto,4,5,Dry,8,0,0,1,9,31,47,T-Junction,Medium
6,Tuesday,2,0,0,State Highway,Rainy,4,65,60,Car,2,6,Wet,7,1,1,1,9,25,51,T-Junction,High
18,Thursday,10,1,0,State Highway,Clear,6,37,60,Car,3,5,Wet,8,0,0,0,6,23,70,Intersection,High
21,Monday,2,0,0,Urban Road,Clear,1,32,40,Motorcycle,3,10,Slippery,11,0,0,0,8,30,88,T-Junction,Medium
12,Thursday,4,0,0,Residential,Cloudy,2,35,40,Car,2,10,Dry,8,0,0,1,8,31,93,T-Junction,Medium
8,Friday,4,1,0,Highway,Foggy,9,17,80,Car,2,7,Dry,5,1,0,0,3,23,53,Intersection,High
12,Wednesday,1,0,0,National Highway,Rainy,10,10,80,Motorcycle,4,12,Wet,6,0,1,2,9,34,100,Intersection,High
18,Monday,7,1,0,Urban Road,Clear,8,10,40,Motorcycle,1,7,Dry,5,1,0,0,7,38,69,T-Junction,Medium
0,Monday,7,0,0,Residential,Clear,4,43,40,Truck,2,4,Slippery,3,0,0,1,6,32,63,T-Junction,Medium
16,Monday,10,0,0,State Highway,Clear,3,41,60,Car,2,3,Good,6,0,1,0,7,31,63,Y-Junction,Medium
17,Monday,11,1,0,Highway,Rainy,4,16,80,Motorcycle,1,6,Dry,10,0,0,0,8,14,91,No Junction,Medium
17,Thursday,10,1,0,National Highway,Clear,3,35,80,Motorcycle,3,0,Slippery,8,0,0,0,9,22,46,T-Junction,High
8,Friday,10,1,0,Urban Road,Clear,7,10,40,Motorcycle,1,5,Wet,8,0,0,0,8,19,72,Roundabout,Medium
18,Tuesday,1,1,0,Urban Road,Rainy,7,26,40,Truck,3,4,Dry,7,1,0,0,7,33,68,No Junction,Medium
6,Friday,11,0,0,Highway,Rainy,3,44,80,Car,4,2,Dry,7,1,0,2,8,33,38,Roundabout,High
8,Monday,8,1,0,State Highway,Foggy,6,10,60,Motorcycle,2,5,Dry,9,0,0,1,2,30,20,No Junction,High
20,Saturday,10,1,1,State Highway,Clear,6,10,60,Motorcycle,3,7,Wet,10,0,0,1,6,26,67,Intersection,Medium
18,Thursday,7,1,0,Highway,Clear,3,41,80,Car,1,8,Dry,8,0,0,0,7,26,40,Intersection,Medium
1,Saturday,7,0,1,Highway,Clear,6,16,80,Auto,1,6,Under Construction,4,0,0,0,5,45,59,No Junction,Medium
8,Thursday,11,1,0,National Highway,Rainy,9,24,80,Truck,2,6,Good,6,0,0,0,8,32,63,No Junction,High
8,Monday,6,1,0,Highway,Rainy,7,36,80,Motorcycle,2,12,Dry,9,0,0,1,6,27,31,Intersection,Medium
9,Thursday,12,1,0,Residential,Clear,10,48,40,Truck,2,12,Dry,6,0,0,3,6,30,61,T-Junction,High
8,Monday,4,1,0,Residential,Foggy,8,10,40,Car,1,4,Slippery,6,0,0,0,2,20,54,Roundabout,High
5,Friday,11,0,0,State Highway,Rainy,8,40,60,Car,4,10,Under Construction,10,0,0,2,9,31,53,No Junction,Medium
13,Sunday,8,0,1,Residential,Cloudy,3,23,40,Motorcycle,1,2,Dry,10,1,0,3,6,26,55,No Junction,Medium
18,Wednesday,2,1,0,Urban Road,Clear,9,24,40,Bicycle,1,6,Wet,5,0,0,0,5,31,57,No Junction,Medium
16,Thursday,7,0,0,National Highway,Rainy,5,39,80,Truck,2,2,Under Construction,3,0,1,1,7,22,43,No Junction,Medium
17,Monday,3,1,0,Urban Road,Rainy,5,56,40,Car,3,8,Dry,4,1,0,0,5,38,100,T-Junction,High
6,Saturday,3,0,1,Urban Road,Clear,5,43,40,Auto,2,2,Dry,10,1,0,1,8,22,30,Intersection,Medium
22,Monday,7,0,0,Highway,Heavy Rain,7,54,80,Motorcycle,1,6,Good,5,0,0,0,3,25,73,Roundabout,High
19,Saturday,12,1,1,National Highway,Foggy,6,22,80,Motorcycle,1,6,Dry,6,1,0,2,2,21,58,Roundabout,High
19,Thursday,3,1,0,Residential,Clear,6,10,40,Motorcycle,2,2,Dry,4,0,0,0,8,23,49,T-Junction,Medium
19,Tuesday,5,1,0,Highway,Rainy,9,60,80,Truck,1,8,Wet,8,0,0,1,7,27,76,T-Junction,High
22,Saturday,8,0,1,Residential,Clear,1,53,40,Bicycle,2,11,Dry,7,0,0,0,9,28,86,No Junction,Medium
15,Monday,4,0,0,Urban Road,Cloudy,3,33,40,Motorcycle,1,7,Good,9,1,0,2,8,26,68,T-Junction,Medium
8,Thursday,7,1,0,National Highway,Clear,6,10,80,Motorcycle,1,7,Dry,9,0,0,2,8,31,67,Intersection,Medium
17,Monday,7,1,0,Urban Road,Cloudy,6,41,40,Auto,1,12,Under Construction,3,0,0,0,8,42,69,Intersection,Medium
18,Tuesday,2,1,0,Residential,Cloudy,4,10,40,Auto,3,3,Dry,9,0,0,0,8,26,60,T-Junction,Low
18,Wednesday,8,1,0,Residential,Rainy,4,10,40,Bus,2,9,Dry,7,1,0,0,6,24,79,Roundabout,Medium
15,Sunday,10,0,1,Highway,Rainy,5,33,80,Motorcycle,1,7,Wet,11,0,1,0,7,36,41,No Junction,Medium
5,Sunday,12,0,1,State Highway,Clear,3,10,60,Auto,1,7,Good,5,0,0,0,8,22,39,Intersection,Low
11,Tuesday,10,0,0,Highway,Clear,1,30,80,Car,2,7,Dry,9,0,0,1,6,37,87,Intersection,Medium
21,Friday,9,0,0,Residential,Clear,5,35,40,Car,2,5,Wet,8,0,0,2,6,16,29,T-Junction,Medium
16,Thursday,6,0,0,State Highway,Rainy,6,50,60,Car,2,4,Dry,5,0,0,0,5,34,59,T-Junction,Medium
15,Tuesday,5,0,0,Residential,Clear,6,51,40,Motorcycle,1,8,Under Construction,11,0,0,0,8,22,39,Roundabout,Low
9,Wednesday,1,1,0,Highway,Clear,10,22,80,Truck,2,11,Good,9,0,0,0,6,22,61,T-Junction,High
11,Monday,1,0,0,National Highway,Clear,4,10,80,Motorcycle,2,6,Wet,6,0,0,2,5,30,53,Y-Junction,High
21,Thursday,9,0,0,Urban Road,Cloudy,4,14,40,Auto,2,8,Slippery,5,0,1,1,5,33,83,Intersection,Medium
17,Saturday,4,1,1,Residential,Rainy,7,14,40,Car,4,8,Dry,11,0,0,2,8,32,99,Intersection,High
19,Tuesday,1,1,0,State Highway,Cloudy,7,41,60,Bus,2,8,Dry,10,0,0,0,9,23,42,T-Junction,Medium
13,Wednesday,11,0,0,National Highway,Cloudy,4,52,80,Bus,2,3,Dry,8,0,0,2,6,33,48,No Junction,Medium
17,Tuesday,10,1,0,Residential,Clear,7,21,40,Car,4,5,Dry,7,0,1,1,9,22,54,No Junction,High
8,Friday,12,1,0,Urban Road,Foggy,7,10,40,Motorcycle,1,2,Slippery,4,0,0,0,2,26,60,No Junction,Medium
18,Sunday,3,1,1,State Highway,Rainy,7,34,60,Bus,3,5,Wet,12,0,0,0,9,24,82,No Junction,Medium
12,Sunday,6,0,1,Highway,Rainy,4,26,80,Auto,2,3,Dry,4,0,0,0,9,27,44,Y-Junction,Medium
13,Thursday,11,0,0,Highway,Clear,1,32,80,Truck,4,6,Under Construction,10,0,0,1,8,24,59,T-Junction,Medium
17,Monday,11,1,0,National Highway,Rainy,7,34,80,Auto,2,0,Good,14,1,1,3,5,29,60,Intersection,High
22,Wednesday,8,0,0,Residential,Clear,1,31,40,Motorcycle,5,3,Wet,5,0,1,1,7,19,55,Intersection,Medium
5,Tuesday,10,0,0,Highway,Cloudy,3,45,80,Motorcycle,2,4,Wet,6,1,0,1,6,31,76,Intersection,High
19,Thursday,2,1,0,Residential,Cloudy,6,25,40,Motorcycle,1,7,Dry,5,1,0,0,8,24,60,No Junction,Medium
9,Tuesday,8,1,0,Highway,Rainy,5,61,80,Motorcycle,3,0,Dry,11,0,0,0,8,21,32,T-Junction,High
13,Thursday,1,0,0,Highway,Clear,6,22,80,Motorcycle,1,6,Dry,8,0,0,1,7,34,37,T-Junction,Medium
2,Sunday,11,0,1,Highway,Rainy,2,59,80,Car,5,4,Good,3,0,0,0,8,39,62,Y-Junction,Medium
9,Friday,2,1,0,State Highway,Clear,9,10,60,Truck,1,6,Slippery,4,0,0,0,5,31,100,Intersection,Medium
14,Tuesday,8,0,0,State Highway,Clear,2,47,60,Bus,3,6,Slippery,9,0,0,0,8,29,75,No Junction,Low
5,Friday,7,0,0,Residential,Cloudy,6,24,40,Bicycle,1,8,Dry,5,0,0,2,8,25,84,T-Junction,Low
14,Saturday,5,0,1,Urban Road,Clear,8,28,40,Motorcycle,2,9,Wet,3,0,1,2,7,20,64,T-Junction,High
21,Saturday,10,0,1,Residential,Rainy,1,51,40,Bus,1,2,Dry,9,0,0,0,6,31,65,No Junction,Medium
6,Sunday,2,0,1,Urban Road,Rainy,3,65,40,Bus,2,8,Under Construction,9,0,0,0,6,18,69,Intersection,Medium
18,Wednesday,9,1,0,Urban Road,Cloudy,6,24,40,Truck,2,1,Dry,5,0,0,3,9,30,66,Intersection,Medium
12,Friday,5,0,0,State Highway,Clear,5,16,60,Motorcycle,1,7,Wet,6,0,1,0,5,17,68,Intersection,Medium
17,Thursday,8,1,0,Urban Road,Cloudy,6,10,40,Truck,1,6,Dry,7,0,0,0,7,29,86,Intersection,Medium
9,Wednesday,4,1,0,Residential,Clear,7,10,40,Bicycle,3,6,Wet,7,0,0,0,6,35,66,T-Junction,Medium
7,Tuesday,9,1,0,National Highway,Cloudy,7,39,80,Motorcycle,2,2,Wet,12,1,1,0,7,30,63,T-Junction,High
7,Tuesday,10,1,0,Urban Road,Clear,5,36,40,Truck,1,5,Wet,10,1,0,3,9,34,97,Intersection,High
6,Thursday,7,0,0,Residential,Clear,5,28,40,Car,1,3,Dry,9,1,1,1,6,36,75,Intersection,High
8,Monday,2,1,0,Residential,Clear,8,10,40,Truck,2,4,Wet,7,0,0,0,7,28,29,No Junction,Medium
17,Monday,3,1,0,Urban Road,Heavy Rain,8,12,40,Car,2,12,Wet,5,0,0,0,3,39,48,T-Junction,High
20,Tuesday,2,1,0,Residential,Clear,9,10,40,Bus,1,6,Good,12,0,1,1,5,26,38,No Junction,Medium
19,Sunday,5,1,1,Residential,Rainy,4,34,40,Car,5,9,Dry,7,0,0,0,9,22,75,Intersection,Medium
17,Sunday,2,1,1,Urban Road,Rainy,8,23,40,Car,2,13,Good,5,0,1,1,6,22,91,No Junction,High
7,Thursday,5,1,0,Highway,Clear,9,42,80,Car,2,2,Wet,17,0,1,0,6,33,80,Intersection,High
9,Monday,9,1,0,National Highway,Clear,5,41,80,Motorcycle,4,1,Dry,8,0,1,2,5,26,62,T-Junction,High
9,Friday,2,1,0,Residential,Rainy,7,10,40,Car,5,11,Slippery,4,0,0,0,9,25,100,Intersection,Medium
8,Tuesday,9,1,0,Highway,Clear,4,49,80,Car,4,0,Wet,10,0,1,1,8,32,70,T-Junction,High
14,Saturday,7,0,1,Urban Road,Foggy,2,50,40,Motorcycle,2,2,Dry,10,0,1,1,2,18,83,T-Junction,Medium
15,Friday,7,0,0,Residential,Clear,3,37,40,Motorcycle,1,8,Wet,6,0,1,0,5,43,72,T-Junction,Medium
11,Thursday,5,0,0,Highway,Clear,5,38,80,Car,4,3,Wet,5,0,0,0,7,20,43,T-Junction,High
11,Saturday,8,0,1,Highway,Clear,1,51,80,Car,5,7,Slippery,7,0,0,0,9,31,57,Intersection,Medium
19,Friday,7,1,0,State Highway,Rainy,5,39,60,Motorcycle,1,8,Slippery,10,0,0,3,8,31,74,Intersection,High
19,Monday,6,1,0,Residential,Foggy,5,15,40,Auto,4,0,Wet,10,0,0,2,2,27,71,T-Junction,High
9,Sunday,2,1,1,Urban Road,Clear,3,48,40,Motorcycle,4,12,Dry,6,0,0,0,9,34,61,T-Junction,Medium
21,Monday,6,0,0,Highway,Rainy,3,95,80,Motorcycle,2,15,Dry,12,0,0,1,5,32,56,No Junction,Medium
22,Saturday,2,0,1,Urban Road,Clear,7,10,40,Motorcycle,3,5,Wet,3,0,0,1,5,27,76,Intersection,Medium
10,Wednesday,1,1,0,Urban Road,Cloudy,5,11,40,Car,4,9,Dry,6,0,0,0,5,31,84,No Junction,Medium
11,Sunday,9,0,1,Urban Road,Cloudy,6,31,40,Bus,2,15,Dry,7,0,0,0,7,14,70,Intersection,Low
14,Tuesday,5,0,0,Urban Road,Rainy,5,10,40,Car,2,7,Dry,7,0,0,0,8,25,96,Roundabout,Low
22,Saturday,10,0,1,Highway,Rainy,5,31,80,Car,1,0,Dry,6,1,0,0,8,31,88,Roundabout,Medium
20,Thursday,10,1,0,Urban Road,Foggy,6,41,40,Car,1,7,Wet,11,1,0,0,1,24,55,No Junction,High
6,Tuesday,4,0,0,National Highway,Rainy,2,43,80,Bus,4,2,Wet,7,0,0,2,5,27,80,No Junction,High
12,Friday,12,0,0,Urban Road,Clear,8,10,40,Motorcycle,1,5,Slippery,9,0,0,1,9,26,100,Roundabout,Low
15,Sunday,11,0,1,Urban Road,Foggy,2,62,40,Motorcycle,4,10,Dry,8,0,1,0,4,17,48,T-Junction,High
14,Thursday,8,0,0,Urban Road,Rainy,5,41,40,Car,2,11,Dry,9,0,1,0,9,33,77,No Junction,Medium
8,Thursday,5,1,0,Urban Road,Clear,7,30,40,Bus,3,0,Slippery,7,0,0,0,9,28,31,Intersection,Medium
20,Monday,7,1,0,State Highway,Clear,3,43,60,Car,2,8,Good,3,0,0,0,7,20,79,T-Junction,Medium
17,Friday,3,1,0,Urban Road,Clear,4,45,40,Car,1,4,Good,10,0,0,0,7,39,83,No Junction,Medium
19,Monday,8,1,0,State Highway,Foggy,8,15,60,Truck,2,2,Wet,7,0,0,0,1,29,63,Intersection,High
20,Monday,8,1,0,Highway,Rainy,7,25,80,Car,2,7,Slippery,6,0,0,0,5,29,59,Y-Junction,Medium
18,Sunday,3,1,1,State Highway,Clear,6,31,60,Motorcycle,2,8,Wet,6,0,0,1,9,27,65,T-Junction,Medium
12,Wednesday,9,0,0,Highway,Cloudy,6,39,80,Motorcycle,1,11,Wet,8,0,1,0,5,39,41,Intersection,High
17,Monday,8,1,0,Highway,Rainy,7,16,80,Truck,4,8,Wet,6,0,0,1,6,33,58,Intersection,High
7,Tuesday,1,1,0,Highway,Foggy,5,31,80,Motorcycle,1,5,Dry,7,0,0,0,4,23,62,Y-Junction,High
17,Thursday,8,1,0,Highway,Cloudy,8,10,80,Auto,2,5,Dry,10,0,0,0,9,15,81,No Junction,Medium
7,Sunday,12,1,1,Urban Road,Clear,2,47,40,Truck,2,11,Slippery,8,0,0,1,6,32,20,Y-Junction,High
18,Monday,11,1,0,Urban Road,Rainy,5,27,40,Motorcycle,1,4,Under Construction,5,0,0,0,9,27,68,T-Junction,Medium
8,Saturday,4,1,1,Residential,Foggy,7,10,40,Car,5,4,Dry,9,0,1,0,4,25,48,T-Junction,High
7,Tuesday,6,1,0,Highway,Rainy,8,10,80,Motorcycle,2,6,Slippery,7,0,1,3,8,27,65,T-Junction,High
7,Friday,10,1,0,Urban Road,Rainy,7,21,40,Car,3,5,Wet,10,0,0,2,9,17,100,No Junction,Medium
0,Thursday,9,0,0,Urban Road,Cloudy,8,10,40,Car,1,4,Dry,6,1,0,3,7,28,54,Intersection,High
18,Sunday,5,1,1,Residential,Clear,6,10,40,Car,1,10,Wet,8,0,0,0,7,26,38,Roundabout,Medium
18,Saturday,7,1,1,Highway,Rainy,5,10,80,Motorcycle,1,7,Good,9,0,0,1,6,25,32,T-Junction,Medium
14,Sunday,1,0,1,Highway,Heavy Rain,6,58,80,Motorcycle,2,12,Dry,5,1,1,0,5,28,67,No Junction,High
7,Sunday,9,1,1,Urban Road,Clear,7,10,40,Truck,3,12,Slippery,10,0,0,2,6,37,89,T-Junction,High
6,Saturday,6,0,1,State Highway,Rainy,3,69,60,Auto,1,8,Dry,13,1,0,1,5,25,31,T-Junction,High
1,Friday,11,0,0,Residential,Heavy Rain,6,59,40,Auto,2,5,Under Construction,9,0,1,0,4,35,79,T-Junction,High
7,Saturday,4,1,1,Highway,Clear,7,11,80,Car,1,0,Slippery,8,0,1,0,5,28,51,T-Junction,High
21,Tuesday,6,0,0,Highway,Rainy,4,33,80,Motorcycle,1,3,Slippery,10,0,1,1,5,36,64,No Junction,Medium
8,Sunday,5,1,1,Urban Road,Clear,3,33,40,Motorcycle,1,12,Good,10,0,0,3,9,27,91,T-Junction,Medium
11,Friday,3,0,0,Urban Road,Foggy,4,23,40,Bus,2,4,Dry,8,0,1,0,4,22,58,Intersection,High
6,Sunday,7,0,1,Residential,Clear,8,21,40,Truck,1,3,Dry,5,0,1,0,5,40,74,No Junction,Medium
8,Saturday,3,1,1,Urban Road,Clear,10,10,40,Car,2,10,Wet,6,0,0,1,7,34,52,No Junction,Medium
14,Friday,2,0,0,Urban Road,Rainy,3,23,40,Car,2,6,Wet,6,1,0,1,6,36,59,T-Junction,High
16,Friday,4,0,0,Residential,Clear,4,75,40,Car,1,5,Slippery,4,0,1,1,9,31,63,T-Junction,High
8,Monday,7,1,0,Urban Road,Clear,7,27,40,Car,2,9,Dry,12,0,0,0,5,28,60,Roundabout,Medium
5,Monday,5,0,0,Highway,Clear,4,50,80,Car,1,1,Slippery,5,0,0,0,6,33,23,Y-Junction,Medium
12,Monday,9,0,0,Urban Road,Cloudy,8,18,40,Car,3,4,Slippery,7,1,0,0,8,31,67,Intersection,Medium
8,Saturday,10,1,1,Urban Road,Clear,6,10,40,Motorcycle,1,10,Dry,5,0,0,1,5,24,76,Intersection,Medium
8,Thursday,7,1,0,State Highway,Cloudy,6,10,60,Truck,2,7,Wet,9,0,0,1,6,30,67,T-Junction,Medium
22,Tuesday,12,0,0,State Highway,Clear,2,52,60,Car,1,8,Dry,10,0,0,0,5,25,82,No Junction,Low
17,Saturday,9,1,1,Highway,Rainy,9,10,80,Car,1,11,Under Construction,4,0,0,0,8,20,71,T-Junction,Medium
15,Sunday,9,0,1,Highway,Foggy,3,55,80,Motorcycle,2,10,Dry,9,0,1,0,2,27,37,Intersection,High
12,Monday,12,0,0,Urban Road,Clear,5,24,40,Bus,2,4,Dry,4,0,0,0,7,24,56,Intersection,Medium
12,Friday,2,0,0,Urban Road,Rainy,6,47,40,Bus,2,6,Dry,6,0,0,0,8,40,45,T-Junction,Medium
15,Saturday,1,0,1,National Highway,Clear,4,50,80,Motorcycle,3,0,Dry,15,0,0,1,6,21,20,No Junction,Medium
18,Friday,11,1,0,Urban Road,Cloudy,6,65,40,Motorcycle,2,12,Wet,8,1,0,2,9,25,85,No Junction,High
18,Sunday,4,1,1,State Highway,Rainy,5,12,60,Truck,3,7,Under Construction,10,1,0,1,5,24,100,No Junction,High
7,Friday,4,1,0,Urban Road,Clear,8,10,40,Car,4,2,Wet,8,0,1,2,9,32,51,Intersection,High
14,Friday,2,0,0,State Highway,Rainy,6,30,60,Car,1,0,Dry,7,0,0,1,5,29,68,No Junction,Medium
12,Wednesday,3,0,0,Residential,Cloudy,1,69,40,Motorcycle,1,4,Dry,6,1,0,1,9,39,46,T-Junction,Medium
20,Thursday,3,1,0,Residential,Foggy,7,20,40,Bicycle,1,5,Dry,12,0,0,0,1,37,69,Intersection,High
17,Tuesday,5,1,0,Urban Road,Clear,7,10,40,Motorcycle,1,6,Wet,13,0,0,0,7,28,89,No Junction,Medium
15,Tuesday,1,0,0,State Highway,Rainy,7,56,60,Car,1,0,Wet,8,0,0,0,5,21,75,T-Junction,Medium
7,Monday,9,1,0,Urban Road,Foggy,8,10,40,Bus,1,2,Slippery,11,0,0,0,3,30,85,No Junction,Medium
16,Wednesday,8,0,0,National Highway,Cloudy,6,31,80,Auto,2,7,Dry,10,1,0,1,8,29,94,T-Junction,High
7,Saturday,8,1,1,Residential,Clear,7,10,40,Bus,3,16,Slippery,7,0,0,0,8,19,99,No Junction,Medium
10,Saturday,3,1,1,Urban Road,Clear,9,10,40,Motorcycle,1,7,Wet,8,0,0,0,5,26,71,T-Junction,Medium
7,Tuesday,2,1,0,National Highway,Cloudy,10,10,80,Auto,2,7,Dry,6,0,0,3,5,29,47,Intersection,High
18,Thursday,1,1,0,State Highway,Clear,5,42,60,Motorcycle,4,0,Good,14,0,1,0,6,28,52,Intersection,High
8,Friday,12,1,0,State Highway,Rainy,8,14,60,Car,3,6,Dry,10,0,1,0,7,22,62,T-Junction,Medium
12,Sunday,6,0,1,Urban Road,Rainy,1,38,40,Auto,1,0,Wet,8,0,1,2,5,27,59,Intersection,Medium
21,Monday,10,0,0,National Highway,Heavy Rain,7,51,80,Truck,2,5,Good,6,0,0,0,5,27,36,No Junction,High
8,Thursday,1,1,0,Residential,Clear,6,43,40,Car,2,13,Dry,9,0,1,1,7,30,64,Intersection,Medium
14,Tuesday,11,0,0,Residential,Rainy,8,24,40,Car,1,3,Dry,4,0,0,2,6,22,67,No Junction,Medium
12,Wednesday,5,0,0,National Highway,Rainy,4,27,80,Truck,2,6,Wet,5,0,0,1,8,35,47,T-Junction,Medium
1,Monday,9,0,0,Highway,Clear,3,25,80,Bus,1,2,Dry,7,1,0,0,8,30,63,No Junction,Medium
19,Tuesday,11,1,0,Highway,Clear,5,30,80,Bicycle,2,8,Wet,6,0,0,0,7,20,41,No Junction,High
5,Saturday,9,0,1,Residential,Clear,5,10,40,Car,2,4,Under Construction,7,0,1,0,5,29,69,Y-Junction,Medium
13,Monday,12,0,0,Highway,Clear,5,30,80,Bus,2,0,Wet,10,0,0,1,8,28,48,No Junction,Medium
16,Tuesday,4,0,0,Residential,Clear,5,10,40,Car,1,5,Wet,13,0,0,1,5,27,71,T-Junction,Medium
17,Saturday,7,1,1,Urban Road,Clear,4,17,40,Truck,2,13,Slippery,10,0,0,1,9,19,77,T-Junction,Medium
17,Sunday,11,1,1,Highway,Rainy,6,56,80,Car,3,8,Under Construction,7,0,0,0,5,26,81,T-Junction,High
8,Saturday,7,1,1,Urban Road,Heavy Rain,7,15,40,Motorcycle,3,6,Slippery,11,0,0,0,2,24,100,Intersection,High
0,Friday,4,0,0,Urban Road,Heavy Rain,9,48,40,Motorcycle,2,3,Good,8,0,1,1,2,25,74,Y-Junction,High
18,Wednesday,5,1,0,Highway,Rainy,4,22,80,Auto,1,4,Wet,3,0,0,3,5,33,64,T-Junction,High
15,Friday,11,0,0,Highway,Cloudy,5,54,80,Motorcycle,2,12,Dry,11,0,0,1,6,23,83,No Junction,Medium
19,Tuesday,9,1,0,Urban Road,Cloudy,5,10,40,Truck,2,5,Dry,4,0,0,2,6,41,33,No Junction,Medium
19,Sunday,7,1,1,State Highway,Cloudy,6,10,60,Auto,4,7,Under Construction,8,0,0,1,5,42,56,T-Junction,High
20,Thursday,7,1,0,State Highway,Rainy,7,44,60,Car,3,7,Dry,5,0,0,1,7,30,55,No Junction,High
14,Sunday,10,0,1,Highway,Foggy,6,29,80,Car,3,1,Slippery,4,1,0,0,4,20,49,T-Junction,High
10,Sunday,7,1,1,Urban Road,Clear,5,10,40,Car,4,0,Wet,6,0,0,0,7,20,60,Intersection,Medium
19,Sunday,9,1,1,Urban Road,Rainy,7,29,40,Car,1,1,Good,3,0,0,0,7,30,100,T-Junction,Medium
13,Friday,5,0,0,Urban Road,Clear,7,27,40,Motorcycle,2,0,Slippery,5,0,1,0,8,26,60,No Junction,Medium
8,Thursday,6,1,0,National Highway,Rainy,5,40,80,Car,4,11,Slippery,9,0,0,1,7,23,75,T-Junction,High
20,Saturday,3,1,1,Urban Road,Rainy,2,10,40,Car,2,2,Under Construction,9,0,1,0,8,28,48,Intersection,Low
20,Tuesday,1,1,0,Urban Road,Clear,4,23,40,Car,4,3,Good,3,0,0,0,7,20,49,T-Junction,Medium
13,Wednesday,11,0,0,Urban Road,Cloudy,2,44,40,Car,4,8,Dry,10,0,0,3,5,42,46,No Junction,High
6,Thursday,12,0,0,National Highway,Clear,4,64,80,Motorcycle,1,3,Good,15,0,0,1,7,31,50,T-Junction,Medium
11,Tuesday,2,0,0,Urban Road,Clear,5,47,40,Bus,4,9,Dry,13,1,1,0,5,37,94,T-Junction,High
19,Thursday,8,1,0,Residential,Clear,4,10,40,Bicycle,1,15,Slippery,6,1,0,0,5,33,57,No Junction,High
21,Friday,1,0,0,Urban Road,Clear,7,40,40,Car,2,11,Dry,6,1,0,1,6,32,49,Y-Junction,High
8,Tuesday,10,1,0,Urban Road,Heavy Rain,10,10,40,Truck,3,9,Wet,5,0,0,0,2,22,74,Intersection,High
5,Friday,7,0,0,State Highway,Clear,4,14,60,Motorcycle,1,3,Under Construction,13,0,0,2,9,12,67,Intersection,Low
20,Monday,5,1,0,Highway,Clear,4,41,80,Bus,2,5,Wet,6,0,1,1,5,34,99,Intersection,High
11,Tuesday,6,0,0,Residential,Clear,6,43,40,Car,1,6,Wet,5,0,0,1,9,28,72,Intersection,Medium
15,Thursday,8,0,0,Residential,Clear,5,19,40,Car,3,11,Dry,10,0,0,0,9,41,93,Intersection,Low
22,Monday,4,0,0,Highway,Clear,3,17,80,Motorcycle,4,6,Good,11,0,0,0,7,25,41,T-Junction,Medium
5,Friday,6,0,0,Highway,Rainy,8,41,80,Bicycle,3,5,Dry,10,0,0,1,9,28,62,T-Junction,High
17,Friday,11,1,0,Residential,Clear,5,39,40,Motorcycle,2,12,Dry,4,0,0,2,9,25,79,No Junction,Medium
6,Thursday,3,0,0,Urban Road,Foggy,7,36,40,Car,3,10,Wet,9,0,0,2,2,36,51,No Junction,High
11,Monday,7,0,0,Urban Road,Foggy,4,37,40,Truck,4,0,Wet,12,0,0,0,1,13,66,T-Junction,High
19,Sunday,2,1,1,Highway,Clear,7,10,80,Auto,2,8,Wet,8,0,0,1,9,30,41,Roundabout,Medium
12,Saturday,12,0,1,State Highway,Heavy Rain,2,53,60,Bus,4,4,Dry,8,0,0,0,5,24,63,T-Junction,Medium
23,Wednesday,8,0,0,State Highway,Foggy,6,13,60,Auto,4,17,Dry,8,0,0,3,4,28,35,Roundabout,High
15,Thursday,7,0,0,State Highway,Clear,3,24,60,Car,1,5,Good,7,0,1,0,6,37,49,Intersection,Low
10,Friday,12,1,0,Urban Road,Heavy Rain,10,10,40,Car,4,7,Good,9,0,0,0,2,21,39,No Junction,High
8,Tuesday,12,1,0,Urban Road,Cloudy,7,35,40,Bus,1,10,Under Construction,10,0,0,1,5,21,60,No Junction,Medium
11,Monday,8,0,0,Urban Road,Foggy,2,55,40,Motorcycle,1,11,Slippery,11,0,0,1,2,39,75,No Junction,High
11,Saturday,2,0,1,Highway,Rainy,3,18,80,Motorcycle,2,8,Dry,7,0,0,0,8,25,37,No Junction,Low
5,Wednesday,3,0,0,State Highway,Rainy,4,16,60,Motorcycle,1,8,Wet,8,0,0,0,6,24,74,T-Junction,Medium
11,Tuesday,12,0,0,State Highway,Heavy Rain,2,85,60,Car,4,10,Slippery,6,0,0,1,4,24,52,Intersection,High
13,Monday,4,0,0,State Highway,Rainy,7,58,60,Auto,3,6,Dry,12,0,1,0,5,18,22,No Junction,Medium
18,Saturday,12,1,1,Urban Road,Clear,7,10,40,Truck,2,5,Dry,6,1,0,3,5,37,80,Intersection,High
17,Thursday,9,1,0,State Highway,Clear,3,44,60,Car,3,9,Wet,7,0,1,3,5,36,72,Intersection,High
18,Saturday,12,1,1,National Highway,Clear,7,10,80,Motorcycle,3,8,Wet,8,0,0,0,7,17,57,T-Junction,High
0,Thursday,12,0,0,Urban Road,Clear,2,29,40,Motorcycle,2,6,Dry,8,0,0,1,7,25,82,Intersection,Medium
8,Sunday,5,1,1,Urban Road,Clear,5,10,40,Motorcycle,1,8,Dry,3,1,0,1,9,18,100,No Junction,Medium
17,Monday,6,1,0,Urban Road,Clear,5,10,40,Bicycle,2,11,Good,9,0,0,1,5,32,67,Intersection,Medium
14,Saturday,1,0,1,Highway,Clear,3,44,80,Motorcycle,3,5,Dry,9,0,1,2,8,31,88,No Junction,High
0,Wednesday,4,0,0,State Highway,Rainy,3,50,60,Motorcycle,4,0,Wet,8,0,0,0,5,22,32,Intersection,Medium
19,Saturday,4,1,1,Urban Road,Rainy,8,10,40,Car,1,4,Wet,9,0,0,0,6,25,72,T-Junction,Medium
19,Monday,10,1,0,Residential,Clear,8,38,40,Motorcycle,2,9,Under Construction,7,1,0,2,7,36,74,Y-Junction,High
15,Tuesday,8,0,0,Residential,Clear,5,32,40,Motorcycle,2,5,Slippery,3,1,0,0,5,27,73,T-Junction,High
5,Tuesday,8,0,0,Urban Road,Clear,3,61,40,Auto,2,5,Dry,11,0,0,0,9,24,36,No Junction,Medium
18,Saturday,10,1,1,Highway,Rainy,6,10,80,Bicycle,1,3,Dry,3,0,0,0,5,33,53,T-Junction,Medium
16,Saturday,6,0,1,National Highway,Clear,4,10,80,Bus,2,7,Wet,5,0,0,2,9,28,71,Intersection,Medium
19,Thursday,8,1,0,Highway,Cloudy,6,36,80,Bus,4,8,Dry,11,0,0,1,7,35,63,Roundabout,High
18,Monday,9,1,0,State Highway,Cloudy,7,10,60,Car,4,5,Dry,3,0,0,0,7,33,57,Y-Junction,Medium
19,Thursday,5,1,0,State Highway,Clear,7,86,60,Auto,5,8,Dry,7,1,0,0,9,31,78,Intersection,High
14,Wednesday,1,0,0,Highway,Clear,7,10,80,Auto,2,11,Dry,13,0,0,2,6,22,51,T-Junction,High
7,Sunday,1,1,1,National Highway,Cloudy,7,45,80,Car,1,3,Dry,8,0,0,0,7,36,57,No Junction,Medium
17,Tuesday,2,1,0,Urban Road,Rainy,9,45,40,Motorcycle,3,5,Dry,3,0,0,0,9,28,76,No Junction,Medium
17,Friday,2,1,0,Residential,Clear,5,41,40,Motorcycle,2,6,Dry,10,0,0,2,7,28,87,Y-Junction,High
18,Friday,5,1,0,Residential,Clear,10,19,40,Truck,3,5,Under Construction,9,0,0,0,5,18,70,Y-Junction,Medium
7,Monday,7,1,0,Urban Road,Rainy,6,10,40,Car,2,4,Good,8,0,1,3,8,23,97,No Junction,High
8,Monday,7,1,0,Highway,Clear,9,24,80,Truck,1,8,Dry,3,0,0,0,6,22,96,Roundabout,Medium
21,Friday,4,0,0,State Highway,Clear,6,31,60,Bus,3,5,Dry,11,0,0,0,8,31,100,Intersection,Medium
18,Monday,4,1,0,Residential,Clear,7,10,40,Car,2,10,Good,13,1,0,0,6,33,44,Roundabout,Medium
21,Tuesday,11,0,0,Highway,Rainy,5,10,80,Car,2,6,Slippery,7,0,1,1,5,26,63,Intersection,High
18,Wednesday,10,1,0,Residential,Clear,10,10,40,Car,4,3,Under Construction,6,0,1,0,9,28,67,No Junction,High
16,Wednesday,3,0,0,Residential,Rainy,8,34,40,Bus,2,7,Dry,9,0,0,1,9,27,44,Intersection,Medium
17,Thursday,11,1,0,Urban Road,Clear,7,65,40,Car,3,13,Wet,9,0,0,0,9,38,61,T-Junction,High
20,Tuesday,2,1,0,Highway,Clear,7,11,80,Auto,2,6,Good,9,1,0,2,5,14,51,T-Junction,High
16,Sunday,3,0,1,Urban Road,Clear,2,28,40,Motorcycle,2,7,Wet,8,0,1,0,8,21,21,T-Junction,Medium
17,Monday,8,1,0,Highway,Rainy,5,28,80,Car,3,11,Slippery,9,0,0,0,7,26,43,T-Junction,High
7,Monday,1,1,0,Urban Road,Rainy,6,30,40,Car,1,2,Slippery,10,0,0,1,9,29,65,Roundabout,Low
13,Sunday,4,0,1,National Highway,Cloudy,3,39,80,Car,3,7,Under Construction,15,1,0,2,7,25,99,Intersection,High
18,Thursday,7,1,0,Highway,Clear,8,28,80,Car,1,5,Good,9,0,0,0,8,18,38,T-Junction,Medium
9,Thursday,5,1,0,Urban Road,Heavy Rain,10,31,40,Car,2,1,Dry,8,0,0,1,3,31,89,Intersection,High
8,Monday,2,1,0,State Highway,Rainy,2,10,60,Bus,1,5,Dry,3,0,0,1,7,38,65,T-Junction,Low
10,Monday,1,1,0,Highway,Clear,4,25,80,Car,1,6,Dry,3,0,0,0,7,18,62,Y-Junction,Medium
8,Sunday,6,1,1,Highway,Clear,6,45,80,Car,1,0,Under Construction,8,0,0,0,5,30,48,No Junction,Medium
8,Tuesday,5,1,0,Residential,Clear,4,10,40,Bus,1,0,Dry,7,0,0,2,8,34,56,T-Junction,Medium
12,Sunday,3,0,1,State Highway,Clear,6,26,60,Motorcycle,2,3,Dry,5,0,0,0,7,30,59,No Junction,Medium
21,Thursday,11,0,0,State Highway,Cloudy,6,14,60,Car,2,7,Under Construction,5,0,1,3,9,34,79,T-Junction,Medium
14,Sunday,11,0,1,State Highway,Clear,5,59,60,Car,2,5,Wet,9,0,0,1,9,25,61,No Junction,Medium
8,Sunday,11,1,1,Urban Road,Clear,3,10,40,Car,2,12,Under Construction,6,0,0,0,8,22,100,Y-Junction,Low
6,Sunday,9,0,1,State Highway,Rainy,1,60,60,Auto,2,5,Wet,5,0,0,2,5,35,41,No Junction,Medium
18,Tuesday,3,1,0,Highway,Clear,9,30,80,Motorcycle,4,5,Dry,4,0,0,1,7,30,94,T-Junction,High
11,Saturday,2,0,1,Urban Road,Clear,1,68,40,Truck,1,6,Dry,5,1,0,1,5,29,50,Intersection,High
19,Monday,5,1,0,Urban Road,Clear,7,15,40,Bus,4,9,Wet,6,0,0,0,8,29,52,No Junction,High
17,Friday,9,1,0,Highway,Clear,5,16,80,Motorcycle,2,3,Dry,7,0,0,2,6,19,73,Intersection,High
19,Sunday,8,1,1,Urban Road,Cloudy,3,34,40,Car,2,8,Wet,8,0,0,2,9,24,41,Intersection,Medium
9,Friday,6,1,0,Residential,Clear,6,53,40,Auto,2,8,Wet,6,0,0,0,7,29,96,Intersection,High
18,Saturday,3,1,1,Urban Road,Clear,10,10,40,Motorcycle,2,3,Dry,3,1,0,0,7,38,62,No Junction,High
9,Monday,6,1,0,Urban Road,Clear,7,10,40,Car,1,10,Wet,4,1,0,0,8,21,67,No Junction,Medium
22,Thursday,5,0,0,Residential,Clear,6,53,40,Bus,4,9,Under Construction,6,0,0,0,8,23,65,No Junction,Medium
17,Friday,1,1,0,Residential,Rainy,6,10,40,Auto,2,10,Good,11,0,0,2,5,31,84,No Junction,Medium
10,Thursday,5,1,0,Urban Road,Cloudy,9,31,40,Truck,1,9,Wet,7,1,0,3,9,13,48,No Junction,High
9,Friday,7,1,0,Urban Road,Clear,9,19,40,Motorcycle,2,11,Dry,9,0,0,1,5,26,40,Intersection,High
8,Thursday,9,1,0,Urban Road,Rainy,7,35,40,Bicycle,1,8,Under Construction,12,0,0,1,8,20,68,T-Junction,Medium
18,Sunday,12,1,1,Highway,Rainy,4,10,80,Car,2,0,Slippery,7,1,0,1,9,40,62,T-Junction,High
8,Friday,1,1,0,State Highway,Foggy,7,10,60,Car,2,0,Good,7,0,0,0,4,32,56,No Junction,High
16,Thursday,3,0,0,Highway,Rainy,6,19,80,Car,1,7,Wet,8,1,0,0,5,22,83,T-Junction,High
9,Saturday,8,1,1,Highway,Rainy,7,15,80,Car,3,11,Dry,8,0,0,1,5,28,57,T-Junction,High
17,Tuesday,6,1,0,Highway,Rainy,6,21,80,Motorcycle,2,0,Good,4,0,0,2,5,22,37,Intersection,High
19,Thursday,5,1,0,State Highway,Rainy,8,10,60,Motorcycle,2,7,Wet,9,0,0,3,6,21,100,No Junction,High
19,Tuesday,10,1,0,Highway,Clear,6,15,80,Car,1,10,Dry,8,0,0,0,5,20,50,Intersection,Medium
18,Tuesday,2,1,0,Residential,Rainy,9,10,40,Car,2,1,Wet,5,1,0,3,7,23,77,Intersection,High
8,Monday,3,1,0,Highway,Rainy,7,31,80,Motorcycle,2,5,Dry,7,1,0,3,5,30,62,Y-Junction,High
6,Sunday,12,0,1,State Highway,Clear,1,25,60,Motorcycle,1,7,Slippery,3,0,0,0,8,35,20,No Junction,Low
18,Saturday,2,1,1,National Highway,Clear,7,31,80,Auto,1,1,Wet,3,1,1,0,5,21,49,No Junction,High
11,Tuesday,1,0,0,Urban Road,Clear,5,10,40,Car,2,10,Dry,10,0,0,0,8,22,60,T-Junction,Low
12,Wednesday,7,0,0,State Highway,Cloudy,4,44,60,Motorcycle,1,6,Under Construction,7,0,0,0,8,41,20,Y-Junction,Low
3,Sunday,3,0,1,Residential,Clear,3,42,40,Car,2,5,Wet,11,0,1,1,9,28,42,Intersection,Medium
8,Tuesday,7,1,0,State Highway,Cloudy,4,28,60,Car,4,0,Dry,8,0,1,0,6,26,52,Roundabout,Medium
3,Thursday,12,0,0,State Highway,Foggy,3,19,60,Car,2,6,Dry,8,0,0,0,1,23,58,No Junction,Medium
20,Tuesday,7,1,0,Urban Road,Clear,5,51,40,Bus,2,2,Under Construction,7,0,0,1,8,24,90,T-Junction,Medium
8,Thursday,8,1,0,Urban Road,Clear,8,15,40,Car,3,10,Dry,4,0,0,0,7,28,60,T-Junction,Medium
15,Thursday,1,0,0,National Highway,Clear,6,10,80,Auto,1,7,Under Construction,9,0,1,1,5,34,53,T-Junction,Medium
3,Wednesday,5,0,0,Urban Road,Cloudy,2,64,40,Truck,5,1,Dry,5,0,0,3,6,21,82,No Junction,High
17,Tuesday,10,1,0,National Highway,Cloudy,6,10,80,Car,1,1,Dry,8,0,1,1,6,26,47,No Junction,Medium
10,Tuesday,9,1,0,Residential,Clear,7,13,40,Car,2,5,Slippery,5,0,0,2,9,38,100,Roundabout,Medium
21,Friday,12,0,0,Urban Road,Clear,6,53,40,Car,5,8,Wet,10,0,0,0,8,18,50,Y-Junction,Medium
20,Sunday,11,1,1,Residential,Cloudy,1,38,40,Car,2,9,Dry,9,0,0,0,8,35,57,Intersection,Medium
10,Friday,7,1,0,State Highway,Clear,4,10,60,Truck,1,0,Good,11,1,1,1,7,40,60,Intersection,Medium
21,Monday,1,0,0,Urban Road,Heavy Rain,3,13,40,Car,2,4,Dry,10,0,0,1,4,28,77,Y-Junction,Medium
23,Thursday,8,0,0,Highway,Rainy,1,29,80,Car,1,1,Under Construction,7,0,1,0,5,35,82,No Junction,Medium
19,Wednesday,3,1,0,Residential,Foggy,9,15,40,Truck,3,10,Slippery,12,0,0,2,3,16,71,No Junction,High
20,Friday,4,1,0,National Highway,Rainy,7,21,80,Motorcycle,4,5,Dry,9,0,1,3,9,26,54,Intersection,High
8,Tuesday,4,1,0,Residential,Clear,8,52,40,Auto,4,3,Wet,3,0,0,0,9,34,41,T-Junction,High
16,Monday,10,0,0,Highway,Clear,3,12,80,Car,1,11,Good,6,0,0,2,9,19,72,T-Junction,Medium
5,Wednesday,12,0,0,Urban Road,Heavy Rain,5,54,40,Motorcycle,5,8,Wet,7,0,1,0,2,35,75,No Junction,High
6,Saturday,8,0,1,National Highway,Clear,4,58,80,Car,3,5,Wet,11,1,0,0,8,43,82,T-Junction,High
23,Tuesday,1,0,0,Highway,Clear,4,62,80,Car,3,3,Dry,6,0,0,1,6,23,38,T-Junction,Medium
10,Tuesday,8,1,0,Urban Road,Foggy,9,10,40,Bus,2,0,Slippery,5,0,0,0,3,32,65,T-Junction,High
18,Saturday,9,1,1,Highway,Cloudy,6,14,80,Car,2,4,Good,3,0,0,0,9,33,40,T-Junction,Medium
19,Thursday,9,1,0,Urban Road,Clear,7,20,40,Motorcycle,1,4,Slippery,11,1,0,0,6,37,67,T-Junction,High
20,Thursday,5,1,0,Urban Road,Rainy,6,14,40,Bus,2,10,Slippery,12,0,1,1,5,21,53,Y-Junction,High
23,Friday,4,0,0,Urban Road,Clear,3,46,40,Car,3,0,Dry,4,0,0,1,7,24,51,Y-Junction,Medium
8,Friday,4,1,0,State Highway,Cloudy,7,17,60,Car,2,7,Under Construction,3,0,0,0,9,31,91,Intersection,Medium
4,Tuesday,9,0,0,Urban Road,Clear,5,59,40,Car,4,8,Dry,11,0,0,0,8,28,87,Y-Junction,Medium
12,Sunday,8,0,1,Urban Road,Clear,3,57,40,Auto,1,4,Slippery,11,0,0,2,8,38,69,No Junction,Medium
7,Tuesday,10,1,0,Urban Road,Clear,9,10,40,Auto,1,5,Dry,5,0,1,0,8,26,53,Intersection,Medium
2,Friday,10,0,0,National Highway,Rainy,4,40,80,Car,2,7,Wet,7,0,1,1,5,25,79,T-Junction,High
11,Saturday,12,0,1,Residential,Clear,5,10,40,Bus,4,5,Slippery,9,0,0,1,6,30,83,Intersection,Medium
19,Friday,7,1,0,Highway,Rainy,4,10,80,Bicycle,3,14,Slippery,4,0,0,2,9,30,64,No Junction,High
16,Tuesday,12,0,0,Highway,Rainy,3,39,80,Car,1,10,Under Construction,5,0,1,0,9,27,81,Intersection,Medium
10,Wednesday,3,1,0,Residential,Cloudy,4,10,40,Truck,1,7,Dry,6,0,0,3,9,22,65,No Junction,Medium
17,Tuesday,4,1,0,State Highway,Rainy,5,51,60,Car,1,5,Dry,5,0,0,0,9,28,54,No Junction,Medium
8,Wednesday,9,1,0,Urban Road,Clear,9,10,40,Motorcycle,3,9,Good,16,0,0,0,7,30,70,Intersection,Medium
1,Wednesday,8,0,0,Urban Road,Clear,2,73,40,Car,2,5,Dry,11,0,0,0,9,22,42,Intersection,Medium
18,Tuesday,12,1,0,Residential,Cloudy,9,20,40,Motorcycle,2,1,Slippery,7,0,1,0,7,21,45,T-Junction,High
17,Sunday,12,1,1,Residential,Heavy Rain,5,21,40,Truck,4,8,Good,8,0,0,0,2,30,32,Intersection,High
18,Sunday,1,1,1,Residential,Clear,3,24,40,Truck,2,4,Under Construction,3,0,0,0,8,45,95,No Junction,Low
3,Monday,3,0,0,Highway,Foggy,4,11,80,Auto,4,7,Wet,9,0,0,1,2,35,54,Intersection,High
19,Friday,12,1,0,Highway,Clear,6,10,80,Car,1,4,Wet,10,0,0,3,8,26,91,No Junction,Medium
17,Sunday,10,1,1,Urban Road,Cloudy,6,15,40,Car,3,2,Wet,5,0,0,1,8,26,26,Intersection,Medium
16,Thursday,2,0,0,Urban Road,Clear,2,49,40,Car,1,14,Dry,6,0,0,0,5,29,100,T-Junction,Medium
17,Tuesday,2,1,0,National Highway,Clear,6,38,80,Motorcycle,2,2,Dry,5,1,0,0,7,24,60,Y-Junction,High
20,Wednesday,8,1,0,Highway,Rainy,3,52,80,Motorcycle,2,7,Under Construction,12,0,1,1,9,30,70,T-Junction,High
16,Tuesday,6,0,0,Residential,Cloudy,4,10,40,Car,1,10,Dry,12,0,1,0,5,19,40,T-Junction,Medium
16,Friday,12,0,0,Urban Road,Cloudy,3,48,40,Bicycle,1,7,Wet,9,0,0,1,9,25,61,T-Junction,Medium
23,Saturday,12,0,1,Urban Road,Clear,2,35,40,Bus,4,11,Wet,8,0,0,0,8,36,51,T-Junction,Medium
18,Sunday,12,1,1,State Highway,Heavy Rain,7,56,60,Car,3,8,Dry,4,1,1,0,2,32,46,No Junction,High
13,Sunday,6,0,1,Residential,Rainy,6,76,40,Motorcycle,3,0,Dry,5,0,0,0,9,32,58,Intersection,Medium
18,Sunday,4,1,1,National Highway,Rainy,6,45,80,Auto,1,0,Slippery,7,1,1,0,9,34,31,T-Junction,High
11,Wednesday,1,0,0,Highway,Cloudy,2,31,80,Car,3,6,Wet,5,0,1,1,6,26,100,T-Junction,High
8,Thursday,11,1,0,Highway,Clear,6,10,80,Motorcycle,1,1,Slippery,9,1,1,1,5,19,59,No Junction,High
16,Thursday,7,0,0,Highway,Clear,7,10,80,Bus,1,7,Dry,3,0,0,3,5,29,88,No Junction,Medium
21,Sunday,8,0,1,Urban Road,Heavy Rain,5,34,40,Car,2,13,Dry,4,1,1,1,5,30,100,Roundabout,High
21,Thursday,2,0,0,Urban Road,Clear,9,34,40,Bus,2,7,Dry,6,0,0,2,8,38,51,Intersection,Medium
10,Saturday,2,1,1,State Highway,Cloudy,3,22,60,Car,1,6,Dry,3,0,0,0,5,23,72,T-Junction,Medium
15,Sunday,1,0,1,Urban Road,Cloudy,2,50,40,Motorcycle,5,11,Dry,11,0,0,1,6,26,74,No Junction,High
8,Monday,4,1,0,National Highway,Clear,8,32,80,Bicycle,1,11,Slippery,11,0,1,0,6,35,39,No Junction,Medium
23,Wednesday,6,0,0,Urban Road,Cloudy,5,58,40,Motorcycle,2,8,Dry,3,0,0,2,8,33,81,Intersection,High
23,Saturday,5,0,1,Residential,Clear,1,24,40,Auto,3,4,Dry,8,0,1,2,7,19,92,Intersection,Medium
17,Wednesday,4,1,0,Urban Road,Rainy,5,25,40,Auto,1,5,Dry,6,0,0,0,9,35,56,Y-Junction,Low
19,Sunday,4,1,1,Highway,Clear,6,29,80,Motorcycle,2,3,Slippery,7,0,0,0,8,38,73,No Junction,Medium
18,Saturday,10,1,1,State Highway,Clear,6,10,60,Auto,1,4,Wet,9,0,1,0,6,25,67,Y-Junction,Medium
16,Sunday,7,0,1,Highway,Cloudy,5,39,80,Car,2,8,Dry,3,1,1,0,5,35,60,Intersection,High
5,Saturday,7,0,1,State Highway,Rainy,7,51,60,Car,2,8,Slippery,11,1,0,1,6,32,85,Intersection,High
13,Sunday,2,0,1,Residential,Rainy,7,57,40,Auto,1,6,Wet,9,0,0,0,5,22,51,No Junction,Medium
17,Monday,7,1,0,State Highway,Cloudy,4,10,60,Motorcycle,1,7,Dry,11,0,1,1,8,20,57,Intersection,Medium
17,Wednesday,2,1,0,Residential,Clear,8,22,40,Truck,4,8,Under Construction,3,0,0,0,9,30,36,T-Junction,Medium
11,Saturday,4,0,1,Urban Road,Rainy,2,49,40,Car,2,5,Dry,7,0,0,0,9,34,55,Roundabout,Low
22,Monday,1,0,0,Residential,Cloudy,8,41,40,Truck,1,6,Dry,9,0,0,1,8,25,84,T-Junction,Medium
7,Tuesday,5,1,0,Highway,Clear,6,36,80,Bus,2,8,Slippery,9,0,1,3,9,21,62,Intersection,High
14,Sunday,1,0,1,Urban Road,Foggy,1,41,40,Truck,2,3,Dry,10,0,0,2,1,15,52,Y-Junction,High
18,Friday,4,1,0,Highway,Rainy,9,10,80,Bicycle,5,8,Dry,9,0,0,2,7,28,27,Intersection,High
18,Saturday,9,1,1,Urban Road,Clear,8,24,40,Truck,4,0,Good,3,1,0,0,7,23,34,Intersection,High
17,Thursday,12,1,0,Highway,Clear,5,10,80,Car,2,6,Wet,11,0,0,0,7,23,37,Intersection,Medium
9,Monday,8,1,0,National Highway,Foggy,9,10,80,Car,1,3,Dry,6,0,1,0,3,38,65,Intersection,High
7,Monday,6,1,0,Urban Road,Clear,4,27,40,Motorcycle,1,0,Under Construction,8,0,0,0,7,32,100,T-Junction,Medium
17,Saturday,8,1,1,National Highway,Cloudy,4,16,80,Car,3,7,Dry,12,0,0,0,8,32,77,T-Junction,Medium
16,Monday,5,0,0,Highway,Clear,1,22,80,Motorcycle,2,4,Dry,7,1,1,2,7,27,62,Intersection,High
7,Tuesday,7,1,0,Residential,Rainy,8,19,40,Motorcycle,1,0,Dry,6,0,0,0,8,31,80,No Junction,Medium
18,Monday,8,1,0,Urban Road,Clear,7,30,40,Motorcycle,1,8,Slippery,4,0,0,0,7,29,54,Intersection,Medium
13,Friday,7,0,0,Urban Road,Foggy,4,54,40,Car,2,2,Dry,4,0,0,0,2,25,20,Intersection,High
17,Friday,4,1,0,State Highway,Foggy,6,28,60,Auto,4,5,Slippery,4,0,0,0,3,27,79,T-Junction,High
19,Sunday,5,1,1,National Highway,Cloudy,6,18,80,Auto,2,11,Dry,7,0,0,1,8,35,83,Y-Junction,Medium
7,Sunday,10,1,1,Urban Road,Rainy,6,25,40,Motorcycle,1,7,Wet,14,0,0,3,8,30,41,T-Junction,Medium
1,Thursday,6,0,0,National Highway,Clear,5,18,80,Truck,1,1,Dry,7,0,0,0,8,42,67,No Junction,Low
19,Tuesday,12,1,0,Residential,Cloudy,4,41,40,Car,1,7,Dry,7,0,1,0,7,35,86,T-Junction,Medium
16,Friday,11,0,0,National Highway,Clear,6,10,80,Car,2,11,Under Construction,10,1,1,1,5,27,37,Y-Junction,High
18,Saturday,6,1,1,Residential,Cloudy,6,11,40,Car,3,6,Wet,5,0,0,0,8,29,89,Y-Junction,Medium
19,Wednesday,9,1,0,National Highway,Heavy Rain,4,34,80,Motorcycle,2,7,Wet,12,0,0,0,4,28,82,T-Junction,High
19,Wednesday,10,1,0,State Highway,Clear,10,10,60,Auto,2,8,Dry,6,0,0,1,7,36,90,No Junction,Medium
22,Wednesday,2,0,0,Highway,Clear,3,36,80,Car,1,6,Slippery,11,1,0,0,5,21,100,No Junction,High
15,Sunday,6,0,1,Urban Road,Cloudy,2,42,40,Car,1,5,Dry,9,0,0,0,5,27,48,Roundabout,Low
14,Saturday,3,0,1,Urban Road,Cloudy,2,28,40,Car,2,7,Slippery,8,0,0,0,8,32,81,Roundabout,Low
12,Monday,2,0,0,Residential,Rainy,3,23,40,Car,3,7,Slippery,6,0,0,0,7,31,40,Roundabout,High
7,Saturday,6,1,1,State Highway,Cloudy,4,39,60,Truck,5,7,Dry,10,1,0,0,8,37,52,Intersection,High
16,Monday,4,0,0,State Highway,Cloudy,4,52,60,Motorcycle,4,8,Dry,7,0,0,0,9,25,100,Intersection,Medium
9,Wednesday,5,1,0,Residential,Rainy,8,10,40,Motorcycle,2,0,Slippery,6,0,0,0,6,18,80,No Junction,Medium
21,Thursday,5,0,0,Urban Road,Rainy,5,19,40,Truck,2,6,Dry,12,0,0,0,5,31,52,T-Junction,Medium
16,Thursday,3,0,0,Highway,Rainy,3,40,80,Truck,2,5,Under Construction,3,1,0,2,7,29,46,Intersection,High
16,Monday,12,0,0,Urban Road,Clear,6,10,40,Motorcycle,5,12,Dry,12,0,0,1,5,30,64,Roundabout,Medium
11,Wednesday,4,0,0,Residential,Clear,7,10,40,Car,4,5,Wet,14,0,0,0,7,25,49,No Junction,Medium
5,Saturday,3,0,1,Highway,Rainy,3,25,80,Auto,1,7,Dry,5,0,0,0,8,31,29,T-Junction,Low
3,Thursday,7,0,0,Urban Road,Rainy,4,63,40,Car,2,3,Dry,6,0,1,3,6,26,62,Intersection,High
12,Monday,1,0,0,Urban Road,Clear,4,23,40,Bus,2,9,Dry,4,0,0,0,6,32,38,No Junction,Low
6,Saturday,6,0,1,Highway,Cloudy,2,55,80,Truck,1,2,Dry,10,0,0,0,6,27,54,Intersection,Medium
16,Wednesday,4,0,0,Urban Road,Foggy,1,21,40,Bus,2,5,Dry,6,0,1,1,1,37,100,Roundabout,High
20,Tuesday,1,1,0,Highway,Clear,6,14,80,Auto,2,19,Wet,7,0,1,3,5,17,55,No Junction,High
20,Wednesday,1,1,0,National Highway,Clear,10,24,80,Car,3,4,Dry,9,0,1,0,7,17,35,Intersection,High
17,Sunday,5,1,1,Highway,Heavy Rain,5,27,80,Motorcycle,4,3,Dry,3,0,0,1,3,31,78,No Junction,High
8,Wednesday,5,1,0,State Highway,Clear,4,18,60,Car,2,2,Dry,3,0,0,2,7,19,67,T-Junction,Low
20,Saturday,10,1,1,Highway,Rainy,7,15,80,Car,1,4,Dry,9,0,0,0,5,29,85,T-Junction,Medium
20,Saturday,7,1,1,State Highway,Clear,5,61,60,Car,2,0,Slippery,6,0,0,0,8,25,64,Intersection,High
8,Friday,12,1,0,Residential,Clear,8,47,40,Motorcycle,1,2,Wet,5,0,0,2,9,36,65,Intersection,High
18,Friday,4,1,0,State Highway,Cloudy,7,10,60,Motorcycle,2,7,Good,8,0,0,1,9,28,71,No Junction,Low
9,Saturday,9,1,1,State Highway,Rainy,5,18,60,Motorcycle,2,9,Dry,7,0,0,1,9,24,89,Intersection,Low
19,Saturday,4,1,1,Residential,Cloudy,6,31,40,Car,5,0,Dry,5,0,0,0,5,38,42,No Junction,High
23,Tuesday,7,0,0,National Highway,Clear,8,47,80,Car,2,8,Dry,8,0,0,0,6,31,86,T-Junction,Medium
3,Tuesday,5,0,0,Residential,Rainy,4,80,40,Car,1,10,Dry,5,0,1,0,6,21,68,T-Junction,Medium
21,Wednesday,5,0,0,Residential,Clear,7,10,40,Car,1,2,Good,10,0,0,2,6,16,80,Roundabout,Medium
17,Sunday,6,1,1,Urban Road,Cloudy,7,20,40,Motorcycle,2,13,Wet,7,0,0,0,7,35,40,No Junction,Medium
23,Thursday,8,0,0,National Highway,Cloudy,6,14,80,Truck,1,11,Wet,13,0,0,3,6,30,49,No Junction,Medium
13,Sunday,5,0,1,State Highway,Rainy,5,51,60,Bus,2,3,Dry,4,0,0,2,9,33,31,T-Junction,High
20,Tuesday,3,1,0,Highway,Clear,6,23,80,Car,4,6,Under Construction,6,0,0,1,6,35,51,No Junction,High
5,Wednesday,6,0,0,Residential,Rainy,7,42,40,Car,2,10,Slippery,10,0,1,0,9,31,61,Intersection,High
10,Sunday,12,1,1,State Highway,Rainy,6,37,60,Motorcycle,2,9,Wet,4,1,0,1,9,29,39,No Junction,High
5,Monday,2,0,0,State Highway,Cloudy,3,57,60,Motorcycle,2,5,Under Construction,8,1,0,2,7,27,51,T-Junction,High
23,Friday,12,0,0,National Highway,Rainy,2,44,80,Car,3,3,Good,3,0,0,0,6,30,70,T-Junction,Medium
19,Sunday,12,1,1,Urban Road,Clear,7,29,40,Bus,5,10,Dry,4,0,0,2,8,26,85,Roundabout,High
20,Thursday,8,1,0,Urban Road,Rainy,3,10,40,Motorcycle,2,6,Dry,5,0,0,0,6,36,63,Intersection,Low
22,Wednesday,8,0,0,Urban Road,Rainy,3,13,40,Motorcycle,2,1,Dry,7,1,0,0,8,32,67,T-Junction,Medium
6,Sunday,3,0,1,Urban Road,Cloudy,1,65,40,Car,1,0,Wet,10,1,0,0,7,36,60,No Junction,Medium
11,Saturday,12,0,1,Urban Road,Cloudy,5,33,40,Car,1,3,Dry,7,0,0,0,5,30,51,Intersection,Medium
6,Monday,8,0,0,Urban Road,Cloudy,5,31,40,Auto,5,6,Under Construction,7,0,0,3,7,28,58,No Junction,Medium
8,Friday,9,1,0,Highway,Rainy,7,10,80,Truck,1,10,Wet,5,0,0,0,7,27,59,Roundabout,Medium
8,Monday,5,1,0,Urban Road,Rainy,7,11,40,Car,1,0,Under Construction,4,0,0,2,8,38,78,Intersection,Medium
13,Wednesday,5,0,0,Highway,Cloudy,5,32,80,Bicycle,2,4,Wet,11,0,1,0,7,20,83,No Junction,Medium
9,Tuesday,6,1,0,Residential,Clear,10,10,40,Car,2,6,Slippery,8,0,0,2,9,16,65,T-Junction,Medium
6,Friday,7,0,0,Urban Road,Foggy,2,51,40,Motorcycle,1,13,Dry,7,0,1,2,3,26,51,No Junction,High
7,Monday,3,1,0,Urban Road,Rainy,9,10,40,Bicycle,2,0,Good,12,1,1,0,7,27,21,Intersection,High
7,Tuesday,5,1,0,Urban Road,Clear,6,26,40,Auto,2,6,Slippery,3,0,1,0,8,34,45,Intersection,Medium
23,Thursday,1,0,0,Highway,Foggy,8,34,80,Motorcycle,2,4,Wet,11,0,1,0,1,36,70,No Junction,High
18,Wednesday,11,1,0,National Highway,Rainy,8,10,80,Truck,2,2,Dry,3,1,0,2,7,27,57,T-Junction,High
22,Wednesday,10,0,0,Urban Road,Clear,6,51,40,Motorcycle,1,7,Good,8,0,0,1,6,25,59,Intersection,Medium
12,Friday,5,0,0,State Highway,Rainy,5,16,60,Motorcycle,3,10,Dry,10,0,0,0,9,13,33,T-Junction,Low
9,Monday,4,1,0,Urban Road,Rainy,5,10,40,Motorcycle,2,0,Under Construction,3,0,0,0,9,42,57,No Junction,Low
19,Thursday,1,1,0,State Highway,Rainy,7,70,60,Motorcycle,1,2,Wet,11,0,0,0,9,31,79,T-Junction,Medium
10,Saturday,7,1,1,Urban Road,Rainy,6,30,40,Bus,2,0,Slippery,7,0,0,0,7,36,29,Intersection,High
9,Friday,1,1,0,Highway,Clear,8,29,80,Car,3,5,Good,5,0,0,0,9,34,20,T-Junction,Medium
8,Saturday,8,1,1,State Highway,Clear,7,10,60,Car,1,6,Wet,8,0,0,2,6,17,39,No Junction,Medium
7,Friday,10,1,0,Urban Road,Foggy,9,10,40,Car,3,8,Wet,9,1,0,1,2,25,69,Intersection,High
8,Monday,12,1,0,Residential,Heavy Rain,8,10,40,Auto,1,5,Dry,15,1,0,0,5,28,45,No Junction,High
11,Thursday,2,0,0,Urban Road,Cloudy,4,40,40,Bus,2,6,Dry,7,0,0,0,6,27,80,T-Junction,Medium
17,Monday,10,1,0,Residential,Rainy,5,10,40,Auto,2,12,Slippery,10,1,1,0,5,33,83,Intersection,High
5,Wednesday,12,0,0,National Highway,Rainy,6,27,80,Auto,2,9,Dry,8,1,1,0,5,19,36,T-Junction,High
8,Saturday,5,1,1,National Highway,Cloudy,3,37,80,Car,1,0,Dry,9,1,0,0,8,25,81,Roundabout,Medium
19,Tuesday,6,1,0,Urban Road,Rainy,7,40,40,Car,1,9,Dry,7,0,1,2,7,28,83,T-Junction,High
7,Sunday,9,1,1,Urban Road,Clear,8,10,40,Motorcycle,2,3,Dry,5,0,0,0,8,22,68,Roundabout,Low
10,Wednesday,7,1,0,National Highway,Rainy,7,41,80,Car,1,4,Slippery,9,0,0,0,8,33,59,Roundabout,Medium
20,Wednesday,6,1,0,State Highway,Rainy,5,28,60,Car,2,5,Dry,5,0,1,0,6,29,86,Intersection,Medium
7,Saturday,5,1,1,Highway,Foggy,5,10,80,Auto,2,2,Slippery,3,0,0,0,1,35,97,Intersection,High
6,Friday,6,0,0,Residential,Foggy,5,37,40,Auto,1,8,Dry,8,0,0,2,3,40,63,No Junction,High
14,Wednesday,11,0,0,Highway,Cloudy,4,50,80,Car,3,0,Dry,5,0,1,0,9,26,70,No Junction,High
9,Sunday,4,1,1,National Highway,Clear,6,40,80,Motorcycle,2,9,Dry,7,0,1,0,8,33,79,No Junction,Medium
16,Thursday,1,0,0,Highway,Rainy,6,29,80,Bicycle,2,11,Dry,3,0,0,0,5,16,100,Y-Junction,Medium
19,Wednesday,12,1,0,Residential,Foggy,6,37,40,Motorcycle,1,7,Wet,10,0,0,0,4,19,90,Y-Junction,High
7,Thursday,9,1,0,Residential,Clear,8,10,40,Motorcycle,2,8,Dry,3,0,0,1,8,29,54,No Junction,Medium
16,Monday,11,0,0,National Highway,Rainy,6,42,80,Motorcycle,2,0,Wet,9,0,0,0,5,26,90,T-Junction,Medium
14,Friday,5,0,0,State Highway,Cloudy,6,34,60,Car,5,1,Dry,9,0,0,1,9,37,23,No Junction,Medium
7,Thursday,8,1,0,Urban Road,Rainy,6,10,40,Car,2,6,Dry,8,0,0,1,6,31,75,Y-Junction,Medium
17,Wednesday,7,1,0,Residential,Clear,7,11,40,Auto,2,3,Slippery,11,1,0,2,5,19,100,No Junction,High
9,Friday,8,1,0,National Highway,Clear,6,55,80,Car,5,1,Slippery,4,0,0,1,5,29,39,T-Junction,High
14,Sunday,1,0,1,Residential,Cloudy,3,30,40,Car,1,10,Dry,13,0,0,1,8,25,61,No Junction,Low
6,Friday,9,0,0,Residential,Foggy,4,50,40,Car,4,4,Dry,5,0,0,1,1,36,55,T-Junction,High
13,Thursday,1,0,0,State Highway,Foggy,3,43,60,Motorcycle,3,10,Wet,9,0,0,1,1,26,58,No Junction,High
9,Thursday,3,1,0,Urban Road,Clear,9,19,40,Motorcycle,1,0,Slippery,13,0,1,0,7,26,83,T-Junction,High
19,Tuesday,8,1,0,Residential,Rainy,7,45,40,Motorcycle,2,1,Wet,7,0,0,0,9,22,82,T-Junction,Medium
5,Tuesday,12,0,0,Urban Road,Clear,3,61,40,Car,2,8,Dry,5,0,1,1,5,21,78,T-Junction,High
12,Friday,11,0,0,Urban Road,Clear,4,29,40,Motorcycle,1,5,Wet,10,1,0,0,7,23,69,No Junction,Medium
13,Saturday,1,0,1,State Highway,Clear,2,65,60,Motorcycle,2,10,Good,6,0,1,2,9,33,80,T-Junction,Medium
18,Saturday,1,1,1,Highway,Clear,6,21,80,Car,4,6,Dry,5,0,1,1,7,38,53,Intersection,High
16,Tuesday,6,0,0,Urban Road,Clear,4,69,40,Motorcycle,1,12,Wet,10,0,0,0,8,37,77,Intersection,Medium
17,Wednesday,5,1,0,Urban Road,Cloudy,7,34,40,Auto,3,10,Dry,10,0,0,3,5,30,75,Intersection,High
19,Monday,11,1,0,Highway,Heavy Rain,3,40,80,Truck,3,8,Wet,7,0,0,1,3,23,51,T-Junction,High
20,Friday,6,1,0,State Highway,Clear,3,61,60,Car,1,1,Dry,8,1,1,0,6,20,64,Intersection,High
10,Monday,3,1,0,Residential,Clear,6,69,40,Truck,4,2,Dry,8,0,0,0,8,29,66,T-Junction,Medium
15,Tuesday,10,0,0,Highway,Cloudy,6,47,80,Car,3,0,Slippery,7,0,0,0,5,21,62,No Junction,Medium
20,Thursday,12,1,0,Urban Road,Cloudy,7,16,40,Motorcycle,4,8,Dry,7,0,0,0,8,40,54,T-Junction,Medium
23,Sunday,10,0,1,Urban Road,Rainy,2,35,40,Bicycle,4,4,Good,3,0,1,0,6,32,49,No Junction,Medium
20,Friday,6,1,0,Highway,Clear,5,49,80,Bicycle,1,0,Dry,5,0,0,0,5,28,45,No Junction,Medium
11,Tuesday,2,0,0,State Highway,Clear,7,10,60,Auto,2,5,Wet,7,0,0,1,8,29,60,No Junction,Low
8,Wednesday,8,1,0,Urban Road,Cloudy,5,10,40,Motorcycle,2,5,Dry,14,0,0,2,8,28,68,No Junction,Medium
14,Sunday,12,0,1,State Highway,Cloudy,4,56,60,Truck,3,5,Wet,4,1,0,0,7,34,95,T-Junction,High
18,Friday,6,1,0,Highway,Foggy,4,10,80,Car,2,5,Good,6,0,0,1,3,30,31,Intersection,High
14,Friday,4,0,0,Urban Road,Cloudy,4,16,40,Auto,5,12,Dry,4,0,0,0,8,24,81,T-Junction,Medium
14,Saturday,4,0,1,Highway,Clear,5,44,80,Motorcycle,2,5,Under Construction,3,1,0,0,7,30,100,Intersection,Medium
19,Thursday,11,1,0,Highway,Clear,4,39,80,Motorcycle,2,0,Wet,12,0,0,0,5,26,25,No Junction,High
11,Friday,7,0,0,State Highway,Clear,3,40,60,Motorcycle,5,4,Slippery,9,0,0,2,7,25,100,No Junction,High
20,Thursday,3,1,0,Highway,Clear,9,10,80,Motorcycle,2,8,Dry,12,0,0,1,5,26,97,Y-Junction,High
12,Tuesday,11,0,0,Highway,Cloudy,7,41,80,Motorcycle,2,2,Slippery,3,0,0,0,5,27,67,T-Junction,High
10,Wednesday,3,1,0,National Highway,Cloudy,9,15,80,Motorcycle,2,7,Dry,9,0,0,1,5,10,60,Intersection,Medium
13,Sunday,6,0,1,Residential,Clear,4,32,40,Auto,3,6,Good,14,0,1,0,5,31,52,T-Junction,Medium
18,Sunday,9,1,1,Highway,Rainy,2,17,80,Bus,4,10,Slippery,10,0,0,0,8,32,58,T-Junction,Medium
7,Wednesday,1,1,0,National Highway,Rainy,5,33,80,Car,1,8,Wet,9,0,1,2,9,21,60,No Junction,High
8,Friday,5,1,0,Highway,Clear,7,16,80,Car,2,4,Good,5,0,0,0,9,18,57,Intersection,Low
22,Friday,1,0,0,State Highway,Cloudy,2,54,60,Motorcycle,1,4,Dry,12,0,0,0,5,36,55,No Junction,Low
7,Tuesday,1,1,0,Highway,Rainy,4,51,80,Car,1,2,Good,6,0,0,1,9,40,100,T-Junction,Medium
16,Saturday,3,0,1,Residential,Rainy,6,59,40,Truck,4,6,Slippery,9,0,0,2,5,27,63,Intersection,High
16,Saturday,3,0,1,Urban Road,Clear,2,67,40,Car,2,5,Dry,4,0,0,1,9,34,57,T-Junction,Medium
14,Saturday,4,0,1,Urban Road,Rainy,7,19,40,Car,4,0,Wet,7,0,0,0,6,27,72,Intersection,Medium
17,Thursday,3,1,0,Residential,Foggy,8,10,40,Car,2,3,Slippery,10,1,1,1,3,29,92,No Junction,High
8,Saturday,6,1,1,Residential,Clear,7,13,40,Auto,5,6,Wet,10,0,1,0,9,25,53,Roundabout,High
15,Wednesday,12,0,0,State Highway,Clear,5,36,60,Bicycle,2,2,Wet,8,1,1,0,5,32,84,T-Junction,High
11,Sunday,4,0,1,State Highway,Rainy,8,51,60,Car,3,10,Dry,14,0,1,2,7,29,71,No Junction,High
17,Sunday,8,1,1,Urban Road,Rainy,6,21,40,Motorcycle,4,6,Dry,7,0,0,3,7,36,57,Intersection,High
7,Thursday,1,1,0,Urban Road,Clear,6,43,40,Bus,2,2,Good,11,0,0,1,8,26,77,T-Junction,Medium
16,Tuesday,8,0,0,Residential,Clear,4,40,40,Motorcycle,1,6,Dry,6,0,0,0,8,30,96,T-Junction,Medium
8,Wednesday,11,1,0,Residential,Clear,7,24,40,Car,1,6,Good,4,0,0,0,9,32,70,Y-Junction,Low
9,Sunday,1,1,1,Urban Road,Cloudy,6,54,40,Car,3,7,Dry,7,0,1,0,8,30,81,T-Junction,High
8,Wednesday,11,1,0,Urban Road,Clear,7,49,40,Car,3,4,Dry,3,1,0,1,5,30,71,Intersection,High
8,Sunday,1,1,1,Residential,Clear,6,10,40,Car,2,6,Dry,8,1,0,0,8,36,100,Intersection,Medium
19,Monday,7,1,0,National Highway,Cloudy,8,20,80,Car,1,1,Good,8,0,0,0,6,21,71,Intersection,Medium
9,Tuesday,1,1,0,Residential,Cloudy,3,30,40,Auto,4,1,Dry,9,1,0,3,9,31,100,Intersection,High
21,Tuesday,9,0,0,Urban Road,Rainy,5,10,40,Auto,3,6,Dry,7,0,1,2,7,23,94,No Junction,Medium
22,Monday,8,0,0,Residential,Foggy,7,41,40,Auto,4,0,Under Construction,7,1,1,2,3,22,68,Intersection,High
16,Thursday,1,0,0,State Highway,Clear,5,34,60,Bus,4,4,Slippery,8,1,0,0,6,25,55,T-Junction,High
7,Sunday,2,1,1,State Highway,Clear,6,41,60,Truck,2,15,Under Construction,11,0,1,3,5,30,65,Intersection,High
11,Sunday,2,0,1,State Highway,Clear,4,19,60,Truck,3,9,Good,11,0,0,0,7,30,80,T-Junction,Low
19,Sunday,2,1,1,State Highway,Rainy,6,34,60,Auto,3,9,Good,11,0,1,1,6,26,76,Intersection,Medium
11,Saturday,6,0,1,Urban Road,Clear,5,10,40,Car,1,13,Slippery,3,0,0,0,8,32,47,Intersection,Low
6,Saturday,4,0,1,Urban Road,Clear,4,43,40,Bus,3,3,Wet,11,1,0,0,9,33,73,Roundabout,Medium
15,Saturday,8,0,1,State Highway,Cloudy,4,25,60,Auto,2,7,Wet,10,0,0,0,6,38,49,T-Junction,Medium
20,Saturday,1,1,1,Urban Road,Clear,5,15,40,Motorcycle,2,10,Dry,14,0,1,0,6,25,96,Intersection,Medium
19,Saturday,10,1,1,Urban Road,Clear,4,44,40,Bus,1,0,Slippery,6,0,1,2,8,23,42,No Junction,Medium
7,Monday,4,1,0,State Highway,Cloudy,3,10,60,Car,1,6,Dry,7,0,1,1,5,28,39,No Junction,Medium
17,Tuesday,10,1,0,State Highway,Clear,6,35,60,Motorcycle,3,3,Under Construction,8,0,0,0,8,19,70,T-Junction,Medium
8,Thursday,11,1,0,National Highway,Clear,6,10,80,Motorcycle,4,7,Wet,3,0,0,0,8,41,55,T-Junction,Medium
8,Wednesday,5,1,0,National Highway,Cloudy,10,13,80,Car,5,4,Good,3,0,0,0,7,26,73,No Junction,High
20,Saturday,9,1,1,Urban Road,Clear,7,10,40,Car,1,11,Dry,8,0,0,0,6,23,93,T-Junction,Medium
8,Monday,5,1,0,National Highway,Rainy,6,14,80,Bicycle,2,3,Slippery,4,0,0,0,6,28,100,No Junction,Medium
9,Sunday,11,1,1,Highway,Foggy,6,25,80,Bus,4,9,Wet,3,0,1,0,3,28,37,No Junction,High
0,Thursday,3,0,0,Residential,Clear,5,27,40,Car,1,10,Good,9,0,1,1,8,29,59,No Junction,Low
20,Thursday,11,1,0,Urban Road,Clear,8,34,40,Car,1,5,Dry,3,0,0,0,6,30,80,T-Junction,Medium
19,Thursday,4,1,0,Urban Road,Rainy,6,10,40,Motorcycle,2,2,Dry,10,0,0,3,6,22,87,No Junction,High
17,Monday,10,1,0,National Highway,Foggy,8,33,80,Bicycle,2,0,Wet,5,0,1,0,1,30,34,Roundabout,High
18,Wednesday,7,1,0,Urban Road,Rainy,5,47,40,Bicycle,1,13,Wet,5,0,0,2,5,26,56,No Junction,High
7,Saturday,1,1,1,Residential,Clear,5,33,40,Motorcycle,2,9,Dry,9,0,1,0,8,25,100,Y-Junction,Medium
13,Thursday,11,0,0,Highway,Clear,3,10,80,Motorcycle,4,7,Good,4,0,0,0,8,33,57,T-Junction,Medium
11,Monday,6,0,0,Highway,Clear,2,27,80,Motorcycle,2,1,Dry,13,0,1,3,7,18,83,No Junction,Medium
6,Sunday,8,0,1,Urban Road,Cloudy,8,32,40,Truck,3,11,Wet,7,0,0,0,7,32,92,No Junction,Medium
14,Tuesday,1,0,0,Residential,Clear,5,23,40,Car,3,5,Dry,7,1,0,0,9,38,88,Intersection,Medium
21,Sunday,8,0,1,Urban Road,Cloudy,4,24,40,Car,2,5,Dry,9,0,1,3,6,30,63,No Junction,Medium
4,Monday,7,0,0,Urban Road,Clear,3,61,40,Bus,3,14,Good,11,0,1,1,6,40,91,Y-Junction,Medium
9,Monday,1,1,0,Residential,Clear,9,10,40,Motorcycle,3,7,Wet,6,1,0,2,9,32,60,T-Junction,High
8,Monday,9,1,0,Highway,Rainy,7,22,80,Car,2,10,Under Construction,10,0,0,0,8,26,27,T-Junction,Medium
8,Thursday,11,1,0,Urban Road,Clear,6,10,40,Auto,3,0,Under Construction,10,0,0,0,6,23,20,Y-Junction,Medium
21,Monday,3,0,0,National Highway,Rainy,2,33,80,Truck,5,5,Under Construction,12,0,0,2,7,27,59,T-Junction,High
13,Tuesday,2,0,0,Urban Road,Cloudy,7,35,40,Truck,2,4,Wet,6,0,0,0,5,28,74,Y-Junction,Medium
13,Thursday,7,0,0,Urban Road,Cloudy,4,34,40,Truck,1,4,Under Construction,10,0,0,1,8,26,49,Y-Junction,Medium
18,Sunday,11,1,1,Residential,Clear,4,42,40,Motorcycle,3,6,Dry,9,1,1,0,5,32,77,Y-Junction,High
7,Tuesday,3,1,0,State Highway,Clear,6,36,60,Auto,1,7,Wet,9,0,0,2,5,20,44,Intersection,High
14,Friday,1,0,0,State Highway,Cloudy,8,73,60,Motorcycle,2,6,Dry,3,0,0,0,9,21,81,No Junction,Medium
12,Sunday,10,0,1,National Highway,Cloudy,6,29,80,Car,4,5,Wet,11,0,0,0,5,29,91,T-Junction,Medium
16,Monday,3,0,0,Highway,Clear,4,24,80,Motorcycle,2,4,Good,11,0,0,0,6,24,74,T-Junction,Medium
23,Saturday,6,0,1,National Highway,Cloudy,9,40,80,Motorcycle,5,9,Wet,9,0,0,1,9,26,40,Y-Junction,High
18,Saturday,3,1,1,National Highway,Foggy,6,34,80,Car,2,10,Under Construction,6,1,1,0,3,20,48,T-Junction,High
12,Thursday,5,0,0,State Highway,Clear,2,36,60,Car,2,4,Dry,12,0,0,1,5,26,61,No Junction,Medium
19,Saturday,9,1,1,Urban Road,Cloudy,6,36,40,Motorcycle,2,15,Good,7,1,0,0,6,26,74,Intersection,High
7,Sunday,7,1,1,State Highway,Clear,4,10,60,Bus,2,0,Dry,9,1,0,1,6,24,65,T-Junction,High
3,Thursday,2,0,0,Urban Road,Rainy,6,36,40,Motorcycle,2,8,Good,4,0,0,0,7,30,38,Roundabout,Low
8,Sunday,1,1,1,State Highway,Rainy,5,22,60,Auto,1,0,Under Construction,7,0,0,0,9,21,88,Y-Junction,Low
10,Monday,7,1,0,Highway,Clear,5,17,80,Truck,3,10,Dry,8,0,1,1,9,36,97,Roundabout,High
14,Wednesday,4,0,0,State Highway,Rainy,6,20,60,Bus,5,13,Wet,5,1,0,0,9,29,73,Roundabout,High
17,Wednesday,11,1,0,Residential,Foggy,4,56,40,Auto,1,8,Slippery,6,0,0,1,3,24,67,Roundabout,High
21,Tuesday,7,0,0,Highway,Clear,5,24,80,Car,4,13,Wet,9,0,0,2,7,10,40,Roundabout,High
14,Monday,6,0,0,State Highway,Clear,9,20,60,Bus,4,7,Dry,11,1,0,2,7,39,20,No Junction,High
14,Saturday,7,0,1,Residential,Rainy,6,28,40,Car,3,12,Under Construction,3,0,1,1,9,31,67,T-Junction,Medium
5,Monday,4,0,0,Residential,Cloudy,2,28,40,Motorcycle,2,3,Wet,14,0,0,0,5,34,73,No Junction,Low
3,Friday,3,0,0,Urban Road,Cloudy,7,28,40,Car,1,3,Dry,5,1,0,3,7,31,96,Roundabout,High
15,Wednesday,12,0,0,State Highway,Clear,5,59,60,Motorcycle,1,6,Dry,4,1,0,0,7,33,80,Roundabout,Medium
12,Saturday,5,0,1,Urban Road,Rainy,2,12,40,Car,2,14,Wet,12,0,0,2,9,29,97,T-Junction,Medium
19,Sunday,3,1,1,Urban Road,Clear,6,22,40,Bicycle,3,9,Dry,10,0,1,1,7,30,76,T-Junction,High
7,Sunday,3,1,1,Urban Road,Clear,8,47,40,Truck,2,0,Slippery,10,0,0,0,5,29,89,T-Junction,High
2,Wednesday,4,0,0,Residential,Rainy,3,10,40,Car,2,10,Slippery,5,0,1,1,9,33,43,No Junction,Medium
13,Monday,8,0,0,Residential,Clear,1,34,40,Car,1,10,Dry,9,0,1,0,7,33,79,No Junction,Medium
8,Saturday,2,1,1,Urban Road,Cloudy,4,41,40,Car,3,2,Wet,15,0,0,0,7,30,60,Intersection,Medium
4,Tuesday,4,0,0,Urban Road,Cloudy,5,10,40,Bus,3,8,Slippery,5,0,0,2,8,33,69,Intersection,Medium
18,Sunday,11,1,1,Residential,Rainy,4,10,40,Motorcycle,3,7,Good,10,1,0,3,8,33,80,T-Junction,High
7,Monday,3,1,0,National Highway,Rainy,7,10,80,Auto,3,4,Wet,5,0,0,0,6,24,58,Intersection,High
16,Tuesday,7,0,0,Residential,Cloudy,4,24,40,Car,1,4,Good,4,1,1,0,6,24,38,T-Junction,Medium
9,Saturday,2,1,1,Urban Road,Clear,3,23,40,Motorcycle,2,0,Dry,7,0,1,0,7,33,62,Intersection,Medium
7,Wednesday,1,1,0,Urban Road,Clear,8,22,40,Motorcycle,3,4,Wet,7,0,0,0,8,23,47,T-Junction,High
11,Friday,10,0,0,Urban Road,Clear,5,13,40,Bicycle,5,4,Dry,7,0,0,2,6,30,84,Y-Junction,High
19,Thursday,1,1,0,State Highway,Clear,7,10,60,Truck,3,4,Wet,7,0,1,0,9,22,86,T-Junction,Medium
12,Wednesday,6,0,0,Highway,Heavy Rain,1,49,80,Motorcycle,4,5,Wet,14,0,0,3,3,26,77,T-Junction,High
18,Tuesday,3,1,0,Residential,Clear,4,49,40,Motorcycle,1,13,Under Construction,13,0,0,0,5,12,93,Intersection,Medium
7,Monday,7,1,0,Urban Road,Clear,8,10,40,Truck,3,7,Good,8,0,0,1,5,24,71,T-Junction,Medium
19,Sunday,8,1,1,Urban Road,Cloudy,5,55,40,Auto,1,9,Good,8,0,0,0,5,28,66,Intersection,Medium
8,Saturday,5,1,1,Highway,Foggy,7,16,80,Car,3,8,Dry,12,1,0,3,2,23,79,T-Junction,High
17,Wednesday,5,1,0,State Highway,Rainy,5,24,60,Car,1,6,Dry,10,0,0,0,8,17,74,T-Junction,Low
16,Sunday,12,0,1,National Highway,Clear,1,34,80,Car,1,12,Dry,8,0,0,0,9,23,49,Intersection,Low
21,Sunday,2,0,1,Highway,Clear,2,51,80,Motorcycle,2,12,Dry,14,0,0,2,5,26,81,T-Junction,Medium
11,Friday,8,0,0,Urban Road,Heavy Rain,4,61,40,Car,1,9,Dry,5,0,0,0,4,31,20,No Junction,Medium
5,Saturday,10,0,1,Highway,Clear,4,49,80,Car,3,7,Wet,7,0,1,0,6,27,93,Intersection,High
1,Tuesday,1,0,0,State Highway,Cloudy,5,17,60,Motorcycle,1,5,Under Construction,7,0,0,3,6,22,81,Y-Junction,Medium
19,Saturday,10,1,1,Residential,Cloudy,6,23,40,Bus,3,8,Wet,9,0,0,0,7,34,39,Roundabout,Medium
15,Saturday,9,0,1,Urban Road,Clear,4,22,40,Car,2,0,Under Construction,4,0,0,0,8,38,78,Intersection,Low
19,Monday,1,1,0,Highway,Cloudy,5,22,80,Motorcycle,1,6,Good,9,0,0,1,5,23,80,Y-Junction,Medium
8,Thursday,1,1,0,State Highway,Clear,9,31,60,Bicycle,1,10,Dry,7,0,0,0,9,38,77,Roundabout,Medium
10,Sunday,1,1,1,Residential,Cloudy,4,19,40,Car,2,0,Under Construction,11,0,0,0,9,26,72,Y-Junction,Medium
3,Tuesday,7,0,0,Highway,Rainy,3,52,80,Car,2,0,Dry,7,0,1,0,8,30,40,T-Junction,Medium
22,Monday,4,0,0,Residential,Clear,5,60,40,Motorcycle,2,3,Wet,6,0,0,2,6,35,89,Intersection,High
17,Sunday,12,1,1,State Highway,Foggy,5,26,60,Car,4,2,Dry,10,0,0,0,4,35,39,No Junction,High
22,Thursday,7,0,0,Residential,Cloudy,7,18,40,Motorcycle,2,8,Dry,8,0,0,2,9,26,55,Intersection,Medium
9,Monday,5,1,0,Urban Road,Rainy,6,59,40,Auto,1,7,Wet,7,0,0,1,8,35,33,Intersection,Medium
17,Thursday,12,1,0,Residential,Foggy,5,10,40,Motorcycle,1,12,Wet,7,0,1,0,2,31,69,T-Junction,High
17,Thursday,7,1,0,Residential,Foggy,6,28,40,Car,1,1,Under Construction,6,0,0,1,2,27,57,Roundabout,High
10,Thursday,10,1,0,Residential,Foggy,7,10,40,Motorcycle,3,6,Under Construction,14,0,0,0,4,23,38,Intersection,High
20,Monday,7,1,0,National Highway,Rainy,7,22,80,Auto,1,12,Slippery,9,0,0,0,5,26,100,Intersection,Medium
22,Saturday,4,0,1,Highway,Foggy,1,65,80,Bus,2,12,Wet,10,0,0,1,3,32,37,No Junction,High
20,Thursday,2,1,0,Residential,Rainy,7,22,40,Truck,1,0,Dry,9,0,0,0,6,25,64,Intersection,Medium
18,Saturday,8,1,1,Highway,Clear,5,63,80,Bus,2,0,Wet,8,0,1,0,9,29,62,No Junction,High
9,Sunday,2,1,1,Urban Road,Clear,5,54,40,Car,1,8,Dry,6,0,0,0,5,24,48,Intersection,Medium
9,Sunday,9,1,1,Residential,Cloudy,5,29,40,Motorcycle,3,1,Dry,5,0,0,1,8,33,65,T-Junction,Medium
22,Tuesday,5,0,0,National Highway,Clear,5,80,80,Motorcycle,2,3,Dry,6,1,1,0,9,22,66,No Junction,High
1,Friday,9,0,0,Highway,Clear,6,40,80,Car,2,8,Wet,9,0,0,0,7,41,60,No Junction,Medium
18,Saturday,9,1,1,National Highway,Clear,6,14,80,Car,5,6,Wet,6,0,0,1,5,29,33,T-Junction,High
18,Sunday,8,1,1,Urban Road,Clear,8,10,40,Motorcycle,2,11,Dry,11,0,0,2,7,24,53,Intersection,High
17,Friday,8,1,0,Urban Road,Clear,9,23,40,Motorcycle,2,1,Dry,13,0,0,0,5,24,76,No Junction,Medium
23,Thursday,4,0,0,Highway,Clear,6,37,80,Car,2,6,Slippery,3,0,0,0,9,21,54,Intersection,Medium
10,Friday,4,1,0,Residential,Cloudy,8,22,40,Auto,2,4,Slippery,12,0,0,0,7,34,54,Y-Junction,Medium
10,Friday,2,1,0,Residential,Clear,4,21,40,Motorcycle,3,8,Wet,4,0,0,0,6,29,57,Intersection,Medium
6,Thursday,4,0,0,Urban Road,Heavy Rain,4,45,40,Bus,2,7,Dry,7,1,1,0,2,29,66,T-Junction,High
13,Saturday,4,0,1,Urban Road,Clear,1,93,40,Car,1,7,Dry,8,1,0,0,8,30,89,Roundabout,Medium
9,Thursday,6,1,0,Residential,Foggy,6,27,40,Motorcycle,2,11,Dry,3,0,0,1,1,23,71,No Junction,High
10,Tuesday,3,1,0,Residential,Foggy,6,45,40,Car,2,9,Slippery,5,0,0,0,3,26,78,No Junction,High
19,Wednesday,2,1,0,Urban Road,Foggy,6,44,40,Motorcycle,3,12,Wet,8,0,0,0,1,16,87,Intersection,High
22,Monday,8,0,0,State Highway,Clear,4,11,60,Truck,3,5,Slippery,4,0,0,0,9,39,77,No Junction,Low
8,Thursday,2,1,0,Residential,Foggy,6,28,40,Truck,2,9,Wet,4,0,0,2,2,19,54,Y-Junction,High
11,Thursday,8,0,0,Urban Road,Rainy,5,27,40,Car,3,4,Slippery,13,1,1,0,5,24,60,No Junction,High
21,Friday,7,0,0,Urban Road,Clear,3,18,40,Car,1,4,Wet,8,0,0,0,6,26,64,No Junction,Low
5,Tuesday,3,0,0,State Highway,Clear,5,10,60,Motorcycle,2,1,Dry,11,0,1,0,9,29,94,No Junction,Medium
6,Sunday,6,0,1,Highway,Clear,4,68,80,Motorcycle,2,15,Dry,13,0,0,1,7,28,36,Intersection,High
7,Sunday,6,1,1,State Highway,Clear,5,46,60,Car,5,2,Under Construction,10,0,0,0,5,30,63,T-Junction,High
16,Friday,10,0,0,Urban Road,Foggy,2,26,40,Bus,5,10,Wet,6,0,0,0,3,40,64,No Junction,Medium
7,Saturday,5,1,1,Residential,Heavy Rain,6,15,40,Motorcycle,2,8,Dry,6,0,0,3,3,30,45,Intersection,High
22,Thursday,8,0,0,Urban Road,Clear,6,38,40,Auto,1,7,Slippery,9,0,0,2,8,21,58,Y-Junction,Medium
13,Thursday,11,0,0,National Highway,Clear,5,42,80,Motorcycle,4,7,Dry,10,0,0,0,6,37,52,Roundabout,Medium
14,Friday,12,0,0,National Highway,Clear,3,39,80,Bicycle,1,6,Wet,8,0,0,0,8,36,86,No Junction,Medium
8,Thursday,5,1,0,National Highway,Foggy,6,10,80,Motorcycle,2,4,Good,10,0,0,1,3,29,62,No Junction,High
13,Saturday,7,0,1,Highway,Cloudy,2,68,80,Truck,2,12,Dry,7,1,0,1,7,31,44,Intersection,High
17,Wednesday,6,1,0,State Highway,Clear,4,10,60,Motorcycle,1,2,Dry,8,0,1,2,7,23,30,Roundabout,Medium
18,Monday,11,1,0,Urban Road,Cloudy,10,10,40,Car,2,7,Wet,6,0,1,0,9,34,57,Y-Junction,Medium
18,Monday,7,1,0,Residential,Clear,7,22,40,Car,2,6,Wet,5,0,0,0,8,22,87,T-Junction,Medium
16,Monday,9,0,0,Urban Road,Clear,6,30,40,Car,2,8,Dry,5,0,0,0,8,23,50,No Junction,Medium
21,Wednesday,3,0,0,Residential,Clear,4,24,40,Motorcycle,3,10,Wet,6,1,0,0,9,32,40,T-Junction,Medium
19,Thursday,10,1,0,National Highway,Clear,4,10,80,Bus,2,4,Dry,10,0,0,1,6,34,76,Intersection,Medium
18,Friday,7,1,0,Urban Road,Clear,8,27,40,Car,1,6,Dry,8,0,1,0,5,22,62,T-Junction,Medium
5,Sunday,10,0,1,Urban Road,Clear,7,10,40,Auto,1,3,Slippery,6,0,0,3,5,25,70,Y-Junction,Medium
0,Tuesday,3,0,0,Highway,Rainy,3,30,80,Motorcycle,2,9,Slippery,7,0,1,0,8,25,100,T-Junction,Medium
8,Thursday,2,1,0,Urban Road,Clear,3,47,40,Motorcycle,2,10,Slippery,3,0,0,0,5,34,88,T-Junction,Medium
17,Wednesday,12,1,0,Urban Road,Clear,7,14,40,Car,2,4,Dry,6,0,0,2,5,25,51,No Junction,Medium
12,Saturday,7,0,1,State Highway,Clear,8,10,60,Bicycle,4,8,Slippery,10,0,0,1,5,26,46,No Junction,Medium
12,Wednesday,4,0,0,Urban Road,Cloudy,5,18,40,Car,1,7,Wet,4,0,0,0,8,36,31,Roundabout,Low
20,Sunday,1,1,1,Residential,Clear,4,61,40,Car,3,5,Wet,3,0,1,0,7,19,62,Roundabout,High
21,Monday,6,0,0,Urban Road,Clear,7,22,40,Motorcycle,1,10,Wet,4,0,1,1,8,24,82,No Junction,Medium
21,Thursday,11,0,0,Urban Road,Clear,4,31,40,Motorcycle,3,14,Under Construction,6,1,0,0,8,12,34,No Junction,Medium
10,Sunday,6,1,1,Urban Road,Clear,4,44,40,Motorcycle,1,0,Slippery,7,1,1,0,6,14,81,Roundabout,High
18,Monday,6,1,0,Highway,Rainy,8,10,80,Auto,1,7,Wet,8,1,0,0,6,24,77,Intersection,High
9,Tuesday,2,1,0,Residential,Clear,8,68,40,Car,1,1,Under Construction,10,0,0,1,8,17,72,T-Junction,High
8,Saturday,1,1,1,Highway,Clear,2,39,80,Car,3,1,Under Construction,7,0,0,0,9,20,53,Roundabout,Medium
8,Monday,3,1,0,Residential,Cloudy,7,30,40,Car,2,5,Dry,10,0,1,0,9,15,67,No Junction,Medium
10,Tuesday,12,1,0,Highway,Heavy Rain,4,10,80,Car,2,3,Wet,4,0,0,1,5,26,78,Intersection,High
12,Wednesday,2,0,0,National Highway,Cloudy,3,32,80,Bicycle,1,0,Dry,11,0,0,0,6,32,75,Intersection,Medium
19,Monday,6,1,0,State Highway,Heavy Rain,8,25,60,Car,2,11,Dry,9,0,0,3,2,27,67,No Junction,High
7,Monday,12,1,0,Urban Road,Rainy,6,25,40,Truck,3,6,Under Construction,3,0,0,0,6,33,68,Intersection,Medium
18,Friday,6,1,0,Urban Road,Heavy Rain,5,15,40,Bicycle,4,5,Good,8,0,0,1,3,20,86,T-Junction,High
15,Saturday,5,0,1,Urban Road,Rainy,5,46,40,Auto,1,5,Dry,14,0,0,2,8,38,51,No Junction,Medium
9,Saturday,10,1,1,State Highway,Foggy,7,38,60,Motorcycle,1,9,Dry,14,0,0,0,2,27,76,T-Junction,High
14,Sunday,10,0,1,Urban Road,Heavy Rain,4,75,40,Car,2,3,Wet,7,0,0,0,3,20,97,T-Junction,High
9,Wednesday,5,1,0,State Highway,Foggy,5,10,60,Truck,3,5,Dry,9,0,0,0,4,27,51,Intersection,High
16,Friday,9,0,0,Highway,Heavy Rain,3,90,80,Car,1,0,Slippery,4,0,0,2,3,30,57,No Junction,High
12,Sunday,5,0,1,Highway,Clear,1,82,80,Car,2,5,Wet,4,0,0,0,5,32,29,Intersection,High
7,Tuesday,10,1,0,Urban Road,Clear,10,48,40,Auto,3,0,Dry,7,0,0,0,8,35,63,No Junction,High
7,Sunday,6,1,1,Highway,Clear,6,15,80,Truck,1,8,Dry,6,0,0,0,5,28,84,No Junction,Medium
15,Tuesday,11,0,0,Residential,Rainy,2,53,40,Auto,2,3,Under Construction,8,0,0,0,6,27,76,T-Junction,Medium
21,Wednesday,4,0,0,Highway,Cloudy,9,38,80,Bicycle,1,5,Dry,9,0,0,1,8,30,44,T-Junction,Medium
10,Saturday,10,1,1,State Highway,Cloudy,5,12,60,Motorcycle,1,1,Dry,9,0,0,0,5,35,51,Y-Junction,Medium
18,Tuesday,1,1,0,State Highway,Rainy,8,10,60,Truck,2,5,Wet,11,0,0,0,7,23,50,Roundabout,Medium
17,Wednesday,4,1,0,Urban Road,Clear,5,11,40,Truck,2,11,Dry,9,0,0,3,7,22,84,T-Junction,Medium
22,Sunday,2,0,1,Urban Road,Clear,3,52,40,Car,4,4,Slippery,11,0,1,0,7,27,23,Y-Junction,Medium
19,Tuesday,10,1,0,Urban Road,Rainy,6,15,40,Motorcycle,2,2,Dry,11,0,0,0,5,34,44,T-Junction,Medium
16,Thursday,3,0,0,Residential,Rainy,5,79,40,Car,1,3,Good,7,1,0,0,5,24,67,No Junction,High
17,Monday,7,1,0,Urban Road,Clear,9,22,40,Auto,2,7,Dry,3,0,1,0,5,32,64,T-Junction,Medium
21,Sunday,7,0,1,Highway,Clear,3,53,80,Auto,4,13,Dry,4,0,0,0,9,30,31,Y-Junction,Medium
12,Saturday,1,0,1,Urban Road,Foggy,3,28,40,Motorcycle,1,3,Wet,9,0,0,2,3,25,91,Intersection,Medium
10,Sunday,8,1,1,Urban Road,Cloudy,8,23,40,Truck,1,5,Under Construction,8,0,0,0,9,24,46,Intersection,Low
1,Thursday,7,0,0,National Highway,Clear,5,31,80,Truck,3,0,Slippery,14,1,0,1,9,30,45,Intersection,High
19,Wednesday,1,1,0,State Highway,Clear,6,10,60,Car,1,2,Dry,3,0,0,0,6,20,51,Intersection,Medium
19,Wednesday,8,1,0,Highway,Foggy,9,14,80,Car,2,5,Wet,10,1,0,0,1,36,59,Intersection,High
6,Sunday,2,0,1,Residential,Rainy,3,77,40,Auto,3,7,Wet,7,0,0,1,7,37,83,No Junction,High
16,Thursday,8,0,0,National Highway,Heavy Rain,4,19,80,Car,2,0,Slippery,5,0,1,1,3,27,84,No Junction,High
13,Sunday,3,0,1,Highway,Clear,4,15,80,Bus,2,12,Wet,13,0,1,2,6,39,88,T-Junction,Medium
7,Monday,10,1,0,Residential,Cloudy,7,10,40,Motorcycle,3,3,Wet,4,0,1,1,9,29,34,Intersection,Medium
23,Monday,7,0,0,Urban Road,Clear,4,10,40,Truck,2,10,Slippery,9,1,1,0,8,24,63,Intersection,Medium
8,Friday,6,1,0,Residential,Rainy,7,45,40,Car,1,0,Dry,11,0,1,0,9,25,55,Roundabout,Medium
5,Tuesday,5,0,0,Residential,Clear,1,66,40,Bus,1,0,Good,5,0,0,1,7,26,71,No Junction,Low
16,Friday,11,0,0,National Highway,Heavy Rain,3,78,80,Motorcycle,5,13,Good,3,1,0,0,3,24,83,No Junction,High
18,Monday,10,1,0,Urban Road,Clear,4,29,40,Bicycle,3,1,Slippery,9,0,0,1,7,23,53,Intersection,Medium
3,Thursday,11,0,0,State Highway,Rainy,2,31,60,Motorcycle,2,4,Under Construction,11,1,1,3,9,34,67,No Junction,High
17,Tuesday,2,1,0,Urban Road,Cloudy,3,22,40,Car,1,11,Dry,6,0,0,0,9,26,56,Intersection,Low
15,Thursday,2,0,0,Urban Road,Rainy,4,34,40,Car,1,3,Wet,3,0,0,1,5,16,38,No Junction,Medium
6,Friday,12,0,0,National Highway,Cloudy,3,53,80,Car,3,6,Dry,8,0,0,1,7,42,38,Roundabout,Medium
7,Wednesday,1,1,0,State Highway,Cloudy,7,47,60,Auto,2,3,Under Construction,7,0,1,1,7,31,91,Roundabout,High
16,Thursday,9,0,0,Urban Road,Clear,5,69,40,Car,2,3,Wet,3,0,0,0,9,16,100,Intersection,High
9,Friday,11,1,0,Residential,Rainy,9,20,40,Auto,2,0,Wet,9,0,0,0,8,19,46,T-Junction,Medium
22,Friday,8,0,0,Highway,Rainy,3,30,80,Motorcycle,4,5,Under Construction,5,0,0,0,6,18,75,Roundabout,Medium
19,Friday,8,1,0,Urban Road,Cloudy,7,28,40,Truck,5,10,Slippery,9,0,0,0,9,28,62,T-Junction,High
23,Wednesday,1,0,0,Residential,Clear,4,21,40,Bus,2,8,Dry,14,0,0,0,9,30,35,Y-Junction,Low
8,Wednesday,5,1,0,Residential,Rainy,7,10,40,Motorcycle,2,9,Dry,7,1,0,1,6,29,81,T-Junction,High
22,Sunday,12,0,1,Urban Road,Clear,4,53,40,Motorcycle,1,5,Dry,8,0,1,0,5,25,64,No Junction,Medium
12,Wednesday,6,0,0,Residential,Foggy,4,20,40,Bus,4,9,Dry,8,0,0,0,1,24,27,Intersection,High
10,Tuesday,2,1,0,Urban Road,Clear,6,12,40,Motorcycle,1,6,Dry,7,0,0,3,8,28,74,T-Junction,Medium
5,Wednesday,10,0,0,Highway,Clear,2,14,80,Car,2,0,Dry,4,0,0,0,5,24,96,Intersection,Medium
5,Wednesday,5,0,0,Urban Road,Foggy,6,26,40,Motorcycle,3,4,Wet,8,0,0,0,3,28,37,No Junction,High
18,Wednesday,6,1,0,National Highway,Cloudy,3,62,80,Car,2,0,Dry,6,0,0,1,5,32,41,No Junction,High
13,Thursday,9,0,0,State Highway,Clear,5,48,60,Motorcycle,1,8,Dry,6,0,0,0,9,24,71,Y-Junction,Low
8,Wednesday,10,1,0,Urban Road,Rainy,4,38,40,Motorcycle,2,3,Slippery,5,0,0,2,5,36,87,Y-Junction,High
17,Tuesday,1,1,0,Highway,Rainy,8,10,80,Car,1,4,Wet,9,0,0,0,7,19,53,T-Junction,High
8,Friday,10,1,0,Residential,Foggy,7,10,40,Car,2,14,Dry,5,0,0,1,2,25,72,No Junction,High
16,Thursday,3,0,0,Residential,Foggy,3,10,40,Motorcycle,1,4,Dry,9,0,0,0,1,28,73,T-Junction,Medium
11,Monday,12,0,0,Urban Road,Clear,1,61,40,Motorcycle,1,7,Under Construction,9,0,0,0,6,19,94,No Junction,Low
19,Wednesday,9,1,0,Urban Road,Rainy,7,33,40,Motorcycle,2,7,Good,8,0,0,0,5,28,43,T-Junction,Medium
19,Sunday,1,1,1,National Highway,Clear,3,45,80,Motorcycle,1,4,Wet,3,0,1,0,9,30,73,T-Junction,Medium
13,Sunday,1,0,1,Residential,Cloudy,5,62,40,Car,2,1,Good,6,0,0,0,8,20,94,Intersection,Medium
11,Friday,1,0,0,Urban Road,Foggy,2,51,40,Motorcycle,4,12,Wet,7,1,0,2,3,23,76,No Junction,High
11,Friday,7,0,0,Residential,Clear,2,18,40,Motorcycle,1,11,Dry,4,0,0,0,9,23,100,Roundabout,Low
19,Thursday,5,1,0,Highway,Clear,6,24,80,Car,1,6,Dry,8,1,0,1,9,18,64,Intersection,High
10,Sunday,6,1,1,Highway,Clear,3,55,80,Auto,4,10,Dry,12,0,0,0,8,29,63,Intersection,High
8,Monday,8,1,0,National Highway,Rainy,6,30,80,Car,2,0,Wet,9,1,1,2,8,26,44,T-Junction,High
6,Saturday,2,0,1,Urban Road,Rainy,1,50,40,Car,2,8,Dry,4,0,0,0,7,22,80,Roundabout,Low
13,Sunday,2,0,1,Urban Road,Heavy Rain,4,34,40,Bus,2,6,Wet,15,0,0,1,2,26,100,Intersection,High
14,Sunday,3,0,1,Urban Road,Rainy,2,67,40,Car,2,13,Wet,6,0,0,3,7,27,20,Intersection,High
20,Tuesday,3,1,0,State Highway,Rainy,10,10,60,Car,3,2,Dry,8,0,1,0,9,14,41,No Junction,Medium
8,Saturday,3,1,1,State Highway,Foggy,6,10,60,Motorcycle,1,3,Dry,5,0,1,0,2,27,81,No Junction,Medium
11,Friday,4,0,0,Highway,Rainy,5,51,80,Car,1,3,Dry,8,0,0,3,5,23,97,Intersection,Medium
19,Saturday,3,1,1,Residential,Clear,6,34,40,Truck,2,6,Slippery,12,0,1,0,6,17,97,Roundabout,High
19,Sunday,2,1,1,Urban Road,Cloudy,2,61,40,Car,2,5,Under Construction,4,0,1,2,7,32,68,Y-Junction,High
11,Friday,9,0,0,Urban Road,Clear,5,10,40,Truck,2,7,Wet,6,0,0,0,8,23,88,T-Junction,Low
13,Saturday,6,0,1,Residential,Heavy Rain,1,60,40,Car,2,1,Dry,8,1,0,2,2,37,69,No Junction,High
9,Friday,3,1,0,Highway,Clear,10,19,80,Auto,4,3,Dry,3,0,0,2,6,28,27,T-Junction,High
22,Friday,9,0,0,National Highway,Rainy,1,65,80,Auto,3,8,Good,10,0,0,0,6,28,69,T-Junction,Medium
7,Thursday,4,1,0,Residential,Rainy,4,35,40,Car,1,11,Dry,5,0,0,0,7,31,47,T-Junction,Low
22,Monday,4,0,0,Urban Road,Clear,6,51,40,Motorcycle,2,9,Dry,8,0,0,0,8,38,66,Intersection,Low
17,Friday,8,1,0,Residential,Cloudy,8,10,40,Bus,3,0,Wet,4,0,1,0,9,24,81,Intersection,Medium
15,Tuesday,7,0,0,Urban Road,Rainy,7,42,40,Car,2,6,Dry,4,0,0,1,9,35,50,No Junction,Medium
3,Sunday,7,0,1,Residential,Rainy,6,28,40,Motorcycle,4,8,Good,7,0,0,0,9,25,32,Intersection,Medium
13,Sunday,10,0,1,Highway,Clear,2,57,80,Bicycle,3,1,Wet,12,0,0,0,6,26,70,Roundabout,Medium
12,Tuesday,7,0,0,Urban Road,Heavy Rain,1,33,40,Motorcycle,1,7,Good,5,0,1,0,3,27,92,Roundabout,High
7,Wednesday,10,1,0,Residential,Cloudy,7,22,40,Truck,2,0,Slippery,10,0,1,1,6,26,45,Intersection,High
17,Friday,11,1,0,State Highway,Clear,4,37,60,Bus,4,5,Slippery,11,0,1,0,8,26,59,Roundabout,Medium
23,Friday,5,0,0,Urban Road,Clear,3,47,40,Truck,2,13,Under Construction,10,0,0,1,5,19,81,T-Junction,Medium
16,Friday,7,0,0,Urban Road,Clear,4,42,40,Auto,2,3,Wet,7,1,0,0,6,27,49,Roundabout,High
18,Saturday,4,1,1,Urban Road,Clear,8,10,40,Bus,3,9,Dry,8,0,0,1,8,26,85,Intersection,Medium
5,Friday,8,0,0,Urban Road,Rainy,6,24,40,Auto,1,5,Dry,12,0,0,0,8,34,28,No Junction,Low
12,Friday,9,0,0,Urban Road,Cloudy,4,10,40,Car,1,9,Dry,10,0,1,0,8,27,71,T-Junction,Low
7,Tuesday,12,1,0,Residential,Clear,5,21,40,Motorcycle,1,13,Wet,8,0,0,1,5,17,95,T-Junction,Medium
17,Monday,3,1,0,Urban Road,Clear,4,32,40,Motorcycle,3,0,Wet,4,0,0,3,9,25,51,No Junction,Medium
22,Monday,7,0,0,National Highway,Rainy,9,23,80,Truck,1,2,Dry,13,0,0,0,7,31,64,Intersection,Medium
17,Wednesday,12,1,0,Urban Road,Clear,6,10,40,Car,2,5,Dry,8,1,0,0,6,18,20,T-Junction,High
6,Tuesday,10,0,0,State Highway,Clear,5,53,60,Car,2,9,Dry,6,0,0,1,5,15,48,No Junction,Medium
11,Friday,9,0,0,Urban Road,Rainy,7,36,40,Car,3,4,Under Construction,9,0,0,0,8,30,62,T-Junction,Medium
15,Monday,1,0,0,State Highway,Clear,5,36,60,Car,2,16,Slippery,3,0,0,0,5,33,85,No Junction,Medium
12,Thursday,2,0,0,Highway,Rainy,6,19,80,Car,1,0,Slippery,10,0,1,0,6,32,90,Intersection,Medium
19,Thursday,7,1,0,State Highway,Clear,6,10,60,Bus,4,7,Dry,9,1,0,0,7,34,77,Roundabout,High
19,Thursday,2,1,0,Urban Road,Cloudy,9,26,40,Motorcycle,1,5,Dry,9,0,0,0,6,21,31,No Junction,Medium
17,Friday,7,1,0,Urban Road,Foggy,9,30,40,Motorcycle,2,6,Dry,10,0,0,0,4,29,60,Y-Junction,High
11,Friday,1,0,0,Highway,Rainy,3,29,80,Car,3,7,Wet,8,0,0,1,8,30,59,No Junction,Medium
8,Wednesday,3,1,0,Highway,Rainy,6,10,80,Bus,2,9,Dry,9,0,0,0,8,34,75,Roundabout,Medium
6,Sunday,5,0,1,Residential,Clear,5,42,40,Auto,1,2,Under Construction,10,0,0,0,9,33,75,Intersection,Low
11,Wednesday,12,0,0,Residential,Rainy,5,78,40,Auto,4,0,Slippery,11,0,0,0,9,32,60,T-Junction,Medium
12,Wednesday,11,0,0,Residential,Foggy,5,16,40,Auto,2,0,Dry,7,0,1,3,1,24,72,Y-Junction,High
17,Saturday,6,1,1,Urban Road,Cloudy,7,16,40,Bus,2,2,Good,9,0,1,1,7,17,48,Intersection,Medium
17,Thursday,9,1,0,Urban Road,Clear,10,13,40,Motorcycle,4,13,Slippery,6,0,0,2,9,15,85,Y-Junction,High
6,Friday,9,0,0,State Highway,Clear,1,46,60,Motorcycle,4,1,Slippery,8,0,0,0,9,31,45,T-Junction,Medium
12,Thursday,3,0,0,State Highway,Clear,3,66,60,Car,2,4,Dry,7,0,0,2,6,33,58,T-Junction,High
8,Wednesday,8,1,0,Urban Road,Clear,3,10,40,Car,2,10,Good,5,0,1,3,6,23,88,Intersection,High
7,Friday,4,1,0,Residential,Clear,9,42,40,Bus,1,0,Wet,9,1,0,0,8,32,74,Y-Junction,High
19,Tuesday,7,1,0,State Highway,Clear,7,19,60,Motorcycle,1,4,Dry,3,0,0,0,8,31,51,Y-Junction,Medium
4,Monday,6,0,0,State Highway,Foggy,4,47,60,Auto,1,5,Slippery,4,0,0,1,4,21,68,Intersection,High
12,Monday,8,0,0,Highway,Rainy,4,41,80,Car,2,1,Dry,10,0,0,0,6,34,68,Intersection,Low
7,Wednesday,6,1,0,State Highway,Clear,4,25,60,Car,1,3,Good,6,0,1,0,9,29,100,No Junction,Low
20,Sunday,4,1,1,Urban Road,Clear,6,11,40,Car,2,13,Under Construction,9,1,0,1,9,15,82,T-Junction,Medium
15,Thursday,2,0,0,Residential,Rainy,7,24,40,Motorcycle,2,9,Wet,14,0,0,2,7,25,79,No Junction,Medium
8,Tuesday,7,1,0,Urban Road,Rainy,8,56,40,Motorcycle,2,8,Dry,3,0,0,1,9,34,47,No Junction,High
14,Friday,11,0,0,Residential,Foggy,3,64,40,Truck,3,0,Wet,8,0,0,0,3,23,48,No Junction,High
18,Sunday,11,1,1,Residential,Heavy Rain,3,29,40,Truck,5,7,Dry,13,0,0,1,5,34,51,No Junction,High
22,Thursday,4,0,0,Urban Road,Foggy,6,47,40,Car,2,12,Dry,8,0,0,0,4,35,99,No Junction,Medium
8,Wednesday,9,1,0,Urban Road,Rainy,5,38,40,Auto,4,4,Wet,8,0,0,0,8,23,56,Y-Junction,Medium
20,Thursday,9,1,0,Residential,Clear,6,10,40,Motorcycle,2,4,Dry,6,0,0,0,5,21,58,T-Junction,Medium
22,Wednesday,7,0,0,Urban Road,Foggy,3,31,40,Motorcycle,4,0,Slippery,5,0,0,0,2,31,37,No Junction,High
21,Saturday,5,0,1,Highway,Cloudy,4,10,80,Motorcycle,3,12,Dry,3,0,0,1,5,30,39,Intersection,Medium
17,Monday,3,1,0,Highway,Clear,4,28,80,Auto,2,10,Under Construction,6,0,1,0,8,31,66,Intersection,Medium
17,Sunday,3,1,1,Residential,Rainy,10,34,40,Truck,2,5,Dry,8,0,0,2,6,27,87,T-Junction,High
12,Monday,9,0,0,State Highway,Clear,3,52,60,Motorcycle,2,6,Wet,8,1,0,0,5,36,63,No Junction,Medium
18,Thursday,9,1,0,State Highway,Cloudy,4,31,60,Truck,3,7,Slippery,10,0,0,1,5,33,65,No Junction,Medium
15,Tuesday,12,0,0,Urban Road,Foggy,9,10,40,Auto,2,8,Dry,10,0,0,0,4,25,98,T-Junction,Medium
17,Friday,11,1,0,Urban Road,Clear,5,10,40,Bus,1,6,Slippery,8,0,0,3,9,32,65,No Junction,Low
12,Wednesday,4,0,0,Urban Road,Cloudy,5,45,40,Car,2,6,Slippery,8,0,0,0,8,28,64,Intersection,Medium
18,Friday,11,1,0,National Highway,Heavy Rain,10,10,80,Car,1,1,Wet,7,0,0,0,4,19,85,Intersection,High
19,Monday,1,1,0,Urban Road,Clear,5,28,40,Truck,1,7,Dry,5,0,0,3,7,18,82,Intersection,Medium
7,Tuesday,10,1,0,Urban Road,Clear,4,25,40,Bicycle,5,11,Slippery,10,0,0,0,6,27,53,T-Junction,High
19,Tuesday,5,1,0,Residential,Cloudy,5,27,40,Motorcycle,2,4,Wet,7,0,0,3,8,24,59,No Junction,High
15,Friday,8,0,0,State Highway,Rainy,3,35,60,Motorcycle,3,7,Wet,8,0,0,0,5,21,73,T-Junction,Medium
20,Monday,10,1,0,Highway,Cloudy,10,13,80,Motorcycle,2,5,Under Construction,15,0,0,1,6,25,69,T-Junction,High
12,Friday,4,0,0,Urban Road,Clear,6,25,40,Motorcycle,2,2,Dry,10,0,0,0,5,31,96,Intersection,Low
11,Thursday,10,0,0,Residential,Rainy,5,60,40,Car,5,8,Dry,7,0,0,1,6,29,59,Y-Junction,High
21,Tuesday,10,0,0,Residential,Rainy,5,27,40,Car,2,5,Dry,3,0,0,1,5,27,78,No Junction,Medium
8,Tuesday,4,1,0,Highway,Clear,4,71,80,Car,1,6,Dry,11,0,1,2,5,18,73,Y-Junction,High
20,Thursday,12,1,0,Residential,Heavy Rain,7,31,40,Motorcycle,3,15,Dry,3,1,0,1,5,16,73,Y-Junction,High
14,Monday,9,0,0,Urban Road,Rainy,4,10,40,Bus,4,10,Wet,6,0,1,2,7,35,52,No Junction,High
14,Tuesday,9,0,0,State Highway,Rainy,6,80,60,Car,2,0,Wet,3,1,1,2,5,27,63,No Junction,High
9,Sunday,7,1,1,Urban Road,Clear,4,65,40,Motorcycle,1,3,Dry,6,0,0,0,6,32,64,T-Junction,Medium
16,Saturday,10,0,1,Highway,Rainy,2,10,80,Motorcycle,1,3,Good,6,0,0,1,9,28,92,Roundabout,Low
10,Saturday,8,1,1,State Highway,Cloudy,2,33,60,Bicycle,1,3,Dry,8,0,1,2,9,23,59,No Junction,Medium
3,Saturday,12,0,1,Residential,Cloudy,8,10,40,Bus,1,4,Under Construction,7,0,0,2,7,25,64,No Junction,Medium
9,Wednesday,12,1,0,State Highway,Cloudy,7,10,60,Motorcycle,2,9,Wet,10,0,1,0,6,34,65,Y-Junction,Medium
0,Sunday,4,0,1,State Highway,Clear,2,26,60,Motorcycle,2,10,Slippery,9,1,1,2,7,31,100,No Junction,High
23,Wednesday,8,0,0,Highway,Clear,4,49,80,Truck,4,13,Dry,10,0,0,0,5,23,80,T-Junction,High
22,Monday,6,0,0,Urban Road,Foggy,3,40,40,Truck,2,8,Wet,3,1,0,1,2,33,77,Intersection,High
12,Thursday,3,0,0,Urban Road,Cloudy,9,36,40,Auto,4,10,Good,7,0,0,0,7,23,67,Intersection,Medium
18,Friday,7,1,0,National Highway,Rainy,7,44,80,Motorcycle,1,10,Slippery,9,0,0,0,5,30,56,T-Junction,High
10,Sunday,3,1,1,Urban Road,Clear,4,10,40,Car,1,4,Under Construction,8,0,0,3,9,18,86,No Junction,Low
17,Monday,11,1,0,Highway,Rainy,9,26,80,Motorcycle,3,3,Dry,6,0,0,3,7,26,57,Intersection,High
19,Friday,7,1,0,Urban Road,Foggy,1,53,40,Car,3,14,Under Construction,5,0,0,0,3,29,100,Intersection,High
22,Monday,5,0,0,State Highway,Clear,4,10,60,Car,2,11,Dry,13,0,0,0,8,24,68,Y-Junction,Low
12,Wednesday,4,0,0,State Highway,Clear,3,79,60,Motorcycle,2,0,Wet,9,0,0,1,9,32,78,No Junction,High
19,Saturday,3,1,1,National Highway,Clear,4,39,80,Car,1,5,Dry,3,0,0,1,5,20,65,Intersection,Medium
9,Thursday,8,1,0,Urban Road,Clear,7,19,40,Motorcycle,1,12,Wet,4,0,0,0,8,32,100,T-Junction,Medium
23,Wednesday,4,0,0,Residential,Clear,2,37,40,Bus,3,10,Wet,3,0,0,0,7,29,44,Y-Junction,Low
2,Thursday,8,0,0,Urban Road,Clear,5,78,40,Car,4,4,Wet,3,0,0,3,8,23,57,T-Junction,High
16,Sunday,10,0,1,Highway,Rainy,1,26,80,Car,5,7,Under Construction,4,0,0,3,9,18,46,T-Junction,High
17,Friday,3,1,0,Highway,Clear,4,81,80,Car,2,3,Dry,11,1,0,1,6,37,40,No Junction,High
17,Monday,10,1,0,Urban Road,Rainy,5,10,40,Bicycle,2,3,Good,9,0,1,0,7,27,72,T-Junction,Medium
7,Tuesday,9,1,0,Residential,Clear,8,10,40,Car,2,11,Under Construction,5,1,1,3,8,24,57,T-Junction,High
22,Tuesday,6,0,0,National Highway,Clear,6,29,80,Auto,4,4,Wet,5,1,0,0,5,25,58,No Junction,High
8,Thursday,5,1,0,Highway,Heavy Rain,6,40,80,Bicycle,2,8,Dry,6,1,0,0,3,22,59,T-Junction,High
17,Saturday,5,1,1,National Highway,Cloudy,6,10,80,Car,4,12,Dry,5,0,0,0,6,31,66,T-Junction,High
8,Saturday,3,1,1,Urban Road,Clear,9,10,40,Motorcycle,3,7,Dry,7,0,0,0,7,28,36,Intersection,Medium
9,Thursday,2,1,0,Urban Road,Clear,9,16,40,Truck,1,5,Under Construction,5,1,0,1,8,19,42,No Junction,Medium
15,Wednesday,6,0,0,Urban Road,Clear,3,19,40,Car,1,16,Dry,7,0,0,1,9,28,39,Intersection,Low
12,Tuesday,11,0,0,Urban Road,Cloudy,1,62,40,Motorcycle,5,8,Dry,4,0,1,3,8,20,66,Intersection,High
7,Wednesday,1,1,0,Urban Road,Clear,8,10,40,Motorcycle,2,1,Dry,7,0,0,1,8,32,66,No Junction,Medium
7,Friday,7,1,0,Residential,Clear,6,10,40,Motorcycle,1,7,Dry,8,0,0,1,7,23,65,No Junction,Medium
12,Tuesday,5,0,0,State Highway,Rainy,1,32,60,Motorcycle,3,12,Dry,4,0,1,0,7,34,74,Intersection,Medium
18,Friday,4,1,0,State Highway,Clear,7,18,60,Truck,1,7,Dry,5,0,0,0,5,36,71,No Junction,Medium
21,Monday,9,0,0,Urban Road,Rainy,5,33,40,Car,2,10,Good,7,0,0,1,9,25,33,No Junction,Medium
6,Wednesday,10,0,0,State Highway,Clear,3,91,60,Bicycle,2,6,Dry,10,0,0,0,7,23,62,T-Junction,Medium
12,Thursday,1,0,0,Residential,Clear,8,29,40,Car,1,6,Dry,11,0,0,1,5,19,68,T-Junction,Medium
6,Tuesday,11,0,0,National Highway,Foggy,4,33,80,Bicycle,2,4,Good,7,0,0,1,4,16,44,T-Junction,Medium
1,Wednesday,4,0,0,Urban Road,Rainy,5,27,40,Truck,4,0,Wet,8,0,0,0,5,18,36,Y-Junction,Medium
17,Thursday,3,1,0,National Highway,Clear,4,37,80,Truck,4,5,Dry,7,0,1,0,9,24,79,Intersection,High
16,Monday,6,0,0,Residential,Clear,5,10,40,Auto,2,9,Dry,11,0,0,0,5,13,47,Intersection,Medium
7,Tuesday,5,1,0,State Highway,Clear,6,10,60,Auto,1,5,Dry,12,0,0,0,5,32,82,T-Junction,Low
8,Friday,7,1,0,Highway,Cloudy,10,10,80,Car,2,2,Wet,10,0,0,1,7,30,65,Y-Junction,Medium
2,Monday,1,0,0,Urban Road,Rainy,3,22,40,Truck,2,11,Dry,9,0,0,0,9,30,59,Intersection,Low
19,Saturday,5,1,1,Urban Road,Rainy,5,59,40,Motorcycle,5,0,Wet,9,0,0,0,5,35,77,Intersection,High
23,Thursday,2,0,0,Highway,Clear,2,33,80,Motorcycle,2,4,Slippery,8,0,0,0,8,21,67,T-Junction,Low
7,Tuesday,2,1,0,Urban Road,Rainy,9,10,40,Car,2,0,Dry,5,0,1,0,5,21,63,No Junction,Medium
8,Tuesday,11,1,0,National Highway,Clear,5,29,80,Motorcycle,4,5,Wet,6,0,0,2,6,34,48,Intersection,High
20,Sunday,11,1,1,Urban Road,Rainy,3,56,40,Car,2,5,Good,8,0,0,0,6,24,94,T-Junction,Medium
21,Sunday,2,0,1,Highway,Rainy,5,45,80,Car,5,7,Under Construction,6,0,0,2,5,30,45,Y-Junction,High
12,Monday,9,0,0,Urban Road,Cloudy,6,43,40,Car,2,15,Slippery,3,0,0,1,5,15,87,No Junction,High
5,Tuesday,10,0,0,Highway,Cloudy,3,68,80,Motorcycle,3,0,Wet,7,0,0,0,8,34,35,Y-Junction,Medium
3,Thursday,3,0,0,Urban Road,Clear,2,38,40,Auto,3,1,Dry,3,0,0,0,5,30,73,No Junction,Low
16,Monday,4,0,0,Residential,Cloudy,4,12,40,Bus,4,2,Wet,13,1,0,0,7,18,80,T-Junction,High
12,Friday,5,0,0,Urban Road,Clear,3,53,40,Car,1,10,Slippery,6,0,0,0,9,36,67,Roundabout,Medium
2,Monday,4,0,0,State Highway,Clear,4,37,60,Truck,5,3,Wet,7,1,0,0,8,28,78,Intersection,High
16,Monday,4,0,0,Highway,Clear,5,16,80,Truck,3,0,Slippery,11,0,0,0,5,39,88,Intersection,Medium
1,Friday,5,0,0,State Highway,Foggy,6,10,60,Bus,1,4,Good,15,1,1,0,2,15,77,T-Junction,High
19,Saturday,10,1,1,National Highway,Rainy,5,44,80,Truck,3,2,Wet,7,0,0,1,5,30,98,No Junction,Medium
9,Sunday,9,1,1,Highway,Clear,3,10,80,Car,3,2,Wet,5,0,0,0,8,24,100,T-Junction,High
4,Thursday,12,0,0,State Highway,Clear,1,54,60,Truck,1,6,Wet,9,1,0,0,8,26,95,T-Junction,Medium
16,Saturday,9,0,1,Urban Road,Clear,3,32,40,Car,1,9,Dry,7,0,0,0,6,28,78,Intersection,Low
12,Saturday,6,0,1,Urban Road,Cloudy,1,72,40,Motorcycle,1,11,Dry,7,0,0,0,6,17,57,No Junction,Medium
23,Saturday,11,0,1,Urban Road,Rainy,2,58,40,Truck,2,0,Wet,8,0,0,0,5,40,71,T-Junction,Medium
15,Sunday,12,0,1,Urban Road,Clear,4,47,40,Car,3,10,Dry,9,0,0,0,9,38,76,Y-Junction,Medium
9,Wednesday,3,1,0,National Highway,Cloudy,7,24,80,Motorcycle,2,9,Wet,14,0,0,0,7,29,42,No Junction,Medium
18,Sunday,6,1,1,Urban Road,Clear,5,10,40,Car,1,4,Under Construction,3,0,0,0,6,20,63,Roundabout,Low
9,Saturday,10,1,1,Highway,Rainy,5,27,80,Bus,2,8,Good,13,0,0,0,6,26,45,No Junction,Medium
21,Wednesday,4,0,0,Urban Road,Clear,5,24,40,Auto,3,3,Under Construction,7,0,1,0,9,29,54,No Junction,Medium
11,Friday,3,0,0,Residential,Clear,2,46,40,Motorcycle,1,0,Dry,10,0,0,0,8,23,72,Roundabout,Low
15,Sunday,6,0,1,National Highway,Clear,1,42,80,Motorcycle,2,5,Dry,8,0,1,0,5,33,61,T-Junction,Medium
5,Thursday,11,0,0,Residential,Rainy,5,10,40,Car,2,5,Dry,8,0,0,1,5,28,53,T-Junction,Medium
12,Saturday,6,0,1,Urban Road,Cloudy,4,36,40,Motorcycle,2,0,Dry,8,0,1,1,7,27,73,Intersection,Low
19,Tuesday,2,1,0,Urban Road,Foggy,6,10,40,Car,2,7,Slippery,5,0,0,0,2,32,63,Intersection,High
19,Friday,9,1,0,Urban Road,Rainy,8,36,40,Truck,4,13,Dry,12,0,1,0,9,17,65,Intersection,High
8,Wednesday,8,1,0,Highway,Cloudy,9,22,80,Bicycle,5,8,Wet,9,0,1,1,9,23,65,Roundabout,High
8,Sunday,6,1,1,Urban Road,Rainy,4,14,40,Bus,3,6,Dry,9,0,0,0,8,27,72,T-Junction,Medium
19,Thursday,1,1,0,Highway,Clear,8,10,80,Motorcycle,1,11,Wet,7,0,1,2,9,23,32,T-Junction,High
22,Monday,12,0,0,State Highway,Heavy Rain,4,10,60,Truck,1,13,Slippery,3,0,0,0,5,19,65,Intersection,Medium
6,Thursday,2,0,0,Urban Road,Rainy,1,48,40,Bicycle,1,0,Good,10,0,0,0,5,20,97,T-Junction,Low
13,Thursday,4,0,0,State Highway,Clear,5,24,60,Car,1,1,Good,10,1,0,0,8,27,20,No Junction,Low
10,Saturday,7,1,1,National Highway,Foggy,7,52,80,Car,4,4,Dry,9,0,0,0,4,29,57,No Junction,High
20,Saturday,9,1,1,National Highway,Rainy,4,29,80,Car,1,6,Under Construction,8,0,0,2,7,41,67,T-Junction,Medium
6,Sunday,10,0,1,Highway,Clear,6,56,80,Motorcycle,2,0,Wet,7,0,0,3,9,34,42,No Junction,High
8,Sunday,5,1,1,National Highway,Clear,5,23,80,Bus,2,9,Slippery,11,0,0,0,7,21,33,No Junction,High
18,Wednesday,10,1,0,State Highway,Rainy,8,41,60,Motorcycle,3,4,Under Construction,9,1,1,0,9,35,56,Intersection,High
5,Sunday,2,0,1,State Highway,Clear,5,19,60,Motorcycle,2,7,Dry,8,0,0,0,7,28,53,No Junction,Low
14,Wednesday,11,0,0,Highway,Rainy,4,49,80,Car,2,4,Good,3,0,1,1,6,27,78,Roundabout,Medium
13,Saturday,11,0,1,Highway,Clear,8,18,80,Motorcycle,1,12,Wet,3,1,0,1,6,23,53,Intersection,High
10,Saturday,11,1,1,National Highway,Rainy,8,41,80,Car,2,3,Dry,14,0,0,0,8,18,75,No Junction,Medium
12,Tuesday,1,0,0,Urban Road,Heavy Rain,1,30,40,Car,1,5,Dry,10,0,0,0,5,28,69,No Junction,Medium
15,Tuesday,10,0,0,Highway,Foggy,1,37,80,Car,2,8,Slippery,11,0,0,0,1,20,79,No Junction,High
7,Friday,1,1,0,Urban Road,Rainy,7,27,40,Car,3,5,Slippery,3,0,0,0,5,26,57,T-Junction,High
16,Saturday,5,0,1,National Highway,Clear,1,34,80,Bus,4,4,Slippery,10,0,1,1,8,34,61,Intersection,High
19,Monday,7,1,0,Urban Road,Rainy,6,40,40,Car,2,11,Dry,7,0,0,1,8,34,86,T-Junction,Medium
18,Tuesday,9,1,0,National Highway,Cloudy,8,27,80,Motorcycle,3,4,Dry,8,0,0,0,6,26,90,T-Junction,Medium
7,Wednesday,9,1,0,Urban Road,Clear,7,68,40,Truck,1,4,Slippery,9,0,0,0,7,34,98,T-Junction,High
7,Thursday,8,1,0,Urban Road,Clear,5,52,40,Car,2,5,Dry,8,0,0,0,7,29,43,Intersection,Medium
9,Sunday,1,1,1,Urban Road,Rainy,8,24,40,Motorcycle,1,7,Dry,8,0,0,1,8,37,47,No Junction,Medium
11,Sunday,5,0,1,Residential,Rainy,3,30,40,Car,5,6,Dry,5,0,0,1,6,20,71,Intersection,High
12,Friday,6,0,0,Urban Road,Cloudy,5,48,40,Auto,2,0,Dry,9,1,0,2,5,27,58,Intersection,High
17,Tuesday,6,1,0,Urban Road,Rainy,6,17,40,Car,1,10,Wet,5,1,1,0,6,25,23,No Junction,High
5,Thursday,4,0,0,Urban Road,Cloudy,6,69,40,Motorcycle,3,4,Dry,5,0,0,0,7,30,73,T-Junction,High
3,Thursday,1,0,0,Urban Road,Clear,2,42,40,Auto,2,10,Under Construction,8,0,0,1,5,30,48,No Junction,Medium
12,Tuesday,3,0,0,Residential,Clear,4,14,40,Bus,1,7,Slippery,4,0,0,0,8,27,65,T-Junction,Medium
18,Monday,10,1,0,Urban Road,Foggy,7,19,40,Car,3,6,Slippery,11,0,0,1,3,41,70,No Junction,High
8,Monday,4,1,0,Highway,Clear,10,16,80,Motorcycle,2,0,Wet,11,0,1,1,8,21,56,No Junction,High
17,Friday,4,1,0,Highway,Clear,8,18,80,Car,3,2,Wet,6,0,0,0,6,22,59,T-Junction,Medium
8,Monday,4,1,0,Urban Road,Clear,2,52,40,Car,3,2,Wet,7,0,1,2,5,33,78,Intersection,High
20,Friday,5,1,0,National Highway,Foggy,7,10,80,Motorcycle,2,4,Dry,8,0,0,2,1,30,29,Y-Junction,High
21,Wednesday,11,0,0,Urban Road,Cloudy,3,43,40,Car,3,1,Dry,3,0,0,1,7,22,39,Intersection,Medium
9,Tuesday,9,1,0,Highway,Clear,8,10,80,Car,4,6,Slippery,3,0,0,0,8,35,20,T-Junction,High
8,Thursday,4,1,0,Urban Road,Cloudy,4,10,40,Bus,2,13,Dry,10,0,0,0,5,28,52,Y-Junction,Medium
12,Friday,9,0,0,Residential,Clear,3,32,40,Motorcycle,5,2,Dry,9,0,1,3,5,28,96,No Junction,High
8,Sunday,9,1,1,Residential,Heavy Rain,5,10,40,Auto,1,11,Wet,6,0,0,1,3,24,42,No Junction,High
17,Monday,1,1,0,Urban Road,Heavy Rain,6,52,40,Car,5,2,Slippery,6,1,0,0,5,30,67,T-Junction,High
19,Sunday,5,1,1,Residential,Cloudy,7,21,40,Truck,1,0,Slippery,10,1,0,0,9,20,63,T-Junction,High
17,Friday,9,1,0,Residential,Clear,8,17,40,Bus,2,0,Under Construction,3,0,0,0,5,23,44,T-Junction,Medium
19,Saturday,4,1,1,Highway,Clear,3,35,80,Bus,2,3,Dry,13,0,1,1,7,33,51,Intersection,Medium
12,Friday,5,0,0,Highway,Rainy,7,34,80,Bus,1,1,Good,10,1,0,1,5,12,24,No Junction,High
7,Monday,4,1,0,Urban Road,Clear,7,53,40,Car,1,7,Slippery,6,1,0,0,5,24,73,T-Junction,High
18,Saturday,2,1,1,Residential,Cloudy,3,10,40,Motorcycle,3,3,Dry,9,0,0,0,5,31,94,T-Junction,Medium
11,Saturday,10,0,1,National Highway,Cloudy,1,10,80,Auto,1,12,Under Construction,12,0,0,0,9,36,39,Intersection,Low
17,Monday,2,1,0,Urban Road,Heavy Rain,9,10,40,Motorcycle,1,11,Wet,4,0,0,2,4,28,68,Y-Junction,High
9,Saturday,2,1,1,State Highway,Clear,4,24,60,Motorcycle,3,6,Dry,11,0,1,0,8,32,87,Intersection,Medium
6,Tuesday,1,0,0,Highway,Clear,3,45,80,Car,5,7,Dry,7,0,1,0,8,31,83,T-Junction,High
23,Thursday,3,0,0,State Highway,Clear,6,65,60,Motorcycle,2,1,Wet,10,0,0,0,8,23,78,Intersection,Medium
7,Sunday,11,1,1,Residential,Clear,3,41,40,Auto,2,5,Wet,10,0,1,2,5,25,95,No Junction,High
23,Tuesday,10,0,0,Residential,Clear,3,44,40,Car,1,4,Good,8,0,0,0,8,28,37,Y-Junction,Low
23,Tuesday,1,0,0,Highway,Clear,3,57,80,Bicycle,4,7,Dry,11,0,0,0,8,39,50,Intersection,Medium
19,Monday,4,1,0,Highway,Clear,6,10,80,Car,1,8,Wet,6,0,0,1,6,30,62,T-Junction,Medium
17,Monday,1,1,0,Residential,Clear,7,10,40,Motorcycle,2,4,Dry,7,0,0,0,9,27,78,Intersection,Medium
16,Sunday,4,0,1,Highway,Cloudy,5,18,80,Motorcycle,5,11,Wet,5,0,0,3,8,19,83,T-Junction,High
20,Thursday,3,1,0,Highway,Rainy,8,19,80,Bus,2,10,Good,5,0,1,1,9,25,65,No Junction,Medium
9,Friday,9,1,0,Highway,Rainy,9,60,80,Motorcycle,1,5,Wet,8,0,0,0,7,25,74,Intersection,High
13,Tuesday,1,0,0,Highway,Rainy,3,40,80,Car,1,16,Wet,10,0,0,0,6,31,72,T-Junction,Medium
17,Saturday,8,1,1,Residential,Clear,6,37,40,Bicycle,1,6,Slippery,4,0,0,3,7,24,29,Y-Junction,High
12,Thursday,11,0,0,Urban Road,Cloudy,3,74,40,Motorcycle,2,7,Dry,9,0,0,0,9,28,51,T-Junction,Medium
12,Tuesday,9,0,0,Urban Road,Clear,4,57,40,Car,2,7,Good,11,0,0,0,9,29,22,Intersection,Medium
10,Friday,12,1,0,Urban Road,Rainy,6,38,40,Motorcycle,2,8,Wet,11,0,0,1,7,29,57,Intersection,High
16,Saturday,7,0,1,State Highway,Clear,1,57,60,Motorcycle,2,0,Slippery,7,0,0,0,8,24,63,Intersection,Medium
20,Tuesday,1,1,0,National Highway,Heavy Rain,7,10,80,Car,1,5,Under Construction,4,0,0,0,5,24,66,No Junction,Medium
8,Wednesday,4,1,0,Urban Road,Cloudy,7,36,40,Truck,2,2,Wet,10,0,0,1,9,29,55,T-Junction,Medium
22,Sunday,10,0,1,Residential,Clear,3,59,40,Motorcycle,5,5,Wet,9,0,0,0,5,24,71,Intersection,High
17,Thursday,1,1,0,Urban Road,Heavy Rain,6,10,40,Car,2,9,Slippery,7,0,0,3,5,17,65,Roundabout,High
19,Sunday,4,1,1,Urban Road,Rainy,1,42,40,Car,2,10,Dry,7,0,0,0,7,29,49,T-Junction,Low
15,Monday,3,0,0,Residential,Foggy,5,30,40,Motorcycle,1,7,Dry,9,0,0,0,2,16,37,T-Junction,Medium
19,Tuesday,2,1,0,Urban Road,Clear,8,10,40,Auto,1,8,Good,9,1,1,1,9,27,49,Y-Junction,Medium
1,Saturday,1,0,1,Urban Road,Clear,7,33,40,Motorcycle,1,0,Dry,6,1,0,0,7,21,70,Intersection,Medium
19,Saturday,6,1,1,Residential,Cloudy,6,15,40,Auto,1,4,Wet,7,0,1,1,5,26,63,Roundabout,High
4,Thursday,12,0,0,National Highway,Clear,10,53,80,Bus,2,1,Dry,3,0,0,0,5,38,68,Intersection,Medium
20,Thursday,7,1,0,State Highway,Cloudy,7,23,60,Motorcycle,2,0,Dry,8,0,1,3,9,31,68,T-Junction,High
23,Sunday,6,0,1,State Highway,Clear,4,14,60,Motorcycle,5,4,Slippery,9,0,0,2,8,24,88,Y-Junction,High
9,Saturday,9,1,1,Urban Road,Clear,5,56,40,Truck,5,9,Wet,4,0,1,0,5,19,51,Roundabout,High
8,Saturday,12,1,1,Urban Road,Rainy,4,10,40,Motorcycle,2,6,Wet,7,0,1,0,5,16,80,T-Junction,Medium
18,Saturday,9,1,1,State Highway,Clear,7,67,60,Motorcycle,1,0,Good,6,0,0,3,8,19,100,No Junction,High
8,Tuesday,2,1,0,Highway,Heavy Rain,9,18,80,Car,2,7,Slippery,11,0,1,0,5,22,35,T-Junction,High
20,Saturday,2,1,1,Residential,Clear,7,10,40,Motorcycle,4,9,Dry,4,0,0,0,8,20,71,Roundabout,Medium
6,Monday,9,0,0,Urban Road,Clear,5,49,40,Truck,2,13,Wet,11,0,0,1,7,30,54,Intersection,Medium
7,Saturday,1,1,1,Urban Road,Rainy,5,29,40,Car,2,0,Under Construction,11,1,1,2,6,27,48,Intersection,High
23,Monday,5,0,0,Urban Road,Foggy,4,16,40,Car,2,3,Dry,3,0,1,0,1,37,100,Y-Junction,Medium
17,Tuesday,1,1,0,State Highway,Heavy Rain,6,12,60,Car,1,3,Wet,9,0,0,0,3,21,76,No Junction,High
20,Thursday,7,1,0,Highway,Clear,7,50,80,Car,2,9,Dry,9,1,0,0,5,25,57,Roundabout,High
10,Monday,9,1,0,State Highway,Clear,7,29,60,Auto,1,0,Dry,3,0,1,0,6,17,85,Intersection,Medium
17,Tuesday,6,1,0,State Highway,Rainy,5,10,60,Auto,4,7,Good,7,0,0,2,7,28,82,No Junction,Medium
16,Saturday,2,0,1,National Highway,Clear,6,53,80,Car,1,5,Under Construction,6,0,1,2,6,16,66,T-Junction,High
16,Tuesday,6,0,0,Urban Road,Rainy,8,39,40,Bus,1,3,Dry,5,0,0,1,5,21,67,T-Junction,Medium
17,Saturday,9,1,1,Urban Road,Cloudy,5,10,40,Motorcycle,4,4,Under Construction,6,0,1,2,8,27,62,No Junction,Medium
16,Sunday,3,0,1,National Highway,Clear,4,61,80,Motorcycle,4,1,Dry,10,0,1,0,7,10,61,No Junction,High
12,Tuesday,9,0,0,Urban Road,Clear,6,59,40,Motorcycle,3,5,Wet,8,0,1,0,6,23,48,Intersection,High
9,Thursday,8,1,0,Urban Road,Clear,5,14,40,Truck,5,5,Slippery,6,0,0,0,5,24,53,Roundabout,High
18,Monday,12,1,0,Urban Road,Foggy,8,26,40,Motorcycle,1,3,Wet,4,0,0,2,4,32,64,Intersection,High
8,Sunday,7,1,1,Highway,Clear,5,65,80,Car,3,0,Under Construction,10,0,0,0,5,31,57,Intersection,High
18,Thursday,8,1,0,Urban Road,Clear,6,10,40,Motorcycle,1,10,Wet,13,0,1,0,5,27,50,No Junction,Medium
8,Wednesday,10,1,0,Residential,Clear,4,58,40,Motorcycle,2,6,Wet,7,0,0,1,5,23,99,No Junction,Medium
17,Saturday,6,1,1,Residential,Heavy Rain,5,51,40,Auto,1,8,Good,7,0,0,0,3,26,73,No Junction,High
18,Monday,3,1,0,Highway,Rainy,7,10,80,Car,4,5,Dry,15,0,0,0,7,31,58,T-Junction,Medium
8,Thursday,7,1,0,State Highway,Clear,10,10,60,Bus,1,8,Wet,10,0,0,0,8,29,87,Y-Junction,Medium
5,Monday,4,0,0,Urban Road,Clear,4,26,40,Motorcycle,2,0,Slippery,11,0,0,0,7,36,57,Intersection,Medium
7,Wednesday,11,1,0,Urban Road,Clear,5,10,40,Truck,3,5,Under Construction,6,0,0,1,6,27,54,No Junction,Medium
16,Friday,10,0,0,National Highway,Clear,5,20,80,Car,3,3,Wet,5,1,0,0,7,29,44,No Junction,High
20,Saturday,5,1,1,Urban Road,Foggy,8,32,40,Car,2,3,Under Construction,11,0,0,1,1,20,61,Intersection,High
4,Saturday,8,0,1,State Highway,Rainy,6,45,60,Bus,3,9,Wet,9,0,0,1,6,26,79,Roundabout,Medium
18,Tuesday,7,1,0,Residential,Foggy,4,42,40,Car,1,0,Dry,8,0,0,0,2,28,77,Intersection,High
10,Saturday,7,1,1,Residential,Clear,6,15,40,Bus,1,10,Good,9,1,0,0,7,27,72,No Junction,Medium
13,Saturday,8,0,1,Urban Road,Clear,7,84,40,Motorcycle,1,2,Slippery,13,1,0,3,5,38,69,T-Junction,High
21,Thursday,10,0,0,Urban Road,Clear,2,77,40,Truck,3,4,Wet,5,0,0,0,7,20,57,T-Junction,High
10,Sunday,3,1,1,Urban Road,Clear,6,27,40,Car,2,6,Under Construction,8,1,0,3,6,25,97,Intersection,High
13,Saturday,3,0,1,Urban Road,Clear,4,51,40,Truck,2,6,Slippery,5,0,1,0,8,37,100,No Junction,Medium
1,Saturday,2,0,1,Urban Road,Rainy,1,52,40,Auto,1,8,Wet,8,0,1,1,7,32,63,No Junction,Medium
6,Wednesday,1,0,0,State Highway,Clear,6,37,60,Car,1,1,Slippery,10,0,0,0,7,29,65,Roundabout,Medium
8,Sunday,10,1,1,Urban Road,Clear,7,36,40,Bus,2,1,Slippery,8,0,1,0,6,20,28,No Junction,High
2,Wednesday,6,0,0,State Highway,Rainy,3,40,60,Motorcycle,2,7,Wet,13,0,1,1,9,29,65,Intersection,Medium
17,Monday,6,1,0,Urban Road,Clear,4,16,40,Car,1,3,Wet,6,0,0,0,9,26,50,No Junction,Low
12,Monday,10,0,0,Residential,Cloudy,7,35,40,Bus,1,4,Good,9,1,0,0,7,34,89,No Junction,Medium
15,Saturday,12,0,1,National Highway,Cloudy,1,38,80,Car,3,0,Wet,11,0,0,0,5,28,92,Intersection,High
7,Saturday,8,1,1,National Highway,Clear,8,10,80,Auto,2,6,Dry,6,0,1,0,7,37,39,T-Junction,Medium
9,Tuesday,6,1,0,Urban Road,Heavy Rain,7,10,40,Motorcycle,2,2,Wet,6,0,0,0,4,39,55,No Junction,High
17,Monday,6,1,0,State Highway,Clear,6,30,60,Truck,2,10,Dry,7,1,0,3,7,29,68,No Junction,High
22,Thursday,1,0,0,Urban Road,Heavy Rain,7,35,40,Truck,1,0,Slippery,3,1,0,0,2,30,94,Intersection,High
5,Saturday,12,0,1,Highway,Heavy Rain,3,46,80,Motorcycle,1,1,Dry,11,1,0,0,4,27,88,Intersection,High
21,Thursday,7,0,0,Residential,Cloudy,4,31,40,Bus,2,3,Dry,8,0,0,0,7,18,90,Y-Junction,Low
16,Saturday,7,0,1,National Highway,Clear,5,41,80,Motorcycle,2,8,Good,3,0,0,0,6,18,61,Intersection,Medium
16,Thursday,10,0,0,National Highway,Rainy,3,46,80,Auto,2,3,Slippery,6,0,0,0,5,33,91,Intersection,Medium
14,Friday,9,0,0,Highway,Foggy,5,23,80,Motorcycle,2,0,Wet,11,0,1,0,1,36,30,T-Junction,High
5,Thursday,12,0,0,State Highway,Clear,2,67,60,Car,3,7,Dry,7,0,0,3,9,24,76,Intersection,High
6,Sunday,7,0,1,State Highway,Cloudy,5,10,60,Motorcycle,4,7,Under Construction,12,0,0,1,7,26,66,T-Junction,Medium
16,Monday,8,0,0,Urban Road,Cloudy,3,60,40,Bus,1,2,Good,7,0,1,0,9,26,97,Intersection,Medium
10,Saturday,4,1,1,Residential,Cloudy,6,29,40,Car,2,8,Wet,3,0,0,1,6,23,53,Intersection,Medium
21,Monday,9,0,0,Urban Road,Rainy,10,34,40,Truck,1,11,Wet,3,0,0,1,8,41,80,Intersection,High
12,Sunday,1,0,1,Urban Road,Clear,2,37,40,Motorcycle,2,3,Dry,14,0,1,0,9,25,100,T-Junction,Medium
7,Sunday,8,1,1,State Highway,Rainy,9,10,60,Car,2,4,Wet,5,0,1,0,7,34,63,Roundabout,High
18,Thursday,3,1,0,Urban Road,Foggy,6,13,40,Auto,2,4,Wet,6,0,0,2,1,14,73,T-Junction,High
9,Wednesday,1,1,0,Urban Road,Clear,8,32,40,Motorcycle,1,5,Under Construction,7,0,1,0,5,35,64,T-Junction,Medium
15,Wednesday,2,0,0,Highway,Clear,7,33,80,Bus,3,8,Dry,8,0,0,3,7,40,52,Y-Junction,Medium
18,Sunday,6,1,1,Residential,Clear,7,10,40,Motorcycle,3,11,Wet,5,1,0,0,5,29,55,T-Junction,High
21,Wednesday,5,0,0,Urban Road,Clear,5,34,40,Car,1,4,Dry,11,1,0,0,9,32,75,No Junction,Medium
19,Saturday,3,1,1,Urban Road,Clear,2,33,40,Auto,1,8,Dry,8,0,0,0,6,33,54,Roundabout,Low
17,Tuesday,9,1,0,Residential,Rainy,8,37,40,Car,1,13,Dry,11,0,0,1,8,31,68,Intersection,Medium
17,Friday,8,1,0,Highway,Clear,7,10,80,Motorcycle,2,7,Wet,3,0,0,0,7,27,49,Intersection,Medium
22,Thursday,3,0,0,State Highway,Clear,3,41,60,Car,3,0,Dry,9,0,0,1,6,23,85,Roundabout,Medium
9,Tuesday,2,1,0,Urban Road,Rainy,5,34,40,Car,3,2,Good,9,0,0,0,6,32,79,No Junction,Medium
0,Wednesday,8,0,0,Urban Road,Foggy,2,18,40,Car,2,6,Slippery,7,1,0,0,3,20,42,No Junction,Medium
9,Thursday,5,1,0,Highway,Cloudy,7,10,80,Bus,3,16,Slippery,6,0,0,0,9,32,56,No Junction,High
8,Tuesday,9,1,0,Highway,Clear,6,17,80,Car,2,6,Under Construction,3,0,1,0,8,21,52,No Junction,High
17,Monday,1,1,0,National Highway,Clear,6,10,80,Motorcycle,2,7,Dry,3,0,0,0,8,21,60,Intersection,Medium
17,Wednesday,10,1,0,Urban Road,Cloudy,8,10,40,Motorcycle,3,12,Under Construction,11,0,0,0,8,15,80,T-Junction,Medium
16,Tuesday,3,0,0,Residential,Clear,4,25,40,Auto,2,13,Good,9,0,1,2,5,24,51,T-Junction,Medium
1,Saturday,5,0,1,Highway,Clear,4,53,80,Bus,2,13,Dry,7,0,1,0,7,34,53,Intersection,Medium
18,Monday,2,1,0,Residential,Rainy,6,24,40,Truck,2,8,Good,7,1,1,0,8,31,58,T-Junction,High
10,Wednesday,3,1,0,National Highway,Clear,7,45,80,Auto,4,4,Dry,11,1,0,0,7,25,73,No Junction,High
17,Friday,4,1,0,Urban Road,Rainy,5,34,40,Motorcycle,2,12,Dry,10,0,0,3,8,22,24,Roundabout,Medium
15,Sunday,4,0,1,Residential,Cloudy,1,71,40,Bus,1,9,Dry,5,0,0,0,9,37,72,No Junction,Medium
10,Wednesday,11,1,0,National Highway,Clear,6,16,80,Auto,4,1,Good,3,0,0,1,9,14,21,Roundabout,Medium
7,Saturday,9,1,1,Residential,Clear,5,57,40,Bus,1,6,Wet,9,0,0,1,8,27,64,Intersection,Medium
6,Friday,1,0,0,Highway,Clear,3,14,80,Motorcycle,1,5,Slippery,11,0,0,2,6,21,52,Y-Junction,Medium
19,Friday,12,1,0,Urban Road,Clear,7,10,40,Bus,1,1,Dry,10,1,0,0,7,28,30,No Junction,Medium
21,Friday,9,0,0,Highway,Rainy,7,21,80,Motorcycle,1,3,Dry,12,0,0,0,9,28,83,T-Junction,Medium
17,Thursday,9,1,0,State Highway,Clear,4,60,60,Car,2,6,Under Construction,7,0,0,3,5,33,55,Intersection,High
6,Thursday,11,0,0,Residential,Cloudy,6,49,40,Car,4,4,Wet,8,0,1,0,6,35,40,T-Junction,High
12,Sunday,6,0,1,National Highway,Foggy,7,16,80,Truck,1,8,Dry,7,0,1,1,2,16,71,T-Junction,High
18,Friday,11,1,0,Highway,Clear,8,10,80,Car,1,1,Dry,10,0,1,1,6,23,85,No Junction,Medium
19,Sunday,1,1,1,Urban Road,Clear,6,10,40,Car,1,4,Dry,5,0,0,0,7,28,40,Intersection,Low
7,Monday,11,1,0,Highway,Clear,7,14,80,Motorcycle,1,2,Wet,8,0,0,1,6,34,84,Intersection,Medium
0,Friday,12,0,0,Urban Road,Clear,6,18,40,Car,4,0,Slippery,12,1,0,1,5,31,33,Y-Junction,High
18,Tuesday,6,1,0,Highway,Clear,1,47,80,Car,2,4,Wet,5,0,0,0,6,20,23,Intersection,Medium
11,Friday,8,0,0,Urban Road,Rainy,1,67,40,Truck,1,2,Dry,3,1,1,2,9,29,58,No Junction,High
8,Thursday,5,1,0,State Highway,Rainy,7,17,60,Truck,1,9,Dry,9,0,0,1,5,32,63,Intersection,Medium
1,Thursday,5,0,0,Highway,Heavy Rain,5,13,80,Auto,2,7,Dry,14,0,0,3,2,22,85,T-Junction,High
15,Tuesday,1,0,0,Urban Road,Foggy,7,33,40,Bus,1,7,Under Construction,5,0,0,1,4,23,55,Y-Junction,High
20,Tuesday,1,1,0,National Highway,Clear,6,47,80,Car,2,6,Wet,11,0,0,0,7,24,64,Y-Junction,High
22,Wednesday,8,0,0,National Highway,Foggy,3,45,80,Motorcycle,4,3,Dry,8,0,0,1,4,23,52,Y-Junction,High
16,Monday,5,0,0,Urban Road,Clear,2,42,40,Motorcycle,4,0,Dry,5,0,1,2,9,26,100,Intersection,Medium
14,Monday,8,0,0,National Highway,Clear,4,19,80,Motorcycle,1,7,Wet,10,0,0,0,6,27,56,T-Junction,Medium
6,Monday,10,0,0,Urban Road,Rainy,3,63,40,Bicycle,3,0,Slippery,3,0,1,0,7,27,53,Intersection,High
15,Saturday,2,0,1,Urban Road,Rainy,4,43,40,Car,2,2,Dry,12,0,0,0,6,30,58,Y-Junction,Medium
11,Thursday,4,0,0,State Highway,Rainy,6,27,60,Motorcycle,2,8,Wet,8,0,0,1,5,25,60,Roundabout,Medium
16,Monday,11,0,0,State Highway,Cloudy,2,34,60,Motorcycle,2,3,Wet,3,0,1,0,7,21,25,Intersection,Low
11,Wednesday,10,0,0,State Highway,Cloudy,6,33,60,Auto,2,10,Slippery,13,0,0,0,7,22,46,Y-Junction,Medium
8,Wednesday,9,1,0,State Highway,Clear,1,10,60,Auto,3,10,Under Construction,10,0,0,0,5,31,38,Roundabout,Medium
6,Monday,3,0,0,Urban Road,Rainy,7,10,40,Auto,2,5,Dry,8,1,1,1,5,23,50,No Junction,High
10,Tuesday,6,1,0,Residential,Heavy Rain,5,10,40,Bicycle,3,10,Good,10,0,0,0,3,30,97,No Junction,High
6,Wednesday,11,0,0,Urban Road,Foggy,7,44,40,Car,4,1,Slippery,3,0,0,0,4,30,21,No Junction,High
7,Sunday,7,1,1,Urban Road,Rainy,4,11,40,Motorcycle,1,0,Dry,6,0,0,0,8,34,38,T-Junction,Medium
23,Tuesday,3,0,0,Highway,Heavy Rain,5,33,80,Car,2,4,Slippery,15,0,0,0,5,22,75,T-Junction,High
13,Sunday,1,0,1,Urban Road,Clear,2,49,40,Bus,1,12,Wet,8,0,0,0,8,22,48,Roundabout,Medium
15,Thursday,2,0,0,State Highway,Clear,6,25,60,Motorcycle,2,4,Good,6,0,1,1,8,33,84,T-Junction,Medium
20,Saturday,11,1,1,State Highway,Foggy,4,10,60,Truck,2,10,Dry,8,0,0,0,3,16,87,Y-Junction,Medium
23,Wednesday,10,0,0,Residential,Rainy,1,56,40,Car,3,9,Wet,4,0,0,1,7,31,28,No Junction,Medium
16,Tuesday,7,0,0,Urban Road,Clear,6,81,40,Car,2,10,Good,12,0,0,1,7,34,38,Intersection,High
19,Sunday,7,1,1,Residential,Clear,4,10,40,Car,4,3,Dry,6,0,1,1,7,17,100,No Junction,High
10,Monday,12,1,0,Residential,Clear,10,29,40,Truck,2,9,Wet,3,0,0,0,7,28,74,Roundabout,Medium
9,Sunday,1,1,1,National Highway,Rainy,6,10,80,Motorcycle,2,0,Slippery,8,0,0,0,5,25,36,Roundabout,Medium
12,Sunday,10,0,1,Highway,Clear,6,53,80,Truck,1,7,Slippery,10,0,1,3,9,36,46,Intersection,High
17,Thursday,7,1,0,Urban Road,Clear,9,10,40,Motorcycle,1,8,Under Construction,10,0,0,3,6,38,79,T-Junction,Medium
17,Friday,10,1,0,National Highway,Clear,6,24,80,Car,2,5,Wet,3,0,0,0,6,42,63,No Junction,High
10,Friday,11,1,0,National Highway,Clear,6,22,80,Car,2,13,Dry,5,0,0,0,5,36,69,T-Junction,High
7,Monday,6,1,0,Urban Road,Clear,7,37,40,Auto,2,12,Wet,3,0,0,0,8,36,52,No Junction,Medium
17,Thursday,11,1,0,Highway,Clear,5,46,80,Truck,2,7,Dry,10,1,0,0,9,43,55,T-Junction,High
7,Thursday,6,1,0,State Highway,Rainy,5,19,60,Motorcycle,2,1,Dry,9,1,0,0,6,28,86,T-Junction,Medium
16,Thursday,7,0,0,Residential,Rainy,5,22,40,Motorcycle,2,2,Wet,9,1,0,0,8,31,80,Roundabout,Medium
18,Thursday,7,1,0,State Highway,Clear,9,10,60,Motorcycle,1,5,Dry,6,1,0,2,7,37,34,Intersection,High
18,Friday,1,1,0,Urban Road,Rainy,7,13,40,Car,1,11,Dry,3,1,0,2,9,27,55,Y-Junction,Medium
18,Tuesday,10,1,0,Urban Road,Cloudy,7,23,40,Auto,2,5,Dry,5,0,0,1,9,23,83,T-Junction,Medium
20,Thursday,5,1,0,Highway,Clear,8,21,80,Auto,1,1,Slippery,11,0,0,1,7,24,20,No Junction,Medium
14,Tuesday,8,0,0,Residential,Heavy Rain,7,17,40,Motorcycle,2,9,Wet,9,0,0,0,3,26,20,Intersection,Medium
18,Sunday,8,1,1,Highway,Clear,7,29,80,Motorcycle,3,13,Wet,3,0,0,0,9,27,98,T-Junction,High
17,Sunday,3,1,1,Highway,Clear,5,38,80,Car,2,0,Dry,7,0,1,0,5,24,64,T-Junction,High
8,Thursday,3,1,0,Urban Road,Clear,6,70,40,Car,2,3,Dry,9,1,0,1,5,17,61,Roundabout,High
2,Wednesday,7,0,0,Urban Road,Rainy,1,72,40,Truck,5,10,Dry,7,1,1,0,5,35,79,Intersection,High
9,Saturday,4,1,1,Urban Road,Clear,4,38,40,Motorcycle,2,6,Dry,3,0,0,0,9,41,25,Intersection,Medium
13,Wednesday,6,0,0,Highway,Clear,6,27,80,Bicycle,1,11,Slippery,6,0,1,2,6,19,68,Y-Junction,High
17,Sunday,9,1,1,National Highway,Cloudy,4,10,80,Car,4,3,Dry,5,0,0,0,8,20,85,Y-Junction,Medium
20,Saturday,10,1,1,Highway,Clear,4,10,80,Car,1,2,Wet,8,0,0,1,6,24,56,Intersection,Medium
8,Wednesday,2,1,0,Urban Road,Cloudy,8,30,40,Bicycle,2,6,Wet,8,0,0,1,8,20,97,Intersection,Medium
7,Thursday,2,1,0,Urban Road,Clear,4,28,40,Motorcycle,4,4,Dry,6,0,1,1,9,25,99,No Junction,Medium
22,Tuesday,6,0,0,State Highway,Cloudy,3,21,60,Motorcycle,3,5,Dry,9,1,0,1,7,27,91,Intersection,Medium
6,Saturday,3,0,1,Urban Road,Cloudy,2,40,40,Car,3,4,Slippery,12,0,0,0,8,31,71,No Junction,Medium
13,Friday,1,0,0,Highway,Clear,2,33,80,Car,2,0,Wet,17,1,1,0,8,25,62,Intersection,High
16,Monday,2,0,0,Highway,Rainy,3,38,80,Auto,2,4,Under Construction,5,0,0,1,6,36,55,No Junction,Medium
15,Saturday,7,0,1,Residential,Clear,1,27,40,Motorcycle,1,5,Dry,8,0,1,2,9,22,63,T-Junction,Low
6,Saturday,4,0,1,Residential,Clear,8,38,40,Auto,2,7,Slippery,3,1,0,3,6,24,85,No Junction,High
5,Friday,12,0,0,Urban Road,Foggy,4,31,40,Motorcycle,3,5,Dry,6,0,0,2,3,42,38,T-Junction,High
6,Thursday,2,0,0,Highway,Rainy,5,53,80,Auto,2,1,Dry,11,0,1,0,8,29,69,T-Junction,Medium
16,Wednesday,11,0,0,Urban Road,Foggy,1,41,40,Bus,4,1,Dry,3,0,0,0,3,30,80,No Junction,Medium
15,Wednesday,12,0,0,Residential,Clear,3,43,40,Car,1,6,Dry,6,0,1,0,9,23,48,Intersection,Medium
8,Sunday,12,1,1,Residential,Clear,6,19,40,Motorcycle,1,1,Slippery,7,1,0,0,8,29,63,Intersection,Medium
17,Tuesday,8,1,0,Highway,Clear,4,15,80,Auto,1,0,Dry,3,0,0,0,7,28,81,Intersection,Low
19,Thursday,4,1,0,Residential,Clear,8,10,40,Truck,4,8,Wet,9,1,1,1,6,28,75,Intersection,High
4,Friday,4,0,0,Urban Road,Clear,5,59,40,Bus,1,5,Dry,8,0,1,2,6,30,55,Intersection,High
14,Thursday,2,0,0,Residential,Clear,4,52,40,Motorcycle,1,9,Dry,6,0,0,0,9,35,46,Y-Junction,Medium
17,Thursday,1,1,0,Residential,Foggy,6,10,40,Car,3,6,Under Construction,9,0,0,3,1,20,41,Roundabout,High
8,Wednesday,1,1,0,National Highway,Clear,5,40,80,Auto,2,1,Wet,5,0,0,0,9,31,63,Roundabout,Medium
9,Friday,3,1,0,Urban Road,Clear,2,10,40,Bus,1,1,Wet,9,0,1,0,6,29,74,Intersection,Medium
17,Monday,6,1,0,Urban Road,Clear,7,21,40,Motorcycle,3,9,Dry,8,0,0,0,9,32,63,T-Junction,Medium
21,Saturday,7,0,1,Urban Road,Rainy,1,46,40,Truck,1,9,Dry,8,0,0,1,8,33,49,No Junction,Medium
19,Wednesday,9,1,0,Urban Road,Clear,6,44,40,Car,1,4,Wet,7,1,0,0,5,26,75,Intersection,High
16,Friday,5,0,0,Highway,Clear,7,40,80,Auto,1,1,Under Construction,3,0,0,0,5,26,62,No Junction,Medium
18,Tuesday,9,1,0,Urban Road,Clear,6,10,40,Car,1,8,Dry,3,0,0,0,9,31,46,T-Junction,Medium
11,Saturday,8,0,1,Highway,Clear,4,50,80,Truck,3,0,Wet,5,1,0,1,8,23,41,No Junction,High
17,Saturday,1,1,1,National Highway,Rainy,3,46,80,Motorcycle,2,4,Under Construction,6,0,0,0,8,27,58,Intersection,Medium
13,Wednesday,11,0,0,Residential,Clear,1,64,40,Motorcycle,2,10,Good,8,0,0,1,8,28,57,Y-Junction,Medium
8,Sunday,12,1,1,Highway,Clear,7,10,80,Car,3,5,Good,7,0,0,0,7,34,57,No Junction,Medium
18,Tuesday,3,1,0,Highway,Foggy,8,61,80,Car,2,4,Slippery,6,0,0,0,2,28,96,No Junction,High
15,Wednesday,8,0,0,Urban Road,Rainy,7,27,40,Car,4,2,Dry,3,0,0,2,6,29,73,No Junction,High
11,Thursday,9,0,0,Urban Road,Rainy,9,26,40,Car,1,6,Under Construction,5,0,0,1,6,26,69,Intersection,Medium
21,Sunday,4,0,1,Urban Road,Rainy,2,26,40,Car,1,10,Under Construction,4,0,1,3,8,29,54,T-Junction,Medium
2,Friday,12,0,0,Urban Road,Clear,5,79,40,Motorcycle,4,6,Wet,13,0,0,0,5,29,73,T-Junction,High
10,Tuesday,6,1,0,National Highway,Clear,9,10,80,Motorcycle,5,8,Dry,8,1,1,0,7,24,55,No Junction,High
5,Saturday,4,0,1,Residential,Clear,7,15,40,Motorcycle,1,9,Wet,12,0,0,3,6,31,100,T-Junction,Medium
18,Wednesday,9,1,0,Urban Road,Cloudy,9,43,40,Car,1,11,Dry,8,1,1,1,6,20,95,T-Junction,High
18,Saturday,2,1,1,State Highway,Rainy,4,17,60,Bus,1,2,Wet,13,0,0,0,6,28,39,Roundabout,Medium
10,Tuesday,6,1,0,Highway,Rainy,10,10,80,Car,1,9,Slippery,8,0,0,0,7,38,46,No Junction,Medium
17,Saturday,11,1,1,Highway,Cloudy,7,11,80,Car,2,10,Slippery,9,0,0,2,8,19,96,Roundabout,High
12,Wednesday,3,0,0,Urban Road,Clear,5,52,40,Motorcycle,1,0,Slippery,13,0,0,0,7,22,60,T-Junction,Medium
18,Sunday,10,1,1,Residential,Cloudy,5,35,40,Motorcycle,2,4,Wet,5,0,1,0,8,35,73,T-Junction,Medium
13,Wednesday,4,0,0,Urban Road,Heavy Rain,8,38,40,Auto,2,8,Wet,6,0,0,0,4,32,56,T-Junction,High
12,Monday,2,0,0,Highway,Rainy,10,54,80,Car,1,5,Good,8,0,0,0,6,22,20,Intersection,Medium
22,Saturday,11,0,1,National Highway,Clear,3,54,80,Motorcycle,1,8,Wet,16,0,0,0,5,20,41,Roundabout,High
8,Monday,8,1,0,Urban Road,Cloudy,7,28,40,Car,2,8,Slippery,6,0,0,2,7,14,71,Intersection,Medium
7,Sunday,10,1,1,State Highway,Rainy,7,28,60,Car,1,5,Slippery,8,0,1,1,7,17,64,No Junction,Medium
16,Monday,8,0,0,State Highway,Rainy,2,63,60,Motorcycle,2,3,Wet,10,0,0,1,6,26,58,No Junction,Medium
22,Saturday,1,0,1,Urban Road,Cloudy,4,17,40,Truck,2,4,Good,12,0,0,1,6,35,64,No Junction,Low
11,Tuesday,10,0,0,State Highway,Rainy,6,33,60,Motorcycle,1,1,Dry,10,0,0,1,5,34,40,T-Junction,Low
5,Thursday,6,0,0,Residential,Rainy,8,53,40,Car,1,0,Wet,12,0,1,3,5,32,37,No Junction,High
10,Sunday,1,1,1,National Highway,Clear,5,10,80,Bicycle,2,8,Dry,10,0,1,0,6,19,26,No Junction,Medium
14,Wednesday,6,0,0,Urban Road,Rainy,5,36,40,Car,2,9,Slippery,8,0,0,0,8,36,66,T-Junction,Low
7,Friday,7,1,0,National Highway,Cloudy,5,35,80,Motorcycle,3,1,Under Construction,4,0,0,1,6,31,84,Intersection,High
17,Sunday,2,1,1,Highway,Rainy,7,10,80,Truck,2,7,Dry,6,0,0,0,5,19,83,Intersection,High
23,Monday,9,0,0,State Highway,Cloudy,4,15,60,Motorcycle,2,7,Dry,6,0,0,0,6,20,86,T-Junction,Medium
13,Tuesday,8,0,0,Urban Road,Clear,6,32,40,Car,1,0,Wet,8,1,0,3,5,32,25,T-Junction,High
11,Saturday,9,0,1,Highway,Clear,2,72,80,Car,2,13,Good,9,0,0,1,9,33,55,Intersection,Medium
12,Tuesday,10,0,0,Highway,Clear,1,39,80,Auto,2,5,Dry,13,0,0,0,8,25,74,T-Junction,Medium
7,Tuesday,4,1,0,Urban Road,Clear,5,10,40,Auto,1,7,Wet,3,1,0,3,5,25,65,Intersection,High
20,Saturday,4,1,1,Urban Road,Clear,9,18,40,Car,3,7,Dry,7,1,0,1,7,30,57,Y-Junction,High
12,Friday,12,0,0,Urban Road,Clear,4,10,40,Car,4,6,Good,13,0,0,0,7,29,81,Intersection,Medium
11,Saturday,8,0,1,Urban Road,Rainy,3,27,40,Car,5,8,Wet,3,0,0,1,8,31,100,T-Junction,Medium
17,Friday,1,1,0,Urban Road,Cloudy,7,10,40,Auto,3,12,Wet,5,0,0,0,8,19,31,Roundabout,Medium
13,Saturday,8,0,1,Urban Road,Clear,4,59,40,Car,3,14,Dry,9,1,0,1,7,27,94,Intersection,High
17,Monday,7,1,0,Urban Road,Clear,8,24,40,Car,1,6,Slippery,10,0,0,0,9,30,57,T-Junction,Medium
5,Friday,12,0,0,State Highway,Heavy Rain,5,44,60,Truck,2,7,Dry,3,0,0,0,2,29,67,Intersection,Medium
19,Monday,7,1,0,Residential,Cloudy,10,10,40,Bus,3,13,Wet,12,0,0,0,5,28,61,T-Junction,High
22,Sunday,9,0,1,Highway,Cloudy,6,34,80,Motorcycle,1,5,Wet,9,0,0,0,8,23,41,Intersection,Medium
17,Friday,10,1,0,Urban Road,Clear,8,34,40,Car,1,2,Wet,3,0,0,0,7,30,68,No Junction,Medium
22,Friday,7,0,0,State Highway,Rainy,6,47,60,Bus,2,3,Under Construction,11,0,0,0,8,17,75,No Junction,Low
7,Saturday,2,1,1,Highway,Clear,6,10,80,Motorcycle,2,5,Dry,11,0,0,0,7,29,52,Roundabout,Low
13,Friday,1,0,0,Urban Road,Rainy,4,22,40,Truck,2,3,Dry,7,0,0,0,7,36,22,T-Junction,Medium
16,Monday,1,0,0,Urban Road,Clear,6,45,40,Car,1,11,Slippery,6,0,1,0,5,29,67,No Junction,Medium
16,Sunday,7,0,1,National Highway,Rainy,1,44,80,Motorcycle,1,3,Slippery,4,0,0,1,8,22,88,T-Junction,Medium
12,Saturday,5,0,1,Urban Road,Clear,1,55,40,Car,3,0,Dry,6,0,0,0,9,26,62,No Junction,Medium
10,Wednesday,4,1,0,Residential,Cloudy,6,26,40,Car,3,6,Dry,11,0,0,0,8,23,53,Roundabout,Medium
7,Sunday,5,1,1,Urban Road,Clear,6,18,40,Truck,2,9,Slippery,3,0,0,1,7,29,81,T-Junction,Medium
12,Sunday,10,0,1,State Highway,Clear,2,59,60,Auto,4,8,Dry,5,0,1,0,9,28,60,No Junction,Medium
7,Monday,10,1,0,Urban Road,Cloudy,8,10,40,Auto,1,4,Good,8,0,0,0,7,22,57,T-Junction,Medium
18,Sunday,6,1,1,Urban Road,Foggy,3,27,40,Motorcycle,2,5,Wet,10,0,1,2,3,34,61,No Junction,High
8,Wednesday,12,1,0,Urban Road,Clear,6,10,40,Auto,1,6,Under Construction,10,0,0,0,7,26,57,Intersection,Medium
5,Tuesday,10,0,0,National Highway,Clear,1,42,80,Motorcycle,1,1,Under Construction,5,0,0,0,6,30,62,No Junction,Medium
15,Saturday,6,0,1,Highway,Clear,4,35,80,Motorcycle,2,4,Wet,7,0,0,2,9,37,71,Intersection,Medium
16,Tuesday,1,0,0,Highway,Rainy,8,26,80,Bus,2,1,Wet,6,0,0,0,5,20,88,No Junction,Medium
20,Saturday,2,1,1,Residential,Clear,6,27,40,Car,2,0,Wet,8,1,0,3,6,37,21,T-Junction,High
16,Sunday,3,0,1,Residential,Cloudy,6,31,40,Motorcycle,4,12,Under Construction,9,0,0,2,7,24,55,Roundabout,High
10,Saturday,4,1,1,Urban Road,Rainy,8,10,40,Bus,2,3,Wet,7,1,0,0,8,35,92,No Junction,Medium
19,Monday,6,1,0,Urban Road,Cloudy,6,10,40,Motorcycle,2,6,Dry,8,0,0,0,7,35,57,No Junction,Medium
15,Wednesday,12,0,0,Urban Road,Clear,6,30,40,Car,2,7,Wet,7,0,0,0,5,24,87,T-Junction,Medium
6,Saturday,12,0,1,Urban Road,Clear,1,37,40,Bicycle,1,7,Wet,3,1,0,0,8,27,68,No Junction,Low
16,Wednesday,11,0,0,State Highway,Cloudy,4,21,60,Car,1,9,Dry,11,0,0,2,9,16,92,T-Junction,Low
21,Saturday,9,0,1,Highway,Clear,4,36,80,Car,3,2,Dry,11,0,0,0,9,25,70,Roundabout,Medium
12,Wednesday,12,0,0,State Highway,Clear,3,48,60,Bus,1,7,Dry,3,0,0,0,7,22,88,No Junction,Medium
9,Tuesday,2,1,0,Urban Road,Rainy,7,36,40,Bus,3,7,Under Construction,14,0,1,1,6,23,71,T-Junction,High
7,Monday,8,1,0,Urban Road,Rainy,5,45,40,Truck,2,7,Dry,9,0,1,1,8,28,87,Y-Junction,Medium
7,Saturday,9,1,1,Urban Road,Clear,7,12,40,Motorcycle,3,5,Dry,9,1,0,0,6,30,100,Intersection,High
12,Thursday,2,0,0,Residential,Rainy,2,66,40,Bus,1,7,Slippery,6,0,0,0,7,24,78,No Junction,Medium
16,Wednesday,9,0,0,Highway,Clear,3,35,80,Truck,3,8,Under Construction,8,0,0,2,8,28,84,No Junction,Medium
6,Wednesday,7,0,0,Residential,Clear,5,80,40,Bicycle,3,8,Dry,9,0,0,2,9,25,52,T-Junction,High
22,Thursday,9,0,0,State Highway,Heavy Rain,2,42,60,Motorcycle,1,6,Wet,13,0,0,3,3,30,65,No Junction,High
18,Monday,6,1,0,Highway,Clear,10,10,80,Car,3,15,Dry,4,0,0,0,7,26,39,No Junction,High
16,Wednesday,2,0,0,Highway,Cloudy,1,37,80,Car,2,1,Dry,11,0,0,1,8,21,75,No Junction,Medium
19,Monday,8,1,0,Urban Road,Rainy,5,10,40,Car,1,4,Dry,6,1,0,1,7,23,81,No Junction,Medium
6,Wednesday,10,0,0,State Highway,Clear,5,70,60,Bus,2,6,Wet,12,0,0,0,9,26,42,T-Junction,Medium
13,Sunday,9,0,1,Urban Road,Foggy,7,49,40,Car,1,3,Slippery,3,1,0,1,2,31,100,T-Junction,High
17,Friday,12,1,0,State Highway,Rainy,3,53,60,Truck,5,3,Dry,7,0,0,0,6,37,57,No Junction,High
19,Sunday,8,1,1,Urban Road,Rainy,3,50,40,Car,5,0,Dry,3,0,0,2,7,24,84,T-Junction,High
19,Wednesday,2,1,0,State Highway,Clear,5,44,60,Motorcycle,1,2,Dry,6,0,0,2,5,17,59,T-Junction,Medium
9,Friday,8,1,0,Residential,Clear,10,39,40,Motorcycle,1,3,Under Construction,6,0,0,1,9,35,60,Roundabout,Medium
22,Saturday,3,0,1,Urban Road,Foggy,5,28,40,Auto,2,5,Slippery,9,0,0,3,4,31,20,Y-Junction,High
7,Monday,3,1,0,National Highway,Foggy,5,10,80,Car,2,6,Slippery,3,0,0,0,4,29,65,Y-Junction,High
20,Wednesday,9,1,0,Residential,Cloudy,9,23,40,Motorcycle,2,1,Wet,12,0,0,1,9,20,43,T-Junction,Medium
23,Tuesday,9,0,0,Urban Road,Clear,5,45,40,Motorcycle,3,2,Wet,13,0,1,0,7,27,80,Intersection,High
7,Tuesday,9,1,0,Residential,Clear,7,27,40,Car,1,6,Dry,8,1,0,0,5,32,49,No Junction,High
18,Thursday,4,1,0,Residential,Heavy Rain,7,19,40,Car,1,7,Dry,4,0,0,0,5,19,52,T-Junction,High
4,Tuesday,12,0,0,Urban Road,Clear,3,29,40,Car,2,6,Dry,3,0,1,3,9,33,64,Intersection,Medium
12,Friday,7,0,0,Urban Road,Clear,5,39,40,Car,1,1,Good,8,0,0,2,8,30,82,Roundabout,Low
14,Tuesday,8,0,0,Urban Road,Cloudy,4,25,40,Car,3,4,Under Construction,5,0,0,1,9,35,68,No Junction,Medium
16,Tuesday,5,0,0,National Highway,Clear,10,10,80,Motorcycle,3,6,Wet,11,0,0,1,7,32,57,No Junction,Medium
22,Tuesday,1,0,0,Residential,Clear,8,32,40,Car,2,6,Dry,6,0,1,0,5,14,75,T-Junction,Medium
17,Wednesday,9,1,0,Highway,Clear,6,10,80,Car,2,7,Dry,9,0,0,0,9,21,71,Roundabout,Medium
14,Thursday,6,0,0,Urban Road,Clear,5,53,40,Car,2,4,Dry,7,0,0,0,5,32,56,Y-Junction,Medium
19,Monday,3,1,0,Highway,Clear,4,10,80,Car,1,5,Wet,6,0,1,0,5,20,20,No Junction,Medium
22,Thursday,3,0,0,Urban Road,Rainy,5,51,40,Car,2,5,Wet,5,0,0,0,6,23,92,Y-Junction,Medium
2,Friday,10,0,0,Urban Road,Clear,2,11,40,Bus,1,7,Good,4,0,0,0,5,27,53,No Junction,Low
23,Wednesday,1,0,0,Urban Road,Clear,3,20,40,Car,1,6,Slippery,6,0,1,0,9,24,80,Y-Junction,Low
6,Saturday,8,0,1,National Highway,Cloudy,5,67,80,Car,2,3,Dry,8,0,0,1,9,16,75,Intersection,Medium
19,Wednesday,2,1,0,National Highway,Cloudy,4,55,80,Car,2,5,Dry,8,0,0,2,7,30,38,No Junction,High
9,Sunday,12,1,1,Highway,Cloudy,4,10,80,Truck,1,11,Dry,8,0,0,2,7,26,54,No Junction,Medium
7,Tuesday,1,1,0,Urban Road,Foggy,5,26,40,Car,1,8,Dry,7,0,0,0,1,29,32,No Junction,High
12,Tuesday,7,0,0,State Highway,Rainy,4,12,60,Car,2,0,Good,3,0,1,1,8,26,36,Y-Junction,Medium
17,Friday,11,1,0,Urban Road,Clear,9,26,40,Bicycle,3,8,Slippery,11,0,1,1,9,14,60,T-Junction,High
11,Saturday,9,0,1,State Highway,Clear,6,37,60,Motorcycle,2,4,Dry,3,0,0,0,5,24,74,Intersection,Medium
5,Sunday,6,0,1,State Highway,Clear,3,40,60,Truck,4,13,Dry,9,0,0,1,7,22,91,No Junction,Medium
16,Wednesday,8,0,0,Residential,Heavy Rain,7,19,40,Auto,4,10,Wet,11,0,0,1,2,28,63,Y-Junction,High
21,Saturday,8,0,1,Urban Road,Rainy,3,55,40,Car,3,7,Wet,11,0,1,0,6,31,41,No Junction,Medium
11,Monday,9,0,0,National Highway,Heavy Rain,5,41,80,Bus,3,8,Wet,10,1,0,0,2,25,66,No Junction,High
8,Thursday,7,1,0,State Highway,Clear,6,10,60,Truck,2,13,Dry,8,0,1,0,6,31,63,T-Junction,Medium
13,Wednesday,9,0,0,Residential,Rainy,6,31,40,Car,2,7,Wet,5,0,0,0,9,36,63,T-Junction,Medium
4,Saturday,9,0,1,Urban Road,Foggy,2,26,40,Car,1,0,Dry,3,0,0,0,2,31,68,No Junction,Medium
19,Monday,12,1,0,State Highway,Clear,6,25,60,Motorcycle,2,7,Wet,8,0,1,0,5,39,100,Roundabout,High
19,Monday,11,1,0,Urban Road,Rainy,9,12,40,Car,2,7,Dry,5,0,0,0,5,20,76,No Junction,Medium
16,Sunday,1,0,1,Urban Road,Clear,3,44,40,Car,2,7,Dry,6,0,0,0,8,34,35,T-Junction,Medium
11,Sunday,6,0,1,Urban Road,Clear,2,55,40,Auto,1,3,Dry,10,0,1,3,5,25,67,T-Junction,High
19,Thursday,12,1,0,National Highway,Foggy,3,10,80,Car,2,8,Dry,7,0,0,1,2,29,33,No Junction,Medium
15,Monday,8,0,0,State Highway,Clear,6,34,60,Motorcycle,4,8,Dry,5,0,1,0,6,18,75,T-Junction,Medium
19,Friday,10,1,0,Residential,Cloudy,4,50,40,Truck,4,1,Under Construction,16,1,1,2,5,39,65,Intersection,High
17,Monday,9,1,0,Urban Road,Clear,10,26,40,Motorcycle,2,3,Dry,6,0,1,0,6,23,39,No Junction,Medium
19,Saturday,4,1,1,Urban Road,Clear,7,10,40,Bicycle,2,6,Wet,10,1,0,1,5,33,59,T-Junction,High
16,Sunday,2,0,1,State Highway,Clear,1,51,60,Motorcycle,3,5,Wet,10,1,0,1,5,38,63,Intersection,High
12,Friday,11,0,0,Residential,Cloudy,5,21,40,Motorcycle,2,0,Dry,6,0,1,0,7,27,100,No Junction,Medium
22,Sunday,9,0,1,State Highway,Cloudy,2,58,60,Motorcycle,2,6,Wet,5,0,0,0,8,35,33,Roundabout,Medium
15,Sunday,9,0,1,Urban Road,Clear,5,21,40,Bicycle,4,5,Under Construction,3,0,0,0,7,20,67,No Junction,Low
16,Sunday,12,0,1,State Highway,Cloudy,3,11,60,Car,1,2,Dry,8,0,1,0,5,33,68,No Junction,Low
8,Monday,8,1,0,State Highway,Clear,10,25,60,Bus,3,4,Good,8,1,0,1,6,28,58,Intersection,High
17,Tuesday,3,1,0,Urban Road,Clear,10,48,40,Car,5,2,Under Construction,4,0,1,2,5,26,58,No Junction,High
16,Monday,5,0,0,Highway,Cloudy,3,60,80,Truck,1,6,Under Construction,11,1,0,2,9,24,44,T-Junction,High
8,Sunday,2,1,1,Urban Road,Cloudy,5,50,40,Motorcycle,1,1,Dry,9,0,0,0,9,19,72,Intersection,Medium
5,Friday,3,0,0,National Highway,Clear,6,10,80,Motorcycle,2,6,Wet,8,0,0,0,9,28,56,No Junction,Medium
16,Monday,1,0,0,Residential,Clear,3,62,40,Motorcycle,2,7,Wet,6,0,1,0,9,25,53,T-Junction,Medium
18,Sunday,4,1,1,Residential,Cloudy,4,48,40,Truck,1,1,Dry,7,0,0,0,5,31,81,Y-Junction,Medium
15,Sunday,5,0,1,Urban Road,Clear,1,59,40,Truck,2,2,Wet,4,0,1,0,9,29,79,Roundabout,Medium
8,Monday,12,1,0,Residential,Cloudy,4,10,40,Auto,4,9,Under Construction,6,0,0,0,8,29,88,No Junction,Medium
17,Monday,2,1,0,Residential,Rainy,8,37,40,Auto,2,7,Good,10,0,0,0,5,31,54,Roundabout,Medium
6,Friday,3,0,0,Highway,Rainy,5,51,80,Car,4,12,Dry,7,0,0,0,7,21,97,No Junction,Medium
13,Monday,12,0,0,National Highway,Rainy,3,40,80,Truck,2,6,Dry,14,0,0,0,5,19,45,No Junction,Medium
7,Thursday,6,1,0,Urban Road,Rainy,8,10,40,Motorcycle,1,6,Dry,6,0,0,0,6,22,54,Intersection,Medium
8,Saturday,6,1,1,Urban Road,Clear,1,56,40,Car,3,8,Dry,7,0,0,0,8,26,26,No Junction,Medium
8,Thursday,7,1,0,Urban Road,Clear,6,10,40,Car,2,2,Wet,9,0,0,1,5,22,38,No Junction,Medium
11,Friday,12,0,0,Highway,Rainy,5,24,80,Car,2,5,Slippery,9,0,0,0,7,20,90,T-Junction,Medium
5,Tuesday,9,0,0,Residential,Clear,2,80,40,Motorcycle,2,9,Slippery,7,0,0,3,6,18,46,Y-Junction,Medium
12,Thursday,4,0,0,Urban Road,Rainy,6,13,40,Motorcycle,2,7,Good,5,0,0,0,6,27,73,No Junction,Low
14,Sunday,5,0,1,State Highway,Clear,5,69,60,Car,1,0,Dry,7,1,0,0,7,26,29,No Junction,High
14,Saturday,11,0,1,Urban Road,Rainy,4,30,40,Motorcycle,2,4,Wet,9,0,0,3,7,27,62,T-Junction,High
11,Wednesday,2,0,0,Urban Road,Clear,3,29,40,Auto,2,9,Slippery,7,0,1,0,7,32,20,T-Junction,Medium
19,Saturday,6,1,1,Residential,Clear,4,48,40,Car,2,7,Under Construction,15,0,1,0,7,28,48,T-Junction,Medium
7,Thursday,4,1,0,State Highway,Heavy Rain,6,33,60,Car,1,8,Under Construction,7,0,0,0,5,31,75,Y-Junction,Medium
14,Wednesday,5,0,0,Urban Road,Foggy,3,81,40,Truck,2,0,Wet,8,1,0,2,3,31,82,No Junction,High
5,Friday,7,0,0,National Highway,Rainy,5,28,80,Car,3,9,Good,8,0,0,1,7,20,75,No Junction,Low
6,Saturday,6,0,1,Residential,Rainy,6,20,40,Car,5,3,Wet,7,0,0,1,9,40,100,No Junction,Medium
16,Tuesday,8,0,0,Highway,Rainy,6,36,80,Auto,2,4,Good,10,1,0,0,5,22,59,Intersection,Medium
16,Wednesday,6,0,0,Urban Road,Cloudy,4,32,40,Motorcycle,3,1,Slippery,4,0,1,1,6,27,71,T-Junction,Medium
20,Wednesday,10,1,0,Urban Road,Foggy,7,37,40,Motorcycle,4,3,Dry,15,0,1,0,1,24,66,Intersection,High
15,Saturday,8,0,1,State Highway,Clear,4,50,60,Motorcycle,1,2,Good,5,0,0,0,5,27,87,Y-Junction,Low
22,Thursday,4,0,0,Urban Road,Clear,5,40,40,Motorcycle,1,8,Dry,9,0,0,3,9,35,73,No Junction,Low
4,Wednesday,12,0,0,Urban Road,Clear,5,79,40,Bus,1,12,Good,8,0,0,0,9,34,67,Y-Junction,Medium
6,Friday,7,0,0,Highway,Clear,9,10,80,Motorcycle,4,12,Wet,7,0,0,2,7,25,100,No Junction,Medium
4,Saturday,3,0,1,Urban Road,Rainy,4,31,40,Motorcycle,2,1,Slippery,11,0,1,0,7,19,48,T-Junction,Low
8,Friday,1,1,0,Residential,Clear,9,11,40,Motorcycle,2,4,Dry,13,0,0,3,9,39,80,Intersection,Medium
15,Saturday,9,0,1,Residential,Clear,1,68,40,Auto,5,0,Dry,5,0,0,0,8,36,65,Intersection,Medium
17,Friday,9,1,0,Highway,Clear,8,29,80,Motorcycle,2,7,Good,5,0,0,0,7,14,31,Intersection,Medium
4,Thursday,6,0,0,Highway,Cloudy,4,21,80,Car,2,4,Dry,9,0,0,0,5,29,63,T-Junction,Medium
22,Saturday,2,0,1,Urban Road,Clear,4,15,40,Car,4,10,Under Construction,7,0,0,2,7,19,82,Y-Junction,Medium
20,Sunday,8,1,1,Residential,Clear,6,10,40,Car,1,6,Slippery,6,0,0,2,7,26,64,Intersection,Medium
9,Tuesday,10,1,0,State Highway,Clear,1,31,60,Motorcycle,3,0,Wet,7,0,0,1,8,29,41,T-Junction,Medium
6,Thursday,6,0,0,Highway,Clear,8,54,80,Car,2,3,Slippery,6,0,0,1,9,31,65,Y-Junction,High
7,Friday,7,1,0,Urban Road,Cloudy,4,40,40,Truck,3,7,Dry,4,0,1,0,8,17,20,Y-Junction,Medium
7,Saturday,1,1,1,Urban Road,Clear,3,10,40,Auto,2,3,Wet,8,0,0,1,7,37,81,T-Junction,Medium
7,Thursday,3,1,0,National Highway,Rainy,6,14,80,Truck,3,8,Wet,8,0,1,0,8,21,40,Intersection,High
14,Friday,1,0,0,Urban Road,Rainy,3,65,40,Bus,2,0,Under Construction,6,0,0,1,7,24,79,Intersection,Medium
8,Monday,10,1,0,Urban Road,Rainy,5,21,40,Car,1,4,Slippery,3,0,0,2,8,29,68,Intersection,High
11,Monday,1,0,0,Urban Road,Rainy,5,56,40,Truck,2,10,Dry,7,0,0,0,6,24,24,No Junction,Low
23,Wednesday,12,0,0,Urban Road,Rainy,5,41,40,Bus,1,1,Good,13,0,0,0,6,30,60,Roundabout,Low
17,Tuesday,12,1,0,Residential,Foggy,6,34,40,Car,1,5,Wet,6,0,0,1,3,30,58,Y-Junction,High
22,Monday,11,0,0,Highway,Heavy Rain,4,76,80,Truck,1,10,Wet,7,0,0,3,5,31,47,No Junction,High
7,Sunday,1,1,1,Urban Road,Rainy,5,23,40,Motorcycle,2,4,Slippery,6,0,0,2,7,29,80,Intersection,Medium
11,Friday,4,0,0,Residential,Rainy,4,18,40,Truck,1,7,Wet,9,0,1,3,8,19,23,T-Junction,Medium
15,Thursday,7,0,0,Urban Road,Clear,6,19,40,Truck,2,9,Slippery,11,0,0,1,9,30,41,No Junction,Low
6,Saturday,7,0,1,Residential,Foggy,7,29,40,Car,2,0,Wet,6,0,0,0,1,36,61,No Junction,High
0,Thursday,12,0,0,Urban Road,Rainy,6,32,40,Car,3,5,Dry,3,1,0,0,8,24,99,Intersection,Medium
17,Wednesday,5,1,0,State Highway,Clear,10,10,60,Bus,1,11,Wet,6,1,0,2,7,27,87,T-Junction,High
17,Thursday,12,1,0,Highway,Clear,1,64,80,Car,2,5,Dry,6,0,0,1,8,33,55,T-Junction,Medium
12,Monday,6,0,0,National Highway,Heavy Rain,4,40,80,Motorcycle,2,9,Wet,7,0,1,1,3,33,50,T-Junction,High
14,Thursday,2,0,0,Highway,Foggy,3,54,80,Motorcycle,2,3,Dry,11,0,1,1,2,23,91,T-Junction,High
12,Monday,5,0,0,Highway,Clear,8,10,80,Auto,2,5,Dry,4,0,0,2,5,22,83,No Junction,Medium
2,Monday,7,0,0,State Highway,Clear,6,10,60,Car,2,14,Under Construction,9,1,0,0,7,28,61,Intersection,Medium
10,Tuesday,9,1,0,State Highway,Cloudy,7,10,60,Motorcycle,2,9,Wet,9,0,1,0,8,29,83,Intersection,Medium
7,Wednesday,6,1,0,Highway,Rainy,8,31,80,Motorcycle,2,9,Slippery,9,1,0,0,6,32,87,No Junction,High
6,Sunday,12,0,1,National Highway,Clear,7,10,80,Motorcycle,2,8,Wet,10,0,0,0,9,15,53,T-Junction,Medium
22,Sunday,10,0,1,Urban Road,Clear,2,22,40,Bus,5,5,Dry,3,0,0,0,8,26,71,Roundabout,Low
16,Friday,4,0,0,Residential,Clear,3,10,40,Car,2,7,Wet,9,0,0,0,8,28,30,No Junction,Medium
18,Sunday,3,1,1,Highway,Clear,5,10,80,Car,3,4,Under Construction,7,0,1,0,8,18,75,Intersection,High
10,Monday,9,1,0,Urban Road,Rainy,7,27,40,Motorcycle,2,0,Dry,5,0,1,0,5,29,69,T-Junction,High
12,Saturday,7,0,1,Urban Road,Foggy,5,65,40,Car,2,7,Wet,12,0,0,0,3,23,57,No Junction,High
8,Wednesday,11,1,0,Residential,Rainy,7,32,40,Car,3,16,Dry,10,0,0,0,8,34,43,T-Junction,Medium
6,Friday,6,0,0,Urban Road,Rainy,5,41,40,Motorcycle,2,0,Dry,5,0,1,1,7,25,42,T-Junction,High
7,Sunday,7,1,1,Urban Road,Rainy,7,13,40,Auto,1,0,Under Construction,6,0,0,0,6,27,92,No Junction,Low
19,Sunday,8,1,1,National Highway,Clear,7,25,80,Car,3,2,Slippery,11,0,0,1,6,20,88,No Junction,High
17,Saturday,5,1,1,Highway,Clear,5,22,80,Bus,4,10,Dry,7,0,1,0,8,35,100,No Junction,High
15,Thursday,3,0,0,Highway,Clear,6,44,80,Motorcycle,3,5,Dry,4,0,0,3,7,33,40,T-Junction,High
13,Wednesday,3,0,0,Residential,Cloudy,4,29,40,Truck,2,4,Wet,13,0,1,2,6,28,68,T-Junction,Medium
21,Saturday,2,0,1,Highway,Clear,3,50,80,Car,4,6,Slippery,7,0,0,1,9,26,54,Intersection,High
6,Sunday,8,0,1,Urban Road,Clear,8,10,40,Car,1,5,Dry,8,0,0,2,7,33,40,Roundabout,Medium
9,Wednesday,1,1,0,Urban Road,Clear,4,10,40,Car,2,8,Slippery,9,0,0,3,6,32,73,Intersection,High
10,Wednesday,12,1,0,Urban Road,Heavy Rain,7,43,40,Bus,1,6,Slippery,5,0,0,0,2,23,98,Intersection,High
19,Sunday,8,1,1,National Highway,Foggy,6,10,80,Truck,2,0,Dry,11,0,0,1,3,23,67,T-Junction,High
23,Thursday,3,0,0,Urban Road,Foggy,7,54,40,Auto,1,8,Wet,5,0,1,0,2,22,77,Intersection,High
8,Thursday,9,1,0,Urban Road,Clear,10,20,40,Motorcycle,3,2,Dry,8,0,0,0,7,27,95,T-Junction,High
20,Sunday,12,1,1,Urban Road,Clear,8,10,40,Motorcycle,1,1,Dry,6,0,1,0,9,25,57,T-Junction,Low
19,Wednesday,12,1,0,Highway,Clear,7,20,80,Motorcycle,2,5,Dry,11,0,0,0,5,35,50,T-Junction,Medium
8,Saturday,11,1,1,Urban Road,Cloudy,7,16,40,Car,2,0,Dry,9,0,0,0,8,34,91,Intersection,Medium
12,Tuesday,2,0,0,Residential,Clear,3,61,40,Car,2,6,Under Construction,7,0,0,1,5,27,56,Roundabout,Medium
12,Monday,10,0,0,Residential,Cloudy,6,13,40,Motorcycle,1,7,Slippery,3,0,1,0,9,31,98,T-Junction,Medium
23,Thursday,9,0,0,State Highway,Rainy,7,45,60,Motorcycle,2,10,Good,9,0,0,1,9,33,71,No Junction,Medium
8,Sunday,6,1,1,Highway,Foggy,9,10,80,Car,1,5,Wet,8,1,1,0,3,41,68,T-Junction,High
19,Tuesday,1,1,0,Highway,Rainy,6,10,80,Motorcycle,1,2,Dry,3,0,1,0,6,32,78,No Junction,Medium
10,Thursday,5,1,0,National Highway,Cloudy,8,10,80,Auto,3,1,Dry,8,0,1,2,5,31,54,Y-Junction,High
18,Wednesday,10,1,0,Highway,Clear,4,10,80,Bus,2,8,Under Construction,9,0,0,0,9,13,57,T-Junction,Medium
12,Sunday,9,0,1,National Highway,Rainy,3,24,80,Motorcycle,2,4,Dry,8,1,0,1,5,34,46,No Junction,High
16,Tuesday,6,0,0,State Highway,Clear,4,29,60,Car,4,0,Wet,6,1,0,2,5,28,46,No Junction,High
19,Sunday,7,1,1,National Highway,Rainy,9,10,80,Car,1,4,Wet,12,0,0,1,8,23,46,No Junction,Medium
19,Saturday,4,1,1,Urban Road,Heavy Rain,1,24,40,Bus,1,10,Dry,13,1,0,1,2,23,73,No Junction,High
20,Saturday,1,1,1,Highway,Clear,9,10,80,Motorcycle,2,11,Dry,4,0,0,0,8,30,63,Intersection,Medium
5,Friday,5,0,0,Residential,Rainy,2,72,40,Motorcycle,2,2,Dry,11,0,1,1,6,19,64,Intersection,High
18,Monday,2,1,0,Residential,Rainy,6,12,40,Auto,2,3,Dry,9,0,0,0,6,21,46,Y-Junction,Medium
7,Monday,8,1,0,Highway,Cloudy,10,10,80,Motorcycle,1,4,Dry,6,1,0,0,8,32,91,Intersection,High
12,Thursday,4,0,0,State Highway,Clear,1,36,60,Truck,2,3,Wet,7,0,1,1,9,34,97,Roundabout,Medium
15,Monday,1,0,0,Urban Road,Rainy,2,60,40,Bus,2,10,Wet,7,0,0,3,7,36,62,Y-Junction,High
12,Sunday,10,0,1,Urban Road,Heavy Rain,5,10,40,Car,4,6,Wet,11,0,0,0,4,21,66,Y-Junction,High
14,Sunday,7,0,1,State Highway,Foggy,1,39,60,Car,1,7,Dry,6,0,0,0,3,23,87,Intersection,Medium
23,Friday,12,0,0,Highway,Cloudy,9,20,80,Bus,2,2,Slippery,3,1,0,1,6,29,90,Intersection,High
7,Saturday,11,1,1,Urban Road,Foggy,5,10,40,Auto,2,4,Dry,7,1,1,0,2,33,81,Intersection,High
17,Tuesday,2,1,0,Highway,Rainy,7,10,80,Motorcycle,4,0,Under Construction,10,0,0,1,9,30,84,No Junction,Medium
12,Tuesday,3,0,0,Highway,Clear,5,21,80,Motorcycle,2,7,Wet,11,0,0,0,6,29,44,T-Junction,Medium
7,Saturday,9,1,1,Highway,Clear,5,24,80,Truck,2,6,Dry,6,1,0,0,5,24,50,Roundabout,High
7,Wednesday,9,1,0,Urban Road,Rainy,9,10,40,Car,2,7,Dry,9,0,1,0,9,21,100,T-Junction,Medium
22,Saturday,2,0,1,Urban Road,Clear,1,11,40,Car,2,11,Slippery,11,0,0,0,6,18,65,Intersection,Low
20,Tuesday,3,1,0,State Highway,Clear,6,39,60,Auto,3,4,Wet,9,1,0,1,9,25,64,Intersection,High
21,Thursday,11,0,0,National Highway,Clear,5,37,80,Truck,3,9,Dry,14,0,0,0,6,23,92,Roundabout,Medium
23,Friday,12,0,0,Urban Road,Clear,3,43,40,Truck,2,5,Wet,12,0,0,1,8,24,52,No Junction,Medium
8,Saturday,9,1,1,Highway,Foggy,2,63,80,Motorcycle,2,10,Dry,6,0,0,1,2,28,74,T-Junction,High
11,Wednesday,1,0,0,Urban Road,Clear,5,24,40,Motorcycle,1,4,Dry,7,0,1,0,6,30,100,No Junction,Medium
17,Thursday,2,1,0,Residential,Foggy,6,49,40,Bicycle,1,2,Dry,13,0,1,0,3,24,53,T-Junction,High
14,Saturday,11,0,1,Residential,Cloudy,2,46,40,Motorcycle,2,0,Under Construction,4,0,0,0,8,29,37,Roundabout,Low
12,Thursday,2,0,0,National Highway,Rainy,9,10,80,Car,2,8,Dry,7,1,1,0,7,31,45,No Junction,Medium
11,Saturday,10,0,1,Highway,Rainy,5,34,80,Car,1,4,Slippery,13,0,0,0,9,24,56,No Junction,Medium
16,Thursday,3,0,0,State Highway,Rainy,3,60,60,Car,2,0,Wet,14,0,0,0,7,24,49,T-Junction,Medium
16,Sunday,10,0,1,Urban Road,Clear,3,11,40,Car,1,6,Dry,8,0,0,1,7,28,72,Intersection,Low
7,Monday,3,1,0,National Highway,Clear,5,28,80,Auto,1,3,Good,3,0,1,0,8,22,65,No Junction,Medium
13,Thursday,10,0,0,Residential,Rainy,3,65,40,Motorcycle,2,0,Slippery,6,0,1,0,8,43,100,Intersection,Medium
15,Sunday,2,0,1,Urban Road,Rainy,2,68,40,Motorcycle,2,0,Dry,10,1,0,0,8,29,63,T-Junction,Medium
16,Monday,8,0,0,Residential,Clear,5,21,40,Bicycle,3,8,Wet,5,0,0,0,5,21,72,No Junction,Medium
8,Tuesday,8,1,0,State Highway,Clear,5,10,60,Car,3,6,Under Construction,15,0,0,0,5,30,67,Roundabout,Medium
18,Monday,8,1,0,Urban Road,Clear,4,10,40,Motorcycle,2,4,Good,7,0,0,1,9,25,79,Y-Junction,Low
2,Thursday,2,0,0,Highway,Cloudy,1,54,80,Car,1,6,Slippery,11,1,1,1,8,33,49,T-Junction,High
11,Friday,9,0,0,Urban Road,Heavy Rain,5,21,40,Motorcycle,2,12,Slippery,7,0,0,0,3,29,57,Intersection,High
19,Friday,11,1,0,Urban Road,Foggy,7,36,40,Car,1,12,Dry,8,0,0,0,3,30,91,Intersection,Medium
16,Tuesday,7,0,0,Urban Road,Foggy,4,10,40,Car,2,3,Good,7,0,0,1,4,11,79,Intersection,Medium
9,Thursday,12,1,0,National Highway,Clear,8,20,80,Car,2,11,Dry,6,0,0,1,6,29,85,No Junction,Medium
18,Monday,5,1,0,Residential,Rainy,2,34,40,Car,1,7,Dry,6,0,0,1,6,37,58,Intersection,Medium
16,Friday,7,0,0,Residential,Clear,1,44,40,Auto,2,3,Good,10,0,0,0,9,37,95,Y-Junction,Medium
19,Saturday,8,1,1,Residential,Foggy,5,36,40,Car,2,0,Dry,7,0,0,1,4,40,53,Intersection,High
18,Wednesday,9,1,0,State Highway,Clear,8,10,60,Motorcycle,4,6,Wet,6,0,0,1,9,36,54,Intersection,Medium
17,Thursday,2,1,0,National Highway,Clear,5,50,80,Bus,1,8,Wet,9,0,0,0,5,27,63,T-Junction,Medium
14,Sunday,6,0,1,Residential,Cloudy,5,15,40,Bus,3,0,Under Construction,12,1,0,0,8,33,93,T-Junction,Medium
7,Sunday,9,1,1,Urban Road,Heavy Rain,6,41,40,Bicycle,2,6,Dry,13,1,1,3,2,27,52,Intersection,High
9,Saturday,6,1,1,Urban Road,Rainy,9,10,40,Motorcycle,2,0,Wet,5,1,0,1,7,31,39,T-Junction,Medium
12,Saturday,2,0,1,Urban Road,Clear,2,42,40,Car,5,5,Dry,5,0,0,0,8,33,91,Intersection,Medium
16,Thursday,1,0,0,Urban Road,Rainy,4,17,40,Motorcycle,2,8,Dry,11,0,0,0,7,28,51,Y-Junction,Low
14,Wednesday,12,0,0,Urban Road,Rainy,5,17,40,Motorcycle,4,7,Under Construction,6,0,0,0,9,33,88,Intersection,Medium
9,Friday,3,1,0,Residential,Heavy Rain,7,10,40,Motorcycle,2,4,Wet,7,1,0,0,2,24,51,Y-Junction,High
0,Wednesday,11,0,0,Residential,Cloudy,1,41,40,Motorcycle,2,7,Dry,3,0,0,1,7,32,61,T-Junction,Low
14,Tuesday,5,0,0,Urban Road,Clear,4,66,40,Auto,1,0,Dry,10,0,0,0,9,29,97,Intersection,Medium
9,Monday,7,1,0,National Highway,Clear,7,20,80,Motorcycle,2,9,Dry,7,0,0,1,5,25,92,T-Junction,High
18,Monday,10,1,0,Urban Road,Cloudy,5,41,40,Motorcycle,2,10,Wet,11,0,0,1,8,33,95,No Junction,Medium
2,Saturday,10,0,1,Residential,Heavy Rain,7,10,40,Motorcycle,2,3,Dry,10,0,1,1,3,19,56,Roundabout,High
16,Friday,3,0,0,Residential,Clear,5,40,40,Car,3,10,Dry,11,0,0,1,8,26,71,T-Junction,Medium
22,Wednesday,9,0,0,Residential,Rainy,3,58,40,Car,2,5,Dry,11,0,0,3,6,28,75,Y-Junction,High
7,Saturday,10,1,1,Urban Road,Clear,8,10,40,Motorcycle,2,10,Good,6,0,0,1,7,36,79,T-Junction,Medium
13,Thursday,12,0,0,State Highway,Clear,4,43,60,Car,2,0,Wet,7,0,0,1,5,27,66,Y-Junction,Medium
6,Saturday,4,0,1,Highway,Cloudy,4,32,80,Auto,3,2,Wet,8,0,0,0,5,27,95,No Junction,High
17,Thursday,10,1,0,Residential,Foggy,6,20,40,Motorcycle,2,0,Dry,8,0,0,2,3,34,41,Intersection,High
15,Thursday,2,0,0,Urban Road,Clear,7,18,40,Auto,4,1,Wet,10,0,0,3,7,28,88,Intersection,High
12,Tuesday,3,0,0,Residential,Clear,3,23,40,Motorcycle,1,9,Good,6,0,0,3,9,23,70,Intersection,Medium
15,Tuesday,5,0,0,Urban Road,Heavy Rain,3,71,40,Car,3,4,Wet,8,0,0,1,2,42,100,T-Junction,High
21,Thursday,3,0,0,State Highway,Rainy,2,38,60,Car,2,4,Dry,6,1,1,1,9,33,64,Intersection,Medium
8,Friday,5,1,0,Urban Road,Cloudy,6,74,40,Car,2,2,Good,8,1,1,2,5,26,42,T-Junction,High
2,Tuesday,4,0,0,State Highway,Clear,5,39,60,Car,1,8,Wet,9,0,0,0,7,27,62,Intersection,Medium
20,Tuesday,11,1,0,State Highway,Rainy,6,25,60,Motorcycle,3,3,Dry,4,0,0,1,6,21,45,Roundabout,Medium
16,Monday,10,0,0,Urban Road,Rainy,4,49,40,Car,2,3,Wet,9,0,1,0,5,29,91,No Junction,High
21,Saturday,3,0,1,Urban Road,Cloudy,2,36,40,Motorcycle,1,2,Dry,12,1,0,1,5,33,58,No Junction,Medium
16,Monday,12,0,0,Residential,Clear,8,53,40,Car,1,12,Dry,11,0,0,0,8,17,62,T-Junction,Medium
19,Friday,6,1,0,Highway,Rainy,4,30,80,Motorcycle,2,5,Under Construction,4,0,0,1,9,29,65,Y-Junction,Medium
12,Tuesday,8,0,0,Highway,Foggy,1,57,80,Motorcycle,1,6,Wet,4,0,0,0,2,19,48,T-Junction,High
18,Sunday,12,1,1,Highway,Cloudy,5,22,80,Motorcycle,1,7,Slippery,9,0,1,0,5,26,51,Intersection,High
21,Tuesday,4,0,0,Residential,Rainy,8,29,40,Motorcycle,1,0,Good,8,1,0,2,7,28,37,Roundabout,High
16,Wednesday,9,0,0,Highway,Rainy,6,10,80,Car,1,2,Wet,7,0,0,1,6,29,24,Y-Junction,Low
8,Friday,6,1,0,Urban Road,Clear,7,62,40,Motorcycle,5,5,Slippery,3,0,1,0,8,42,62,T-Junction,High
9,Sunday,5,1,1,Residential,Rainy,7,21,40,Bicycle,2,11,Good,4,0,1,2,5,29,54,No Junction,Medium
8,Saturday,3,1,1,Highway,Foggy,4,20,80,Bicycle,2,8,Wet,11,0,0,0,3,24,45,Intersection,High
8,Saturday,5,1,1,Highway,Cloudy,4,16,80,Car,2,3,Dry,9,0,0,0,8,22,74,Intersection,Medium
9,Sunday,5,1,1,National Highway,Clear,5,26,80,Truck,3,2,Good,13,0,0,0,5,24,82,T-Junction,Medium
15,Saturday,12,0,1,Residential,Heavy Rain,5,21,40,Motorcycle,2,12,Dry,10,0,0,2,3,30,72,T-Junction,High
16,Sunday,12,0,1,Urban Road,Clear,2,25,40,Car,1,1,Dry,8,0,0,0,9,17,67,No Junction,Low
12,Friday,4,0,0,Highway,Clear,3,51,80,Truck,2,0,Dry,3,0,1,0,6,20,100,T-Junction,High
17,Sunday,12,1,1,Residential,Clear,5,10,40,Car,3,6,Slippery,9,0,0,1,7,29,57,Intersection,Medium
6,Sunday,6,0,1,Urban Road,Heavy Rain,5,10,40,Bus,2,5,Good,7,0,0,3,2,26,85,Roundabout,High
6,Wednesday,3,0,0,National Highway,Rainy,5,45,80,Motorcycle,2,1,Wet,4,0,0,1,9,30,100,T-Junction,Medium
7,Wednesday,10,1,0,Residential,Clear,7,28,40,Car,1,5,Dry,11,0,1,1,8,23,86,T-Junction,Medium
14,Monday,1,0,0,National Highway,Clear,2,42,80,Auto,1,6,Dry,8,0,0,2,7,24,46,No Junction,Medium
8,Friday,7,1,0,State Highway,Heavy Rain,5,23,60,Car,3,7,Slippery,9,0,0,0,3,34,47,Intersection,High
9,Friday,7,1,0,Urban Road,Cloudy,4,26,40,Motorcycle,3,4,Dry,5,0,0,1,7,31,44,Intersection,Medium
12,Wednesday,12,0,0,Residential,Clear,2,52,40,Truck,2,3,Wet,9,0,0,0,8,18,76,No Junction,Medium
19,Thursday,4,1,0,State Highway,Clear,4,28,60,Auto,3,4,Wet,7,0,1,0,5,17,47,No Junction,High
1,Thursday,9,0,0,Residential,Cloudy,6,47,40,Car,3,1,Slippery,14,0,0,1,5,21,68,No Junction,High
17,Monday,12,1,0,Highway,Cloudy,7,30,80,Car,2,3,Wet,6,0,1,1,9,24,28,Y-Junction,High
17,Thursday,2,1,0,Urban Road,Cloudy,6,15,40,Car,2,6,Dry,5,0,0,2,9,33,100,Roundabout,Medium
19,Thursday,1,1,0,Highway,Cloudy,5,28,80,Car,2,7,Slippery,8,0,1,0,6,20,60,T-Junction,High
22,Thursday,3,0,0,Residential,Rainy,4,45,40,Truck,1,4,Dry,7,0,0,0,9,32,77,T-Junction,Medium
2,Tuesday,7,0,0,Residential,Cloudy,5,10,40,Car,1,7,Dry,8,0,0,0,5,25,55,Y-Junction,Low
7,Monday,9,1,0,National Highway,Cloudy,5,22,80,Motorcycle,3,6,Wet,12,0,0,3,5,27,48,Intersection,High
20,Wednesday,2,1,0,Residential,Cloudy,6,10,40,Truck,5,14,Dry,5,0,0,1,6,25,89,No Junction,High
13,Thursday,6,0,0,State Highway,Rainy,4,50,60,Bus,3,10,Dry,8,0,1,0,8,29,65,T-Junction,Medium
16,Saturday,3,0,1,Urban Road,Foggy,6,10,40,Motorcycle,1,0,Dry,6,0,1,2,2,33,44,Intersection,High
17,Sunday,5,1,1,Urban Road,Foggy,7,21,40,Auto,2,3,Wet,6,0,0,0,2,23,74,T-Junction,High
17,Tuesday,12,1,0,National Highway,Cloudy,10,10,80,Truck,2,6,Dry,7,1,1,2,7,34,81,T-Junction,High
22,Thursday,9,0,0,State Highway,Clear,3,10,60,Car,1,4,Dry,8,0,0,0,9,33,63,Y-Junction,Low
23,Sunday,3,0,1,Residential,Clear,5,56,40,Auto,2,16,Dry,13,0,0,3,9,26,38,Y-Junction,Medium
18,Sunday,1,1,1,Urban Road,Rainy,6,30,40,Car,1,9,Wet,6,0,0,0,8,24,94,Y-Junction,Medium
9,Tuesday,5,1,0,Residential,Foggy,9,10,40,Car,2,0,Slippery,7,0,1,0,1,36,83,No Junction,High
20,Monday,1,1,0,State Highway,Clear,10,14,60,Truck,1,2,Wet,3,1,0,1,5,26,49,No Junction,High
4,Saturday,8,0,1,Urban Road,Rainy,1,51,40,Motorcycle,1,4,Wet,9,0,0,3,6,26,57,T-Junction,Medium
8,Saturday,7,1,1,Residential,Clear,4,10,40,Car,5,10,Wet,8,0,0,0,5,30,65,Intersection,High
21,Saturday,11,0,1,Urban Road,Cloudy,1,31,40,Car,2,9,Under Construction,9,0,0,0,7,32,91,Intersection,Low
8,Thursday,2,1,0,Highway,Clear,8,10,80,Car,4,4,Dry,8,0,1,1,7,36,74,Intersection,High
8,Tuesday,11,1,0,State Highway,Cloudy,5,10,60,Auto,1,6,Wet,3,0,0,0,5,31,90,Y-Junction,Medium
7,Saturday,9,1,1,Highway,Rainy,4,53,80,Motorcycle,1,6,Wet,13,0,0,0,5,28,58,Intersection,Medium
20,Sunday,5,1,1,Urban Road,Cloudy,7,62,40,Truck,4,5,Wet,8,0,0,1,8,29,86,No Junction,High
14,Sunday,7,0,1,State Highway,Cloudy,1,36,60,Car,1,8,Wet,9,1,0,0,9,20,85,No Junction,Medium
17,Friday,4,1,0,Residential,Cloudy,4,12,40,Motorcycle,4,5,Good,13,0,0,3,8,26,76,T-Junction,High
8,Friday,12,1,0,Urban Road,Rainy,5,10,40,Motorcycle,3,7,Good,6,0,1,3,5,22,32,T-Junction,High
18,Tuesday,1,1,0,National Highway,Clear,7,32,80,Motorcycle,1,6,Wet,3,1,1,3,5,32,78,No Junction,High
18,Thursday,8,1,0,Urban Road,Clear,6,43,40,Motorcycle,1,3,Wet,4,0,0,3,6,24,69,Intersection,Medium
10,Thursday,1,1,0,National Highway,Clear,7,34,80,Car,2,0,Slippery,7,0,1,3,9,34,100,No Junction,High
12,Monday,3,0,0,Residential,Foggy,7,45,40,Truck,4,11,Wet,7,0,0,2,1,25,76,Intersection,High
8,Monday,6,1,0,Urban Road,Rainy,8,33,40,Motorcycle,2,12,Good,12,1,0,3,9,23,51,Intersection,High
23,Saturday,8,0,1,Highway,Clear,2,33,80,Motorcycle,2,6,Slippery,9,0,0,0,9,23,79,No Junction,Medium
17,Wednesday,8,1,0,Urban Road,Rainy,5,10,40,Auto,2,5,Dry,3,0,0,1,7,19,54,No Junction,Low
22,Sunday,2,0,1,Highway,Foggy,5,48,80,Bus,1,0,Wet,5,0,0,0,3,22,65,No Junction,High
9,Monday,9,1,0,Residential,Clear,6,21,40,Motorcycle,3,4,Slippery,6,0,0,0,5,23,35,No Junction,Medium
19,Thursday,4,1,0,Urban Road,Clear,9,22,40,Car,3,9,Under Construction,7,0,1,0,9,33,81,Roundabout,Medium
18,Sunday,4,1,1,Urban Road,Rainy,5,21,40,Bus,2,8,Under Construction,5,0,0,0,8,26,37,Intersection,Medium
18,Wednesday,2,1,0,State Highway,Rainy,4,34,60,Motorcycle,2,0,Good,4,0,1,0,7,26,71,Roundabout,Low
22,Monday,1,0,0,Urban Road,Rainy,5,44,40,Motorcycle,2,12,Wet,8,0,0,0,6,25,57,T-Junction,Medium
12,Tuesday,10,0,0,Residential,Clear,4,37,40,Motorcycle,3,2,Dry,6,1,1,3,9,34,61,T-Junction,High
7,Friday,7,1,0,Highway,Rainy,7,58,80,Truck,5,4,Slippery,4,0,0,1,6,29,74,Roundabout,High
17,Monday,11,1,0,Residential,Rainy,4,27,40,Motorcycle,4,11,Dry,12,0,0,3,5,22,40,No Junction,High
18,Monday,10,1,0,Residential,Cloudy,4,10,40,Car,2,8,Good,7,0,1,1,6,20,87,No Junction,Medium
16,Tuesday,3,0,0,State Highway,Foggy,8,25,60,Car,2,4,Slippery,13,0,0,0,2,24,57,Intersection,High
8,Thursday,4,1,0,Highway,Clear,5,16,80,Car,1,2,Good,11,0,0,0,6,35,91,T-Junction,Medium
14,Saturday,11,0,1,Urban Road,Rainy,3,15,40,Car,2,12,Dry,6,0,1,0,5,27,43,Intersection,Medium
10,Tuesday,9,1,0,Highway,Rainy,3,64,80,Auto,2,3,Dry,13,0,0,0,9,34,68,No Junction,Medium
12,Saturday,6,0,1,Highway,Rainy,4,45,80,Bicycle,1,5,Wet,11,0,0,1,6,38,63,No Junction,Medium
17,Monday,1,1,0,Highway,Rainy,3,16,80,Motorcycle,1,4,Dry,6,1,1,2,6,39,88,T-Junction,High
18,Thursday,9,1,0,Residential,Clear,6,30,40,Car,2,7,Slippery,7,0,0,0,5,26,92,Intersection,Medium
8,Wednesday,9,1,0,Residential,Clear,7,39,40,Motorcycle,4,6,Wet,8,0,0,0,8,22,88,Intersection,High
12,Monday,5,0,0,State Highway,Rainy,3,10,60,Car,2,9,Slippery,7,0,1,1,8,32,82,No Junction,Medium
9,Tuesday,8,1,0,Urban Road,Cloudy,8,51,40,Motorcycle,1,9,Dry,11,1,0,0,7,21,51,Y-Junction,High
8,Wednesday,7,1,0,Urban Road,Clear,7,10,40,Car,2,3,Under Construction,9,0,1,0,5,28,66,T-Junction,Medium
19,Friday,11,1,0,National Highway,Clear,7,41,80,Car,3,1,Slippery,11,0,0,1,8,22,90,No Junction,High
21,Wednesday,8,0,0,Urban Road,Heavy Rain,4,10,40,Auto,1,9,Good,9,0,0,2,4,25,54,No Junction,Medium
11,Tuesday,9,0,0,Residential,Foggy,5,52,40,Motorcycle,4,2,Dry,5,0,0,2,2,27,62,T-Junction,High
18,Sunday,2,1,1,National Highway,Rainy,10,10,80,Car,5,5,Dry,3,0,0,0,6,25,20,T-Junction,High
21,Wednesday,10,0,0,National Highway,Clear,4,83,80,Car,2,4,Under Construction,5,1,1,1,6,32,43,No Junction,High
20,Tuesday,5,1,0,Urban Road,Clear,4,12,40,Truck,3,3,Dry,14,0,0,0,7,29,59,Y-Junction,Low
8,Sunday,8,1,1,Residential,Clear,5,10,40,Car,2,7,Wet,10,1,1,1,7,22,67,Intersection,High
22,Monday,3,0,0,Urban Road,Cloudy,6,16,40,Car,1,6,Good,8,0,0,1,9,22,74,Intersection,Medium
11,Sunday,11,0,1,Residential,Rainy,2,54,40,Motorcycle,2,7,Wet,12,0,0,0,5,24,22,Roundabout,Medium
10,Thursday,11,1,0,National Highway,Cloudy,2,54,80,Auto,1,7,Dry,8,0,0,3,8,35,100,Intersection,Medium
5,Friday,6,0,0,Urban Road,Cloudy,1,27,40,Motorcycle,1,3,Dry,8,0,1,0,7,32,60,T-Junction,Low
14,Sunday,6,0,1,State Highway,Rainy,4,49,60,Motorcycle,3,14,Wet,9,0,0,0,5,16,59,Intersection,Medium
6,Thursday,7,0,0,Residential,Clear,3,38,40,Auto,1,1,Slippery,6,0,0,0,7,29,44,Y-Junction,Medium
8,Thursday,11,1,0,Urban Road,Rainy,8,10,40,Car,1,5,Dry,5,0,0,0,8,43,36,Roundabout,Low
10,Thursday,3,1,0,State Highway,Cloudy,6,24,60,Car,2,14,Slippery,9,0,0,0,7,29,84,T-Junction,Medium
19,Sunday,8,1,1,Urban Road,Clear,8,63,40,Motorcycle,4,6,Wet,8,0,0,2,9,27,74,No Junction,High
20,Tuesday,8,1,0,Highway,Cloudy,3,36,80,Car,2,3,Under Construction,7,0,1,2,5,24,67,Y-Junction,High
9,Tuesday,9,1,0,National Highway,Heavy Rain,7,10,80,Car,1,9,Dry,9,0,1,0,3,22,68,No Junction,High
20,Friday,8,1,0,Urban Road,Rainy,8,31,40,Car,1,12,Slippery,6,0,0,0,6,29,70,Intersection,Medium
20,Tuesday,3,1,0,Urban Road,Rainy,7,33,40,Car,1,2,Good,10,0,0,0,9,15,75,T-Junction,Medium
18,Saturday,6,1,1,State Highway,Rainy,6,12,60,Truck,3,9,Slippery,4,1,1,0,7,23,53,T-Junction,High
7,Tuesday,9,1,0,National Highway,Rainy,7,27,80,Motorcycle,1,8,Wet,4,0,0,0,6,27,77,Intersection,Medium
18,Tuesday,1,1,0,State Highway,Clear,4,10,60,Car,1,4,Dry,4,0,0,2,7,34,63,No Junction,Medium
22,Tuesday,3,0,0,Urban Road,Clear,2,18,40,Car,1,9,Dry,8,0,0,0,9,18,38,T-Junction,Low
17,Monday,2,1,0,Urban Road,Clear,7,14,40,Car,2,7,Wet,3,0,0,0,6,25,75,No Junction,Medium
10,Friday,12,1,0,Urban Road,Clear,10,10,40,Car,2,5,Dry,13,0,0,0,8,31,42,Intersection,Medium
14,Saturday,8,0,1,Urban Road,Clear,2,41,40,Motorcycle,1,8,Under Construction,13,0,0,0,5,26,41,No Junction,Medium
17,Tuesday,6,1,0,National Highway,Heavy Rain,8,21,80,Motorcycle,3,0,Good,9,0,0,0,3,35,83,No Junction,High
14,Friday,10,0,0,Residential,Rainy,4,32,40,Truck,2,8,Dry,10,1,0,0,9,31,49,Intersection,Medium
7,Wednesday,11,1,0,Highway,Clear,7,28,80,Car,1,5,Dry,5,0,0,0,7,23,43,T-Junction,High
10,Monday,11,1,0,Highway,Foggy,7,15,80,Bus,1,10,Good,11,1,0,0,4,28,53,No Junction,High
19,Sunday,8,1,1,National Highway,Rainy,4,34,80,Motorcycle,1,8,Wet,7,0,0,0,8,23,47,Roundabout,Medium
20,Tuesday,2,1,0,State Highway,Clear,8,10,60,Car,2,12,Wet,7,0,0,1,9,27,100,T-Junction,Medium
7,Saturday,11,1,1,Urban Road,Cloudy,6,37,40,Motorcycle,1,1,Slippery,7,0,1,0,9,29,65,T-Junction,Medium
22,Monday,6,0,0,Residential,Clear,8,33,40,Bus,1,6,Dry,5,1,0,2,5,32,77,Y-Junction,High
10,Saturday,7,1,1,Urban Road,Clear,7,10,40,Motorcycle,1,3,Good,9,0,0,2,8,29,88,Intersection,Medium
17,Sunday,8,1,1,State Highway,Clear,3,37,60,Truck,1,8,Slippery,6,0,0,1,9,20,68,No Junction,Medium
18,Sunday,9,1,1,Residential,Cloudy,7,24,40,Motorcycle,2,2,Dry,7,0,1,0,5,16,90,Roundabout,Medium
19,Monday,5,1,0,Residential,Cloudy,8,10,40,Motorcycle,2,3,Dry,3,0,0,0,7,31,81,No Junction,Medium
22,Wednesday,11,0,0,Urban Road,Cloudy,5,61,40,Bus,2,8,Good,9,1,1,1,8,15,76,No Junction,High
10,Friday,3,1,0,Urban Road,Cloudy,9,10,40,Motorcycle,1,3,Slippery,7,0,1,0,6,28,68,Y-Junction,Medium
20,Monday,2,1,0,Urban Road,Clear,3,10,40,Motorcycle,1,5,Dry,5,1,0,0,6,22,86,T-Junction,Medium
7,Thursday,8,1,0,National Highway,Foggy,9,10,80,Motorcycle,1,3,Dry,7,0,1,0,2,27,22,Intersection,High
18,Sunday,1,1,1,National Highway,Rainy,6,34,80,Car,2,8,Dry,6,0,0,0,9,27,63,No Junction,Medium
18,Wednesday,10,1,0,State Highway,Heavy Rain,8,19,60,Bicycle,2,6,Good,3,0,0,1,2,29,60,No Junction,High
17,Sunday,6,1,1,National Highway,Foggy,4,10,80,Car,4,11,Wet,12,1,1,1,3,27,65,T-Junction,High
8,Thursday,2,1,0,Residential,Foggy,3,40,40,Car,4,9,Wet,12,0,0,0,1,31,87,T-Junction,High
20,Wednesday,3,1,0,Urban Road,Foggy,6,36,40,Truck,3,0,Good,10,1,0,0,2,29,62,Intersection,High
7,Sunday,8,1,1,State Highway,Rainy,6,18,60,Truck,1,8,Wet,11,0,0,0,6,34,48,Roundabout,Medium
5,Thursday,1,0,0,Urban Road,Rainy,2,56,40,Car,1,11,Wet,6,0,0,2,5,24,20,Roundabout,Medium
18,Thursday,6,1,0,Urban Road,Heavy Rain,8,10,40,Motorcycle,3,2,Good,7,0,0,0,2,21,62,Roundabout,High
13,Sunday,3,0,1,Urban Road,Cloudy,4,26,40,Auto,3,11,Dry,6,0,0,0,8,29,84,Intersection,Medium
20,Sunday,6,1,1,Urban Road,Clear,9,20,40,Bus,2,1,Good,8,1,0,0,9,27,62,Intersection,Medium
11,Saturday,3,0,1,Residential,Clear,4,93,40,Car,2,14,Dry,10,0,0,0,9,30,69,T-Junction,Medium
7,Monday,11,1,0,Highway,Rainy,9,26,80,Car,1,13,Wet,7,0,0,0,6,27,63,Intersection,High
19,Monday,11,1,0,Highway,Foggy,7,15,80,Motorcycle,2,1,Dry,4,0,0,0,4,34,78,T-Junction,High
15,Wednesday,8,0,0,Residential,Clear,5,14,40,Motorcycle,2,3,Good,9,0,0,2,7,30,71,Intersection,Medium
8,Friday,5,1,0,State Highway,Rainy,8,10,60,Car,2,10,Wet,6,0,1,0,8,20,64,Intersection,High
18,Sunday,4,1,1,Residential,Clear,6,48,40,Car,2,6,Dry,10,0,0,0,8,25,35,No Junction,Medium
14,Saturday,9,0,1,Highway,Clear,2,64,80,Auto,3,8,Dry,13,0,0,0,7,28,48,T-Junction,Medium
16,Monday,5,0,0,Urban Road,Heavy Rain,2,70,40,Motorcycle,2,8,Wet,11,0,0,0,3,25,67,Y-Junction,High
13,Monday,12,0,0,State Highway,Clear,3,35,60,Car,2,8,Slippery,7,1,0,1,8,24,87,T-Junction,Medium
19,Saturday,4,1,1,Residential,Heavy Rain,6,16,40,Car,2,2,Wet,8,0,1,3,5,35,64,Intersection,High
19,Tuesday,8,1,0,Highway,Clear,7,10,80,Motorcycle,2,3,Under Construction,7,0,0,0,8,32,68,No Junction,Medium
18,Saturday,8,1,1,National Highway,Clear,8,30,80,Motorcycle,5,1,Under Construction,5,0,0,2,7,23,55,Roundabout,High
6,Monday,8,0,0,Urban Road,Clear,4,63,40,Car,2,2,Wet,6,1,0,0,6,33,65,Intersection,High
19,Friday,4,1,0,Urban Road,Foggy,7,14,40,Motorcycle,1,10,Wet,7,1,1,0,3,32,70,T-Junction,High
17,Tuesday,1,1,0,Urban Road,Clear,8,10,40,Car,3,11,Dry,7,0,0,0,6,31,79,T-Junction,High
18,Thursday,2,1,0,Urban Road,Foggy,4,10,40,Truck,3,10,Good,4,0,0,0,3,18,31,No Junction,High
11,Saturday,4,0,1,National Highway,Rainy,1,69,80,Truck,2,5,Dry,8,0,1,2,7,28,45,No Junction,High
20,Thursday,10,1,0,Highway,Foggy,9,10,80,Car,3,0,Dry,7,0,1,0,2,22,67,T-Junction,High
18,Tuesday,2,1,0,Urban Road,Foggy,5,10,40,Car,4,0,Slippery,3,0,0,0,2,26,78,Intersection,High
7,Tuesday,11,1,0,Urban Road,Clear,5,10,40,Car,3,8,Good,7,1,0,0,7,34,42,Y-Junction,High
12,Tuesday,10,0,0,Urban Road,Clear,6,43,40,Car,1,10,Wet,3,0,0,0,9,25,30,Intersection,Medium
20,Wednesday,3,1,0,Highway,Clear,4,85,80,Bicycle,3,12,Under Construction,4,0,0,2,9,27,85,Intersection,High
4,Saturday,9,0,1,Highway,Clear,1,61,80,Motorcycle,2,8,Dry,4,0,0,0,5,19,65,Intersection,Medium
22,Sunday,9,0,1,Urban Road,Clear,3,11,40,Car,1,7,Wet,7,0,0,1,9,28,65,Intersection,Medium
17,Friday,11,1,0,Residential,Rainy,5,12,40,Bicycle,4,7,Dry,5,0,0,1,5,36,61,Intersection,Medium
17,Friday,9,1,0,State Highway,Clear,3,10,60,Motorcycle,2,4,Slippery,6,0,0,0,6,40,33,T-Junction,Medium
9,Thursday,7,1,0,Residential,Clear,6,47,40,Truck,4,9,Wet,13,0,0,2,6,33,84,T-Junction,High
8,Thursday,4,1,0,Residential,Cloudy,7,10,40,Bicycle,2,7,Wet,5,1,0,0,7,25,89,No Junction,Medium
22,Sunday,1,0,1,Urban Road,Foggy,1,52,40,Auto,2,10,Dry,11,0,0,0,1,30,79,Intersection,High
9,Thursday,3,1,0,State Highway,Rainy,6,22,60,Bicycle,2,2,Wet,9,0,1,0,9,25,39,No Junction,Medium
19,Saturday,8,1,1,Urban Road,Rainy,8,35,40,Bus,5,7,Dry,9,1,0,2,9,28,54,No Junction,High
12,Monday,4,0,0,Urban Road,Rainy,5,34,40,Truck,2,1,Dry,11,0,0,1,9,31,25,T-Junction,Low
7,Thursday,10,1,0,Residential,Rainy,4,46,40,Car,3,12,Dry,6,0,0,0,8,19,82,Y-Junction,Medium
1,Tuesday,10,0,0,Residential,Cloudy,7,32,40,Car,4,3,Dry,7,0,0,0,9,32,100,Intersection,Medium
15,Thursday,2,0,0,Urban Road,Clear,5,18,40,Motorcycle,2,4,Dry,5,0,1,1,7,30,48,T-Junction,Medium
23,Tuesday,8,0,0,Highway,Clear,4,44,80,Auto,1,14,Dry,3,0,1,1,7,23,94,Intersection,Medium
11,Wednesday,7,0,0,Highway,Clear,6,35,80,Car,5,12,Dry,8,0,0,1,6,16,70,Y-Junction,High
11,Monday,11,0,0,State Highway,Clear,3,35,60,Car,4,11,Wet,13,0,0,3,5,29,52,T-Junction,High
10,Monday,10,1,0,Highway,Clear,6,11,80,Motorcycle,2,3,Wet,3,0,0,0,8,32,37,T-Junction,Medium
15,Sunday,9,0,1,Residential,Clear,3,78,40,Car,4,5,Under Construction,4,0,1,0,5,26,41,Roundabout,High
13,Saturday,2,0,1,Highway,Rainy,6,69,80,Motorcycle,2,4,Wet,8,1,0,0,8,26,60,T-Junction,High
20,Saturday,5,1,1,Urban Road,Clear,3,14,40,Truck,2,5,Dry,7,0,0,0,7,31,59,Y-Junction,Medium
14,Friday,6,0,0,Urban Road,Clear,6,10,40,Motorcycle,2,15,Slippery,12,0,0,1,7,24,38,Intersection,Medium
14,Wednesday,2,0,0,Highway,Clear,4,43,80,Motorcycle,3,0,Dry,6,1,0,0,8,32,88,Intersection,High
7,Sunday,2,1,1,Highway,Clear,4,35,80,Motorcycle,2,8,Slippery,12,0,0,0,6,26,89,Roundabout,Medium
23,Saturday,10,0,1,Residential,Cloudy,1,60,40,Car,2,9,Dry,9,0,0,0,9,29,37,Y-Junction,Medium
8,Tuesday,4,1,0,Urban Road,Rainy,9,10,40,Car,1,11,Wet,11,0,0,1,9,30,76,No Junction,Medium
6,Wednesday,8,0,0,State Highway,Clear,6,74,60,Car,3,13,Wet,5,0,0,1,5,37,77,No Junction,High
17,Monday,11,1,0,Highway,Clear,3,64,80,Bus,1,9,Good,7,0,0,0,7,29,92,No Junction,Medium
16,Tuesday,5,0,0,State Highway,Rainy,6,64,60,Bus,1,5,Dry,8,0,1,0,9,22,30,Intersection,Medium
12,Sunday,9,0,1,National Highway,Clear,1,22,80,Motorcycle,2,0,Good,9,1,0,0,7,24,51,Intersection,Medium
12,Sunday,4,0,1,Highway,Clear,4,10,80,Car,4,8,Wet,5,0,0,0,7,24,38,Roundabout,Medium
19,Wednesday,3,1,0,National Highway,Clear,2,13,80,Car,2,2,Good,6,0,0,0,7,31,64,Intersection,Medium
8,Monday,10,1,0,Urban Road,Rainy,2,44,40,Bicycle,3,11,Wet,12,0,0,0,9,27,59,T-Junction,High
19,Saturday,8,1,1,Residential,Clear,6,36,40,Car,1,13,Slippery,10,0,0,0,9,27,48,No Junction,Low
17,Tuesday,1,1,0,Urban Road,Clear,10,10,40,Car,1,9,Slippery,4,0,0,0,9,35,100,No Junction,Low
12,Tuesday,9,0,0,Urban Road,Heavy Rain,7,35,40,Car,3,10,Under Construction,8,1,0,1,3,33,42,Roundabout,High
13,Monday,4,0,0,Urban Road,Cloudy,4,64,40,Truck,1,1,Wet,11,0,0,3,9,26,52,Intersection,High
8,Tuesday,11,1,0,Urban Road,Rainy,8,42,40,Truck,4,2,Slippery,5,1,0,0,7,38,86,Intersection,High
18,Saturday,9,1,1,Residential,Foggy,5,10,40,Bicycle,3,0,Wet,9,0,0,1,1,41,62,No Junction,High
14,Saturday,8,0,1,Residential,Rainy,4,32,40,Bus,3,8,Wet,9,0,0,2,5,22,63,No Junction,Medium
10,Saturday,3,1,1,Urban Road,Clear,5,10,40,Car,1,0,Under Construction,3,0,0,0,6,24,73,Intersection,Low
16,Monday,3,0,0,National Highway,Rainy,6,10,80,Bus,2,1,Dry,5,1,1,0,8,21,89,No Junction,High
23,Thursday,9,0,0,National Highway,Clear,6,36,80,Bicycle,2,5,Dry,6,0,0,1,5,36,74,T-Junction,Medium
12,Thursday,3,0,0,National Highway,Rainy,5,10,80,Motorcycle,1,5,Slippery,8,0,0,2,8,22,41,No Junction,Medium
21,Sunday,4,0,1,State Highway,Clear,1,22,60,Car,2,6,Wet,6,0,0,1,8,24,53,Roundabout,Medium
10,Sunday,9,1,1,Urban Road,Clear,7,10,40,Car,1,9,Dry,9,0,1,1,7,42,80,T-Junction,Medium
5,Tuesday,12,0,0,Urban Road,Foggy,5,55,40,Bus,2,0,Wet,7,0,0,0,1,33,54,No Junction,High
8,Saturday,4,1,1,Urban Road,Cloudy,6,33,40,Bicycle,1,5,Slippery,3,1,0,1,7,26,77,Roundabout,High
12,Tuesday,11,0,0,National Highway,Cloudy,1,97,80,Bicycle,1,8,Dry,3,0,0,0,7,27,75,T-Junction,Medium
8,Monday,3,1,0,Highway,Cloudy,3,54,80,Motorcycle,2,8,Wet,6,1,1,1,5,17,43,No Junction,High
0,Tuesday,7,0,0,Urban Road,Cloudy,6,19,40,Motorcycle,2,13,Under Construction,8,0,1,1,6,27,71,Intersection,Medium
21,Friday,6,0,0,Highway,Clear,8,43,80,Truck,2,5,Wet,7,0,0,2,6,29,57,Intersection,High
20,Thursday,1,1,0,Urban Road,Rainy,5,24,40,Motorcycle,5,6,Wet,4,0,0,0,5,21,35,No Junction,High
18,Tuesday,10,1,0,Urban Road,Foggy,6,24,40,Auto,1,7,Dry,10,0,0,0,1,29,46,No Junction,Medium
7,Tuesday,8,1,0,Residential,Clear,1,22,40,Bus,1,10,Under Construction,6,0,0,3,9,40,64,No Junction,Low
7,Wednesday,1,1,0,Highway,Heavy Rain,6,35,80,Car,2,7,Slippery,10,0,1,0,2,36,54,T-Junction,High
5,Tuesday,4,0,0,Residential,Clear,4,29,40,Car,2,4,Wet,10,0,0,0,9,37,72,Intersection,Medium
18,Friday,6,1,0,State Highway,Rainy,5,15,60,Motorcycle,2,3,Dry,10,0,0,0,7,26,52,No Junction,Low
21,Thursday,6,0,0,State Highway,Cloudy,7,26,60,Motorcycle,3,5,Slippery,9,0,0,0,9,25,100,T-Junction,Medium
12,Wednesday,7,0,0,Highway,Clear,5,48,80,Car,2,0,Wet,4,0,0,1,8,31,53,No Junction,Medium
7,Monday,11,1,0,National Highway,Rainy,5,10,80,Motorcycle,2,5,Good,7,1,1,2,8,24,83,T-Junction,High
14,Sunday,12,0,1,State Highway,Foggy,4,45,60,Auto,1,4,Dry,12,0,1,2,2,32,54,No Junction,High
10,Monday,5,1,0,Highway,Rainy,9,10,80,Motorcycle,3,1,Dry,7,0,1,1,8,33,78,Y-Junction,High
11,Thursday,5,0,0,Residential,Clear,2,33,40,Truck,1,0,Dry,3,0,1,1,5,41,54,Intersection,Medium
17,Sunday,4,1,1,Residential,Cloudy,4,16,40,Truck,2,3,Wet,10,0,0,1,6,20,100,T-Junction,Medium
18,Monday,6,1,0,Urban Road,Rainy,3,47,40,Car,2,1,Dry,9,0,1,0,8,34,46,Intersection,Medium
7,Friday,7,1,0,Highway,Clear,6,29,80,Car,2,4,Good,7,0,0,3,8,25,59,No Junction,Medium
3,Tuesday,10,0,0,Residential,Cloudy,5,53,40,Auto,2,5,Dry,7,0,0,2,5,37,79,No Junction,Medium
23,Thursday,10,0,0,State Highway,Rainy,3,59,60,Motorcycle,2,7,Slippery,8,0,0,0,8,30,43,Y-Junction,Medium
8,Sunday,1,1,1,Urban Road,Clear,8,59,40,Bicycle,1,1,Wet,10,1,0,3,5,28,84,T-Junction,High
5,Wednesday,9,0,0,Residential,Clear,6,10,40,Auto,1,11,Wet,8,0,0,2,8,33,100,Y-Junction,Medium
8,Tuesday,8,1,0,Urban Road,Clear,5,12,40,Car,2,4,Good,9,0,0,2,7,33,44,Roundabout,Medium
3,Monday,7,0,0,Residential,Clear,2,15,40,Car,2,5,Wet,12,0,0,0,6,25,68,Y-Junction,Low
12,Monday,9,0,0,Urban Road,Clear,2,53,40,Motorcycle,3,7,Dry,7,1,0,2,8,28,68,Intersection,High
19,Wednesday,3,1,0,Urban Road,Clear,6,28,40,Motorcycle,4,11,Dry,16,0,0,0,6,24,40,No Junction,High
10,Friday,10,1,0,State Highway,Rainy,9,10,60,Auto,2,8,Under Construction,13,0,0,0,8,28,46,Intersection,Medium
13,Wednesday,4,0,0,State Highway,Heavy Rain,3,48,60,Motorcycle,4,1,Good,6,0,0,0,4,33,20,No Junction,High
17,Thursday,7,1,0,Urban Road,Cloudy,8,39,40,Bus,1,2,Dry,14,0,0,0,7,37,61,Intersection,Medium
14,Wednesday,6,0,0,Urban Road,Foggy,4,10,40,Motorcycle,2,3,Slippery,6,0,1,2,1,17,68,T-Junction,High
20,Monday,2,1,0,Residential,Rainy,3,30,40,Car,1,5,Wet,15,0,1,1,9,34,70,Intersection,Medium
20,Friday,2,1,0,State Highway,Cloudy,8,19,60,Motorcycle,1,10,Slippery,7,0,0,0,6,32,80,Intersection,Medium
0,Friday,10,0,0,Residential,Clear,3,19,40,Motorcycle,1,12,Good,9,0,0,0,6,20,87,Intersection,Low
19,Saturday,7,1,1,Urban Road,Clear,4,10,40,Bicycle,3,6,Dry,9,0,0,0,7,18,63,Intersection,Medium
13,Wednesday,9,0,0,National Highway,Rainy,4,33,80,Motorcycle,2,0,Slippery,6,0,0,1,5,28,59,Intersection,High
23,Thursday,11,0,0,State Highway,Cloudy,4,43,60,Car,3,5,Wet,9,0,0,0,6,27,77,T-Junction,Medium
14,Monday,12,0,0,Highway,Rainy,6,51,80,Motorcycle,2,8,Slippery,11,0,0,0,9,28,100,Intersection,Medium
23,Tuesday,9,0,0,Residential,Cloudy,3,49,40,Motorcycle,1,7,Wet,8,0,1,1,7,37,33,Intersection,Medium
18,Friday,7,1,0,Urban Road,Clear,7,33,40,Motorcycle,2,10,Slippery,8,0,0,2,5,18,38,Intersection,High
8,Wednesday,11,1,0,State Highway,Clear,8,35,60,Car,1,8,Dry,10,1,0,1,7,21,42,Y-Junction,Medium
15,Saturday,8,0,1,Highway,Foggy,1,78,80,Car,5,5,Wet,4,1,1,0,4,19,40,No Junction,High
23,Thursday,10,0,0,Urban Road,Clear,5,36,40,Car,3,4,Slippery,8,0,0,1,7,35,27,T-Junction,Medium
20,Thursday,3,1,0,Urban Road,Clear,5,10,40,Car,1,3,Dry,11,1,0,2,8,32,61,Intersection,High
6,Sunday,1,0,1,Highway,Foggy,4,68,80,Motorcycle,5,5,Dry,7,1,0,1,1,28,31,No Junction,High
18,Monday,7,1,0,Urban Road,Clear,2,77,40,Truck,1,4,Wet,9,1,0,1,5,24,76,T-Junction,High
10,Friday,8,1,0,Residential,Clear,9,11,40,Motorcycle,2,0,Dry,3,0,1,2,7,26,90,Intersection,High
0,Monday,2,0,0,Urban Road,Clear,3,79,40,Car,2,2,Slippery,8,0,0,0,9,25,43,No Junction,Medium
12,Saturday,9,0,1,Residential,Cloudy,4,51,40,Bus,2,12,Under Construction,7,1,0,0,9,31,57,Y-Junction,Medium
8,Tuesday,4,1,0,Residential,Clear,7,31,40,Motorcycle,3,9,Dry,8,0,0,1,5,39,65,Y-Junction,High
19,Tuesday,10,1,0,Residential,Clear,5,28,40,Truck,2,10,Slippery,7,0,0,0,9,21,91,T-Junction,Medium
10,Tuesday,11,1,0,Urban Road,Rainy,5,10,40,Bus,1,3,Wet,11,0,1,0,5,25,60,Intersection,High
19,Thursday,9,1,0,Highway,Clear,7,21,80,Motorcycle,2,9,Wet,5,0,0,0,9,26,50,No Junction,Medium
0,Friday,3,0,0,Urban Road,Foggy,7,62,40,Bus,1,0,Dry,6,0,0,0,1,12,79,Intersection,High
9,Monday,8,1,0,State Highway,Rainy,7,33,60,Motorcycle,1,3,Good,5,0,0,0,5,33,47,T-Junction,Medium
8,Monday,11,1,0,Urban Road,Clear,6,20,40,Bus,1,5,Wet,4,0,0,1,5,28,51,Intersection,Medium
8,Saturday,2,1,1,Residential,Rainy,8,10,40,Truck,3,11,Dry,7,0,0,1,9,30,74,No Junction,Medium
5,Tuesday,3,0,0,Residential,Clear,8,45,40,Car,4,7,Slippery,5,0,0,0,8,24,72,Intersection,Medium
8,Friday,1,1,0,Highway,Clear,6,23,80,Car,2,6,Wet,8,0,0,0,5,30,45,Intersection,Medium
15,Friday,5,0,0,State Highway,Clear,5,40,60,Motorcycle,2,4,Under Construction,8,0,1,1,8,27,73,No Junction,Medium
9,Saturday,4,1,1,Highway,Clear,6,15,80,Motorcycle,1,0,Good,8,1,0,0,6,28,44,Intersection,High
12,Wednesday,1,0,0,National Highway,Rainy,8,40,80,Car,1,6,Dry,9,0,0,0,7,34,46,Y-Junction,Medium
11,Friday,10,0,0,Urban Road,Clear,6,53,40,Motorcycle,1,3,Slippery,3,0,0,0,8,30,48,Roundabout,Medium
20,Friday,9,1,0,Urban Road,Clear,8,22,40,Motorcycle,4,9,Good,12,0,0,0,7,19,61,Intersection,High
21,Monday,6,0,0,Highway,Heavy Rain,8,54,80,Auto,2,0,Wet,7,0,1,0,3,27,69,T-Junction,High
14,Saturday,6,0,1,State Highway,Clear,4,58,60,Car,1,3,Slippery,10,0,0,0,7,35,56,Roundabout,Low
10,Friday,11,1,0,National Highway,Rainy,8,23,80,Car,2,4,Wet,5,0,1,0,8,26,80,No Junction,High
6,Friday,2,0,0,Highway,Cloudy,5,28,80,Car,1,9,Dry,4,0,0,0,5,32,68,T-Junction,Medium
22,Monday,7,0,0,Urban Road,Clear,4,30,40,Truck,2,3,Slippery,9,0,0,0,8,37,68,Roundabout,Low
5,Friday,12,0,0,Highway,Heavy Rain,2,10,80,Motorcycle,4,4,Good,10,0,0,0,2,33,73,Intersection,High
9,Monday,12,1,0,State Highway,Rainy,4,10,60,Car,2,4,Dry,4,0,1,0,8,31,87,No Junction,Medium
9,Wednesday,9,1,0,Urban Road,Foggy,3,28,40,Motorcycle,2,3,Wet,9,0,0,0,2,29,74,No Junction,High
10,Thursday,6,1,0,Residential,Rainy,7,25,40,Truck,2,8,Good,10,0,1,3,8,26,88,Intersection,High
7,Sunday,11,1,1,Highway,Rainy,7,20,80,Car,1,7,Dry,9,0,1,0,6,27,80,No Junction,Medium
19,Monday,8,1,0,Residential,Foggy,4,46,40,Truck,1,0,Slippery,8,0,0,0,2,36,63,T-Junction,High
7,Monday,12,1,0,Urban Road,Clear,5,30,40,Car,2,11,Wet,8,0,0,2,8,32,57,No Junction,Medium
17,Friday,5,1,0,Residential,Clear,6,10,40,Bicycle,1,4,Dry,13,0,0,2,6,27,88,T-Junction,Medium
7,Monday,2,1,0,State Highway,Heavy Rain,10,10,60,Motorcycle,1,12,Dry,6,1,0,0,5,26,78,Y-Junction,High
6,Saturday,4,0,1,Highway,Clear,3,51,80,Motorcycle,2,8,Dry,10,0,0,0,5,28,53,Intersection,High
21,Tuesday,12,0,0,Residential,Clear,8,10,40,Motorcycle,2,4,Wet,9,0,1,2,8,29,49,No Junction,Medium
8,Tuesday,1,1,0,Residential,Rainy,1,31,40,Car,1,6,Dry,3,1,0,0,7,25,63,T-Junction,Medium
19,Wednesday,1,1,0,Urban Road,Clear,8,26,40,Car,5,9,Wet,3,0,1,0,9,21,84,Y-Junction,High
15,Monday,6,0,0,Highway,Rainy,2,25,80,Motorcycle,3,0,Dry,8,0,1,0,7,31,43,Intersection,Medium
6,Saturday,2,0,1,State Highway,Foggy,3,30,60,Car,3,6,Dry,3,1,0,0,4,25,50,No Junction,High
22,Friday,6,0,0,National Highway,Foggy,3,40,80,Car,4,4,Good,3,0,0,0,2,24,60,Intersection,High
8,Friday,1,1,0,National Highway,Rainy,6,25,80,Motorcycle,2,10,Dry,17,0,1,1,9,25,71,No Junction,Medium
20,Sunday,11,1,1,State Highway,Rainy,5,33,60,Truck,2,8,Wet,5,0,0,0,6,24,20,T-Junction,High
7,Thursday,10,1,0,Urban Road,Foggy,5,26,40,Car,2,0,Dry,10,0,1,1,4,32,51,No Junction,High
20,Wednesday,3,1,0,Urban Road,Clear,6,19,40,Motorcycle,1,5,Dry,8,0,0,0,7,33,54,Y-Junction,Low
1,Saturday,9,0,1,Highway,Rainy,4,31,80,Car,2,9,Slippery,14,1,0,1,6,32,47,Intersection,High
14,Saturday,2,0,1,Urban Road,Cloudy,1,69,40,Motorcycle,3,0,Wet,13,0,0,0,6,29,72,No Junction,Medium
18,Sunday,8,1,1,Highway,Rainy,4,11,80,Motorcycle,2,2,Slippery,9,0,0,3,7,20,38,Intersection,High
22,Sunday,6,0,1,Urban Road,Clear,6,51,40,Car,1,9,Wet,3,0,0,0,8,31,69,No Junction,Medium
21,Friday,12,0,0,State Highway,Rainy,4,38,60,Auto,4,0,Dry,12,0,1,2,5,39,32,No Junction,High
19,Thursday,6,1,0,National Highway,Foggy,7,15,80,Bus,2,3,Dry,4,0,0,0,2,26,53,T-Junction,High
20,Friday,7,1,0,National Highway,Clear,5,29,80,Motorcycle,2,0,Slippery,11,1,0,2,7,18,43,Roundabout,High
8,Thursday,5,1,0,Highway,Foggy,7,10,80,Car,5,4,Wet,5,0,0,2,3,32,55,No Junction,High
9,Tuesday,12,1,0,National Highway,Clear,5,43,80,Bus,4,5,Slippery,6,0,0,0,9,17,65,T-Junction,High
9,Saturday,11,1,1,Highway,Rainy,7,31,80,Truck,1,1,Dry,14,0,0,0,8,22,69,T-Junction,Medium
11,Sunday,4,0,1,Urban Road,Heavy Rain,3,30,40,Car,3,8,Dry,8,0,0,0,5,26,56,Roundabout,Medium
12,Tuesday,6,0,0,Residential,Heavy Rain,4,47,40,Motorcycle,4,8,Under Construction,5,0,0,1,4,34,72,No Junction,High
15,Friday,8,0,0,Urban Road,Rainy,9,11,40,Car,4,2,Dry,7,0,0,0,6,28,83,No Junction,Medium
7,Wednesday,4,1,0,National Highway,Rainy,8,10,80,Truck,4,4,Slippery,8,0,0,2,8,24,34,T-Junction,High
18,Monday,5,1,0,Urban Road,Clear,6,27,40,Motorcycle,3,5,Dry,5,0,0,0,5,24,65,T-Junction,Medium
7,Wednesday,7,1,0,Urban Road,Clear,7,15,40,Car,5,8,Good,9,0,0,0,9,21,38,Roundabout,Medium
10,Wednesday,6,1,0,Highway,Clear,9,10,80,Auto,1,0,Good,5,0,1,1,9,24,69,Y-Junction,Medium
14,Monday,4,0,0,State Highway,Foggy,2,64,60,Auto,1,3,Wet,3,0,0,0,2,26,20,No Junction,High
19,Saturday,4,1,1,Urban Road,Foggy,5,38,40,Bus,1,4,Wet,7,0,0,2,1,28,35,Intersection,High
18,Tuesday,10,1,0,Residential,Clear,7,34,40,Car,3,8,Under Construction,6,0,0,1,9,31,66,No Junction,Medium
17,Tuesday,4,1,0,Residential,Rainy,7,10,40,Bus,2,2,Wet,8,0,1,0,5,29,59,No Junction,Medium
7,Saturday,1,1,1,Residential,Rainy,4,26,40,Car,1,9,Under Construction,7,0,0,0,9,20,87,T-Junction,Low
15,Monday,5,0,0,Urban Road,Cloudy,4,52,40,Car,2,8,Wet,10,0,0,0,5,15,85,Intersection,Medium
6,Thursday,8,0,0,Urban Road,Cloudy,1,68,40,Car,1,5,Dry,10,0,0,0,8,24,73,Intersection,Medium
11,Wednesday,7,0,0,Residential,Cloudy,6,31,40,Truck,1,12,Good,3,0,0,0,6,40,79,Intersection,Low
12,Friday,5,0,0,National Highway,Rainy,3,16,80,Motorcycle,2,9,Slippery,7,0,0,0,6,26,30,No Junction,Medium
3,Tuesday,3,0,0,State Highway,Clear,8,38,60,Bus,1,1,Wet,6,0,0,1,6,29,72,Intersection,Medium
9,Saturday,11,1,1,Highway,Clear,6,36,80,Truck,2,7,Good,7,0,0,1,7,19,46,Intersection,High
22,Friday,1,0,0,Highway,Rainy,2,43,80,Bus,1,7,Under Construction,3,0,0,0,6,24,81,T-Junction,Low
22,Sunday,7,0,1,Urban Road,Rainy,1,56,40,Auto,1,14,Dry,3,0,1,2,6,31,49,Y-Junction,Medium
11,Monday,11,0,0,State Highway,Cloudy,4,11,60,Motorcycle,2,0,Wet,12,0,0,1,5,31,79,No Junction,Medium
4,Friday,3,0,0,Urban Road,Clear,5,52,40,Auto,1,10,Wet,7,1,0,0,8,28,78,Intersection,High
7,Friday,4,1,0,Residential,Cloudy,7,28,40,Car,3,6,Slippery,8,0,0,0,8,30,66,T-Junction,Medium
12,Wednesday,5,0,0,National Highway,Clear,3,27,80,Auto,1,6,Dry,5,0,0,0,9,35,42,Intersection,Low
22,Monday,12,0,0,Urban Road,Clear,10,47,40,Auto,3,4,Dry,3,1,0,0,6,29,41,Intersection,High
7,Friday,8,1,0,Urban Road,Clear,8,10,40,Motorcycle,1,9,Dry,6,0,0,2,8,37,88,T-Junction,Medium
18,Tuesday,7,1,0,National Highway,Rainy,9,15,80,Car,5,11,Dry,4,1,0,2,8,30,82,Y-Junction,High
6,Monday,9,0,0,Urban Road,Cloudy,5,60,40,Car,2,4,Dry,9,0,0,0,8,24,45,No Junction,Medium
23,Tuesday,11,0,0,Urban Road,Clear,2,84,40,Motorcycle,2,4,Dry,9,0,1,0,8,23,39,No Junction,Medium
11,Saturday,3,0,1,Urban Road,Rainy,4,17,40,Truck,2,0,Slippery,9,0,0,3,5,25,50,Intersection,High
19,Saturday,11,1,1,Urban Road,Foggy,5,29,40,Motorcycle,1,9,Dry,9,0,1,0,3,27,100,No Junction,High
10,Sunday,10,1,1,Residential,Clear,7,16,40,Motorcycle,1,5,Wet,3,1,1,3,8,33,86,T-Junction,High
17,Thursday,1,1,0,Urban Road,Clear,6,22,40,Car,3,6,Wet,6,0,0,0,5,35,75,Intersection,Medium
8,Saturday,1,1,1,Urban Road,Rainy,5,27,40,Auto,2,3,Wet,5,0,0,1,7,26,52,Intersection,Medium
7,Friday,12,1,0,Residential,Clear,3,39,40,Car,1,4,Dry,8,0,1,2,9,30,92,Y-Junction,Medium
22,Monday,10,0,0,Urban Road,Rainy,5,80,40,Truck,3,0,Dry,6,1,0,0,5,29,67,Intersection,High
21,Saturday,1,0,1,Urban Road,Clear,2,68,40,Car,4,5,Wet,8,0,0,1,9,26,29,Intersection,High
20,Tuesday,2,1,0,Residential,Heavy Rain,6,10,40,Motorcycle,4,5,Slippery,9,0,0,0,3,30,20,Y-Junction,High
17,Friday,2,1,0,State Highway,Rainy,6,10,60,Car,1,7,Dry,7,0,0,0,7,31,94,Roundabout,Low
19,Saturday,7,1,1,Urban Road,Rainy,3,46,40,Bus,2,13,Dry,8,0,1,0,7,40,45,T-Junction,Medium
5,Wednesday,9,0,0,Highway,Rainy,3,18,80,Bicycle,2,7,Slippery,9,0,0,0,7,38,30,Intersection,Medium
10,Tuesday,8,1,0,Residential,Cloudy,5,10,40,Car,3,9,Wet,8,0,0,0,5,35,94,No Junction,Medium
10,Sunday,4,1,1,Residential,Cloudy,6,13,40,Car,2,8,Good,9,0,1,0,7,26,95,No Junction,Medium
17,Sunday,2,1,1,Urban Road,Clear,4,44,40,Car,2,9,Under Construction,9,1,0,1,8,21,73,Intersection,High
11,Sunday,3,0,1,Highway,Foggy,5,54,80,Car,3,8,Dry,6,0,1,1,2,30,20,Y-Junction,High
7,Tuesday,10,1,0,Highway,Rainy,8,10,80,Motorcycle,2,7,Slippery,5,0,0,0,6,17,41,T-Junction,Medium
16,Sunday,5,0,1,State Highway,Foggy,2,10,60,Car,1,12,Dry,9,1,0,0,1,27,53,No Junction,Medium
19,Thursday,9,1,0,Urban Road,Cloudy,6,42,40,Car,2,10,Dry,6,0,0,1,5,30,96,T-Junction,High
11,Wednesday,8,0,0,State Highway,Clear,5,50,60,Motorcycle,2,8,Under Construction,7,0,1,2,7,21,75,T-Junction,High
7,Thursday,12,1,0,Residential,Rainy,6,24,40,Motorcycle,2,6,Dry,7,0,0,0,9,29,45,T-Junction,Low
8,Saturday,3,1,1,Residential,Foggy,6,19,40,Car,1,1,Dry,13,0,0,0,4,33,82,Roundabout,Medium
8,Wednesday,9,1,0,National Highway,Heavy Rain,8,15,80,Bicycle,3,9,Good,10,0,0,0,5,27,57,No Junction,High
9,Tuesday,10,1,0,Highway,Rainy,9,15,80,Car,1,4,Dry,11,0,1,1,7,28,36,T-Junction,Medium
17,Thursday,3,1,0,Urban Road,Foggy,9,10,40,Car,1,9,Dry,9,0,0,1,2,32,74,Intersection,High
16,Friday,10,0,0,Highway,Cloudy,5,60,80,Motorcycle,1,5,Dry,8,0,0,0,8,38,93,Intersection,Medium
18,Wednesday,12,1,0,Urban Road,Foggy,5,10,40,Car,1,6,Wet,9,0,1,1,3,29,46,No Junction,High
11,Tuesday,8,0,0,Highway,Cloudy,7,50,80,Bus,4,6,Wet,6,0,1,3,8,32,50,T-Junction,High
19,Monday,1,1,0,Highway,Clear,6,10,80,Car,3,0,Slippery,4,0,0,0,8,26,48,No Junction,Medium
8,Wednesday,4,1,0,National Highway,Cloudy,7,10,80,Truck,1,7,Good,9,0,0,0,7,32,53,Y-Junction,Medium
13,Wednesday,4,0,0,Residential,Clear,1,55,40,Car,1,5,Wet,9,1,0,0,8,32,63,No Junction,Medium
19,Saturday,6,1,1,State Highway,Rainy,9,24,60,Car,2,5,Dry,12,1,0,3,6,30,63,Y-Junction,High
8,Friday,12,1,0,Urban Road,Rainy,10,10,40,Truck,2,13,Under Construction,10,0,0,0,6,38,65,Intersection,Medium
6,Saturday,12,0,1,Residential,Cloudy,1,58,40,Car,2,3,Wet,6,0,1,0,9,26,47,Roundabout,Medium
20,Sunday,2,1,1,Highway,Clear,5,10,80,Auto,4,2,Wet,4,0,1,0,9,28,83,T-Junction,High
10,Wednesday,7,1,0,Urban Road,Clear,5,50,40,Car,1,4,Dry,9,0,0,0,5,36,20,Intersection,Medium
17,Wednesday,5,1,0,Residential,Foggy,3,10,40,Car,5,11,Dry,8,1,0,2,2,26,44,No Junction,High
2,Sunday,10,0,1,Highway,Rainy,2,60,80,Car,2,3,Wet,6,0,1,0,9,32,48,No Junction,Medium
18,Friday,6,1,0,State Highway,Cloudy,10,11,60,Auto,4,11,Wet,9,0,0,1,5,39,47,No Junction,High
10,Friday,11,1,0,Urban Road,Foggy,7,20,40,Motorcycle,2,17,Dry,4,0,1,1,4,32,62,Roundabout,High
5,Thursday,6,0,0,Urban Road,Cloudy,7,10,40,Car,1,13,Dry,6,0,0,1,5,30,70,T-Junction,Low
16,Tuesday,12,0,0,Urban Road,Cloudy,4,75,40,Auto,2,0,Dry,16,0,1,0,7,27,53,Y-Junction,Medium
8,Tuesday,11,1,0,National Highway,Rainy,2,57,80,Auto,5,1,Dry,5,0,0,3,7,35,50,No Junction,High
11,Thursday,6,0,0,Highway,Rainy,4,22,80,Motorcycle,2,7,Dry,9,0,0,0,9,22,43,Intersection,Low
6,Tuesday,10,0,0,Residential,Clear,4,67,40,Car,4,5,Wet,11,0,0,1,6,19,87,No Junction,High
7,Wednesday,12,1,0,Urban Road,Clear,6,14,40,Car,5,5,Under Construction,10,1,0,0,8,22,58,T-Junction,High
9,Thursday,8,1,0,Highway,Foggy,3,23,80,Car,2,4,Slippery,10,1,0,0,2,28,40,No Junction,High
6,Thursday,10,0,0,Residential,Clear,6,10,40,Auto,2,5,Slippery,9,1,0,0,5,21,60,Y-Junction,Medium
21,Tuesday,4,0,0,Urban Road,Foggy,3,37,40,Car,1,8,Dry,7,0,0,0,2,41,46,No Junction,Medium
0,Monday,10,0,0,Highway,Rainy,4,37,80,Car,4,4,Dry,12,0,1,0,9,23,58,Intersection,High
14,Tuesday,8,0,0,Highway,Cloudy,6,16,80,Car,2,4,Wet,12,0,0,1,7,33,84,No Junction,Medium
7,Saturday,9,1,1,State Highway,Rainy,4,42,60,Car,3,12,Dry,11,0,0,0,9,23,94,Intersection,Medium
9,Monday,4,1,0,Highway,Foggy,6,53,80,Truck,1,3,Good,12,1,0,0,3,27,66,T-Junction,High
21,Thursday,1,0,0,Urban Road,Clear,5,49,40,Motorcycle,2,0,Dry,10,0,0,2,6,28,52,No Junction,Medium
7,Monday,3,1,0,Highway,Clear,10,10,80,Car,2,10,Slippery,7,0,0,0,5,21,65,Intersection,High
22,Wednesday,1,0,0,Highway,Clear,4,10,80,Car,3,0,Dry,5,0,0,0,9,28,70,No Junction,Medium
8,Friday,7,1,0,Urban Road,Clear,8,20,40,Motorcycle,2,4,Under Construction,9,0,0,1,7,36,61,T-Junction,Medium
18,Monday,12,1,0,Urban Road,Cloudy,6,41,40,Auto,3,0,Wet,8,0,0,3,9,27,77,No Junction,High
15,Saturday,1,0,1,Urban Road,Foggy,7,24,40,Motorcycle,2,4,Under Construction,9,0,1,0,2,29,79,Intersection,High
20,Friday,11,1,0,Highway,Clear,3,33,80,Car,1,3,Wet,12,0,0,0,9,30,23,T-Junction,Medium
15,Wednesday,4,0,0,State Highway,Cloudy,2,45,60,Car,2,11,Wet,6,0,1,1,8,30,78,No Junction,Medium
15,Saturday,1,0,1,Urban Road,Foggy,4,32,40,Car,4,11,Good,7,0,1,0,4,17,86,Intersection,High
8,Sunday,2,1,1,Highway,Rainy,4,36,80,Motorcycle,1,0,Dry,8,0,0,1,5,32,90,No Junction,Medium
7,Friday,11,1,0,Urban Road,Clear,8,22,40,Auto,1,3,Under Construction,7,0,1,0,6,31,66,Roundabout,Medium
21,Sunday,1,0,1,Highway,Rainy,5,54,80,Bicycle,2,0,Dry,3,1,1,0,8,28,100,Roundabout,High
10,Wednesday,5,1,0,Residential,Rainy,3,10,40,Car,1,6,Dry,6,0,0,0,9,36,56,Y-Junction,Low
11,Friday,7,0,0,Urban Road,Foggy,7,10,40,Auto,2,6,Wet,5,1,1,0,2,34,32,No Junction,High
18,Friday,3,1,0,Highway,Clear,7,18,80,Car,2,0,Wet,12,0,1,2,8,30,34,Intersection,High
10,Tuesday,8,1,0,Highway,Cloudy,10,10,80,Motorcycle,3,14,Wet,5,0,0,3,6,25,66,T-Junction,High
22,Saturday,5,0,1,Urban Road,Rainy,3,28,40,Car,5,3,Dry,7,0,1,1,6,26,79,T-Junction,Medium
18,Saturday,5,1,1,State Highway,Cloudy,7,10,60,Car,1,0,Slippery,8,1,0,3,9,27,51,T-Junction,High
16,Monday,5,0,0,Highway,Clear,6,51,80,Car,1,5,Dry,9,0,1,0,9,31,100,No Junction,Medium
20,Sunday,8,1,1,Highway,Clear,8,13,80,Car,4,11,Good,8,0,0,2,6,27,41,T-Junction,High
4,Sunday,2,0,1,Urban Road,Cloudy,1,93,40,Truck,4,1,Dry,8,1,0,1,6,29,20,Intersection,High
8,Saturday,2,1,1,Residential,Rainy,2,28,40,Bicycle,5,10,Dry,5,0,1,0,6,20,100,T-Junction,High
13,Saturday,12,0,1,Highway,Clear,6,18,80,Car,3,6,Dry,7,0,0,1,9,33,39,No Junction,Medium
8,Friday,8,1,0,Urban Road,Clear,9,31,40,Bus,2,0,Good,3,1,1,1,7,35,46,No Junction,High
18,Sunday,9,1,1,Urban Road,Clear,7,59,40,Motorcycle,2,2,Wet,9,0,0,3,8,25,77,T-Junction,High
21,Thursday,11,0,0,Highway,Cloudy,2,34,80,Car,2,4,Wet,5,1,0,0,6,25,59,T-Junction,Medium
12,Tuesday,12,0,0,Urban Road,Clear,4,55,40,Car,1,2,Wet,12,0,0,0,9,24,61,No Junction,Medium
10,Monday,10,1,0,Highway,Cloudy,9,10,80,Motorcycle,2,0,Good,3,0,0,0,5,39,58,T-Junction,Medium
22,Tuesday,10,0,0,Residential,Clear,4,32,40,Truck,4,3,Dry,13,0,1,3,9,32,47,Intersection,High
13,Monday,2,0,0,National Highway,Clear,4,15,80,Car,1,12,Dry,8,1,0,2,7,27,80,No Junction,Medium
14,Wednesday,4,0,0,Residential,Rainy,7,38,40,Motorcycle,1,6,Wet,7,0,0,0,7,24,55,Intersection,Medium
11,Friday,8,0,0,Urban Road,Cloudy,6,27,40,Car,1,8,Wet,9,0,0,2,6,21,84,Y-Junction,Medium
21,Saturday,2,0,1,Residential,Foggy,4,24,40,Bus,1,5,Dry,12,0,1,3,4,32,66,No Junction,High
16,Saturday,4,0,1,Residential,Rainy,4,58,40,Car,1,7,Wet,13,0,0,0,9,26,44,No Junction,Low
18,Thursday,10,1,0,State Highway,Rainy,8,10,60,Bus,2,2,Wet,7,0,0,3,8,30,53,T-Junction,High
19,Sunday,1,1,1,Residential,Clear,5,66,40,Car,3,10,Slippery,3,0,1,2,5,36,65,No Junction,High
10,Sunday,2,1,1,Residential,Rainy,7,31,40,Motorcycle,1,10,Good,7,0,0,2,8,21,50,Intersection,Medium
12,Tuesday,7,0,0,Urban Road,Clear,3,60,40,Bus,2,0,Wet,6,0,0,0,8,24,73,T-Junction,Medium
20,Tuesday,1,1,0,Urban Road,Cloudy,8,41,40,Car,3,8,Wet,9,0,0,3,6,31,71,No Junction,High
11,Tuesday,12,0,0,Urban Road,Rainy,4,55,40,Car,4,3,Dry,6,1,0,3,5,26,36,No Junction,High
19,Sunday,1,1,1,Highway,Rainy,4,10,80,Bicycle,1,2,Under Construction,4,0,1,1,7,27,75,No Junction,Medium
22,Saturday,2,0,1,Urban Road,Clear,6,10,40,Car,2,12,Dry,6,0,1,2,8,33,78,No Junction,Medium
17,Sunday,4,1,1,Urban Road,Clear,6,10,40,Auto,2,2,Good,12,0,0,0,5,32,56,T-Junction,Medium
18,Tuesday,7,1,0,Residential,Foggy,7,10,40,Motorcycle,5,11,Dry,8,1,0,0,2,25,43,No Junction,High
19,Friday,4,1,0,National Highway,Clear,7,46,80,Car,1,0,Dry,10,1,1,0,7,24,71,Roundabout,High
20,Monday,5,1,0,Urban Road,Clear,3,10,40,Motorcycle,3,6,Dry,6,0,1,2,6,27,54,No Junction,Medium
12,Saturday,4,0,1,Highway,Clear,5,15,80,Motorcycle,2,0,Good,11,0,0,0,5,34,28,Intersection,Medium
5,Friday,4,0,0,State Highway,Foggy,4,26,60,Car,1,1,Good,5,0,0,0,1,18,60,No Junction,Medium
12,Wednesday,9,0,0,National Highway,Cloudy,8,27,80,Bus,2,0,Good,5,0,0,1,9,27,75,No Junction,Medium
17,Friday,6,1,0,Urban Road,Clear,10,20,40,Car,2,6,Slippery,12,0,0,3,5,31,49,No Junction,High
13,Friday,12,0,0,Highway,Foggy,5,14,80,Car,1,8,Dry,11,1,0,1,1,24,34,Intersection,High
18,Wednesday,3,1,0,Urban Road,Clear,7,50,40,Motorcycle,3,3,Dry,3,0,0,0,9,19,57,T-Junction,Medium
11,Friday,6,0,0,Highway,Rainy,5,45,80,Bus,4,3,Dry,10,0,1,0,5,21,66,No Junction,Medium
17,Monday,7,1,0,State Highway,Clear,3,36,60,Motorcycle,2,1,Slippery,3,0,0,0,7,30,78,No Junction,Medium
8,Saturday,7,1,1,Residential,Foggy,2,36,40,Car,2,14,Wet,11,0,1,0,2,27,91,Y-Junction,High
18,Thursday,8,1,0,Urban Road,Foggy,4,10,40,Motorcycle,2,5,Wet,11,0,0,3,3,16,47,Intersection,High
15,Sunday,4,0,1,State Highway,Clear,5,32,60,Truck,1,0,Dry,12,0,1,0,8,25,59,T-Junction,Medium
8,Wednesday,1,1,0,Residential,Clear,10,11,40,Car,2,6,Slippery,13,0,1,0,9,35,64,T-Junction,Medium
9,Saturday,6,1,1,National Highway,Rainy,6,38,80,Truck,3,14,Good,8,0,0,0,9,27,59,T-Junction,Medium
18,Tuesday,8,1,0,National Highway,Foggy,4,43,80,Motorcycle,3,2,Slippery,7,1,0,0,3,31,30,No Junction,High
14,Monday,5,0,0,Highway,Cloudy,1,76,80,Bicycle,2,3,Under Construction,7,1,0,0,7,27,60,Intersection,High
8,Thursday,3,1,0,Highway,Foggy,6,27,80,Motorcycle,2,3,Wet,7,0,0,0,1,32,97,Intersection,High
22,Monday,4,0,0,Urban Road,Clear,4,13,40,Bus,4,0,Dry,7,0,0,0,6,31,49,T-Junction,Medium
18,Monday,8,1,0,National Highway,Clear,8,39,80,Car,5,6,Good,7,0,0,2,9,28,58,Intersection,High
22,Tuesday,6,0,0,National Highway,Clear,7,62,80,Truck,3,6,Dry,11,0,1,1,5,22,100,T-Junction,High
12,Thursday,5,0,0,Residential,Rainy,5,46,40,Car,1,2,Dry,4,0,0,0,5,30,79,No Junction,Medium
13,Sunday,9,0,1,Highway,Rainy,1,80,80,Car,1,12,Dry,11,0,0,0,9,19,50,No Junction,Low
21,Monday,10,0,0,Highway,Clear,5,40,80,Car,4,9,Wet,7,1,0,0,5,30,41,T-Junction,High
15,Tuesday,3,0,0,State Highway,Foggy,1,38,60,Motorcycle,2,4,Wet,3,0,0,0,2,33,52,No Junction,Medium
18,Wednesday,7,1,0,Residential,Clear,6,11,40,Motorcycle,3,8,Dry,9,0,0,2,6,25,30,Roundabout,High
8,Tuesday,9,1,0,Urban Road,Cloudy,9,10,40,Motorcycle,1,7,Good,3,0,0,0,8,21,52,No Junction,Low
13,Friday,11,0,0,Urban Road,Cloudy,4,34,40,Car,2,8,Good,8,0,0,3,6,33,86,No Junction,Medium
7,Saturday,11,1,1,Residential,Foggy,8,10,40,Truck,4,9,Dry,14,1,1,0,1,28,79,Intersection,High
8,Tuesday,12,1,0,State Highway,Clear,6,70,60,Truck,1,8,Slippery,6,0,1,0,6,26,55,Y-Junction,High
0,Tuesday,4,0,0,Urban Road,Clear,5,17,40,Car,4,8,Under Construction,6,0,0,2,9,29,75,Roundabout,Medium
3,Tuesday,10,0,0,Urban Road,Clear,2,65,40,Truck,2,14,Dry,10,0,1,0,5,25,76,Roundabout,Medium
23,Sunday,10,0,1,Residential,Rainy,4,10,40,Auto,2,4,Dry,9,0,1,2,5,18,75,Intersection,Medium
8,Monday,3,1,0,National Highway,Clear,6,13,80,Car,2,5,Dry,9,0,0,0,6,24,71,Intersection,Medium
17,Sunday,1,1,1,Urban Road,Cloudy,5,20,40,Truck,3,5,Under Construction,6,0,0,0,6,28,48,No Junction,Medium
19,Thursday,9,1,0,Urban Road,Rainy,9,10,40,Bus,2,2,Wet,9,0,0,1,5,28,75,T-Junction,High
15,Tuesday,1,0,0,Urban Road,Clear,5,34,40,Motorcycle,3,6,Slippery,6,0,1,0,5,17,55,T-Junction,High
7,Tuesday,2,1,0,Urban Road,Heavy Rain,6,41,40,Car,1,5,Slippery,9,0,0,0,3,26,61,T-Junction,High
18,Friday,9,1,0,Highway,Rainy,9,46,80,Car,2,9,Dry,7,0,1,2,7,37,79,No Junction,High
16,Friday,5,0,0,Residential,Cloudy,9,28,40,Truck,2,3,Dry,10,1,1,2,7,28,90,Intersection,High
18,Wednesday,4,1,0,Urban Road,Clear,4,24,40,Motorcycle,1,0,Dry,10,1,1,0,5,33,54,No Junction,High
18,Wednesday,9,1,0,Residential,Clear,6,10,40,Car,3,10,Dry,9,0,0,0,8,31,70,No Junction,Low
23,Friday,9,0,0,Highway,Foggy,5,32,80,Car,2,5,Dry,5,0,0,0,2,24,55,No Junction,High
16,Thursday,2,0,0,Highway,Clear,10,10,80,Motorcycle,5,3,Dry,3,0,0,0,9,24,25,No Junction,Medium
10,Wednesday,3,1,0,Urban Road,Cloudy,5,20,40,Motorcycle,3,13,Slippery,4,0,0,0,5,30,90,Intersection,Medium
17,Saturday,12,1,1,Urban Road,Rainy,5,73,40,Bicycle,2,11,Dry,5,0,0,0,7,24,73,Roundabout,Medium
5,Saturday,3,0,1,Urban Road,Clear,6,67,40,Car,3,10,Wet,16,1,0,2,6,34,46,Intersection,High
21,Thursday,5,0,0,State Highway,Heavy Rain,7,35,60,Car,1,2,Dry,9,0,0,1,5,26,72,T-Junction,Medium
7,Friday,3,1,0,Highway,Cloudy,4,48,80,Bicycle,2,1,Wet,8,0,0,0,6,32,85,T-Junction,High
10,Wednesday,10,1,0,Urban Road,Clear,7,10,40,Car,2,10,Slippery,6,0,0,2,6,30,50,Roundabout,High
19,Tuesday,6,1,0,Residential,Rainy,6,10,40,Bus,2,9,Dry,10,0,0,1,8,30,65,T-Junction,Medium
16,Friday,2,0,0,State Highway,Clear,1,30,60,Bus,3,9,Dry,7,0,0,3,5,24,69,T-Junction,Medium
12,Wednesday,6,0,0,Urban Road,Clear,3,37,40,Car,2,4,Slippery,9,0,0,0,6,34,41,T-Junction,Medium
13,Thursday,6,0,0,Urban Road,Cloudy,6,52,40,Motorcycle,4,10,Wet,9,0,0,2,5,42,52,Y-Junction,High
20,Saturday,2,1,1,Residential,Cloudy,4,10,40,Auto,3,9,Dry,9,0,0,1,5,22,68,Intersection,Medium
10,Thursday,6,1,0,Urban Road,Foggy,9,25,40,Motorcycle,1,11,Slippery,8,0,0,0,2,33,67,No Junction,High
20,Wednesday,6,1,0,Residential,Heavy Rain,7,36,40,Bus,2,4,Dry,4,0,0,1,2,28,65,No Junction,High
6,Thursday,6,0,0,Urban Road,Clear,5,39,40,Bus,4,6,Dry,8,1,0,1,5,23,89,Intersection,High
19,Wednesday,12,1,0,State Highway,Clear,6,10,60,Motorcycle,3,4,Dry,11,0,1,1,6,21,88,No Junction,High
20,Wednesday,5,1,0,Urban Road,Clear,7,27,40,Car,3,11,Wet,10,0,0,2,5,22,71,No Junction,High
8,Thursday,7,1,0,National Highway,Foggy,9,16,80,Motorcycle,1,4,Slippery,8,0,0,2,3,23,45,No Junction,High
12,Monday,12,0,0,Urban Road,Cloudy,1,61,40,Car,3,1,Under Construction,10,0,1,0,6,21,76,T-Junction,Medium
7,Tuesday,5,1,0,State Highway,Clear,4,51,60,Car,2,6,Good,4,0,0,0,9,34,42,T-Junction,Low
18,Friday,11,1,0,Urban Road,Cloudy,9,10,40,Car,5,7,Dry,7,0,0,0,5,27,47,T-Junction,High
15,Saturday,1,0,1,Urban Road,Cloudy,1,55,40,Motorcycle,2,3,Good,7,0,0,1,6,30,54,Y-Junction,Medium
17,Tuesday,12,1,0,Urban Road,Clear,4,40,40,Car,4,0,Wet,4,1,0,1,8,21,50,T-Junction,High
8,Friday,9,1,0,State Highway,Clear,8,25,60,Motorcycle,2,0,Dry,9,0,0,3,9,35,71,No Junction,High
8,Friday,3,1,0,Urban Road,Clear,7,29,40,Car,4,8,Under Construction,10,0,0,0,7,24,74,Roundabout,Medium
4,Saturday,2,0,1,Urban Road,Rainy,2,37,40,Car,2,10,Wet,8,1,0,0,7,35,41,No Junction,Medium
10,Tuesday,10,1,0,Highway,Clear,8,10,80,Motorcycle,1,6,Wet,8,0,1,0,8,30,75,Y-Junction,Medium
15,Saturday,6,0,1,National Highway,Rainy,1,16,80,Car,2,7,Dry,6,0,0,2,8,22,64,No Junction,Medium
20,Wednesday,8,1,0,Urban Road,Cloudy,10,31,40,Bicycle,1,12,Slippery,6,0,0,0,7,30,33,Y-Junction,Medium
17,Saturday,2,1,1,Urban Road,Clear,7,19,40,Car,4,3,Dry,3,0,0,3,6,27,100,T-Junction,High
12,Thursday,4,0,0,National Highway,Heavy Rain,4,45,80,Motorcycle,1,8,Dry,7,0,0,1,2,22,61,Intersection,High
22,Monday,2,0,0,National Highway,Clear,7,32,80,Car,1,4,Good,6,0,0,1,6,21,54,Roundabout,Medium
18,Monday,12,1,0,Urban Road,Clear,8,12,40,Bus,3,9,Dry,5,0,0,0,7,32,50,Y-Junction,Medium
22,Monday,12,0,0,State Highway,Rainy,7,50,60,Truck,2,3,Dry,8,0,0,1,9,35,49,Roundabout,Medium
15,Tuesday,9,0,0,Urban Road,Clear,4,31,40,Bus,1,1,Good,6,0,0,0,9,21,69,Roundabout,Low
8,Tuesday,10,1,0,Highway,Clear,3,45,80,Car,5,6,Dry,3,0,0,0,5,28,45,Intersection,High
5,Wednesday,2,0,0,State Highway,Clear,7,27,60,Motorcycle,2,7,Dry,6,0,0,3,5,19,61,Intersection,High
18,Sunday,10,1,1,State Highway,Foggy,7,10,60,Car,2,5,Wet,7,0,1,0,2,33,42,Intersection,High
7,Monday,2,1,0,Urban Road,Cloudy,8,10,40,Truck,2,0,Dry,4,0,0,3,7,28,89,No Junction,Medium
9,Wednesday,5,1,0,Highway,Clear,5,47,80,Truck,1,2,Good,9,0,0,0,5,20,68,No Junction,High
15,Sunday,12,0,1,Urban Road,Clear,5,16,40,Bicycle,1,2,Dry,8,0,0,0,9,25,50,No Junction,Low
16,Monday,5,0,0,State Highway,Foggy,4,51,60,Auto,1,6,Slippery,5,0,0,3,3,24,20,T-Junction,High
16,Tuesday,12,0,0,National Highway,Cloudy,7,35,80,Auto,2,3,Dry,10,0,0,0,8,22,43,Intersection,Medium
7,Sunday,7,1,1,Urban Road,Clear,5,26,40,Motorcycle,4,14,Dry,12,0,0,0,8,33,46,No Junction,Medium
11,Thursday,1,0,0,State Highway,Clear,2,47,60,Car,1,7,Dry,7,1,1,0,9,22,52,T-Junction,Medium
17,Thursday,12,1,0,Urban Road,Clear,5,37,40,Auto,5,9,Dry,7,0,0,3,6,38,95,Intersection,High
22,Thursday,2,0,0,Residential,Cloudy,3,47,40,Auto,2,4,Wet,7,0,0,0,6,33,70,Intersection,Medium
18,Saturday,11,1,1,Highway,Clear,8,10,80,Motorcycle,2,8,Wet,6,0,1,3,9,26,61,Roundabout,High
21,Thursday,11,0,0,Residential,Rainy,4,60,40,Motorcycle,1,6,Under Construction,5,0,0,0,6,41,72,No Junction,Medium
18,Friday,6,1,0,Urban Road,Clear,6,59,40,Car,4,6,Dry,8,0,0,0,8,25,84,Y-Junction,High
16,Monday,2,0,0,National Highway,Clear,10,10,80,Motorcycle,4,10,Dry,5,0,1,0,9,19,78,No Junction,High
8,Thursday,4,1,0,Urban Road,Clear,6,12,40,Bus,3,12,Dry,3,1,0,0,5,33,81,Intersection,High
17,Sunday,10,1,1,Urban Road,Clear,3,63,40,Bicycle,1,8,Dry,14,0,0,0,9,22,64,No Junction,Medium
17,Friday,6,1,0,State Highway,Clear,10,10,60,Motorcycle,2,6,Dry,13,0,1,0,7,35,79,No Junction,Medium
16,Friday,12,0,0,Urban Road,Clear,3,51,40,Car,5,2,Dry,8,0,0,0,8,19,20,Intersection,Medium
14,Friday,7,0,0,Urban Road,Rainy,2,41,40,Bus,2,8,Dry,4,0,0,0,8,22,82,Intersection,Medium
15,Wednesday,10,0,0,Urban Road,Clear,7,56,40,Auto,2,2,Slippery,14,0,1,1,7,24,60,T-Junction,High
10,Sunday,5,1,1,State Highway,Clear,4,22,60,Motorcycle,1,7,Slippery,9,1,0,0,8,31,51,Roundabout,Medium
14,Wednesday,8,0,0,Urban Road,Foggy,4,10,40,Motorcycle,1,4,Dry,6,0,0,2,4,25,72,T-Junction,Medium
8,Friday,6,1,0,Highway,Clear,7,31,80,Auto,2,1,Dry,12,0,0,0,7,24,76,No Junction,Medium
19,Saturday,5,1,1,Urban Road,Clear,5,47,40,Truck,2,7,Wet,5,0,0,1,8,31,100,Intersection,Medium
8,Thursday,4,1,0,National Highway,Clear,6,30,80,Car,3,1,Good,3,0,0,1,9,35,69,Intersection,Medium
6,Monday,6,0,0,Highway,Cloudy,6,16,80,Bicycle,4,4,Dry,6,0,1,1,7,26,56,Intersection,Medium
12,Sunday,6,0,1,Urban Road,Clear,3,35,40,Truck,2,4,Slippery,10,1,0,2,5,22,64,T-Junction,High
17,Saturday,6,1,1,Residential,Clear,4,33,40,Motorcycle,3,6,Wet,14,0,0,0,7,36,75,Intersection,Medium
12,Tuesday,1,0,0,Highway,Clear,4,50,80,Car,2,13,Wet,5,1,0,1,5,27,20,T-Junction,High
9,Wednesday,6,1,0,Urban Road,Clear,9,28,40,Car,5,12,Good,4,1,0,0,9,30,70,T-Junction,High
15,Thursday,1,0,0,National Highway,Rainy,4,34,80,Bicycle,4,3,Good,8,0,0,1,7,25,82,T-Junction,Medium
10,Thursday,5,1,0,Highway,Cloudy,8,26,80,Bus,3,2,Dry,7,0,0,0,7,25,60,Y-Junction,Medium
22,Tuesday,7,0,0,State Highway,Foggy,5,21,60,Car,1,7,Under Construction,13,0,0,0,2,25,60,No Junction,Medium
21,Tuesday,1,0,0,State Highway,Clear,4,70,60,Truck,4,6,Wet,8,0,0,2,5,33,36,No Junction,High
14,Sunday,1,0,1,Urban Road,Rainy,2,10,40,Car,1,3,Wet,14,0,1,0,9,35,48,Roundabout,Low
10,Thursday,6,1,0,Urban Road,Rainy,7,56,40,Motorcycle,3,0,Slippery,12,0,0,0,8,24,50,No Junction,Medium
18,Tuesday,7,1,0,National Highway,Clear,9,10,80,Motorcycle,2,3,Good,10,0,1,1,6,25,73,Intersection,High
3,Thursday,6,0,0,State Highway,Clear,4,28,60,Auto,2,6,Wet,3,0,1,0,7,35,79,No Junction,Medium
13,Saturday,5,0,1,Highway,Clear,1,15,80,Car,4,2,Good,6,0,0,0,7,39,93,Intersection,Medium
10,Sunday,6,1,1,Urban Road,Clear,4,38,40,Car,3,6,Wet,8,0,0,0,7,31,72,T-Junction,Medium
21,Tuesday,3,0,0,Residential,Clear,6,40,40,Bus,1,3,Wet,3,0,1,2,8,30,30,No Junction,High
1,Saturday,9,0,1,Urban Road,Clear,2,32,40,Bicycle,2,7,Wet,6,0,1,0,9,39,91,Intersection,Medium
15,Saturday,5,0,1,Urban Road,Cloudy,6,10,40,Bus,5,13,Wet,7,0,1,0,5,29,41,Roundabout,Medium
18,Tuesday,2,1,0,National Highway,Clear,9,32,80,Bus,2,4,Wet,5,0,0,1,8,29,64,No Junction,High
14,Sunday,12,0,1,Urban Road,Rainy,2,38,40,Motorcycle,3,9,Wet,14,0,0,0,9,25,48,No Junction,Medium
6,Thursday,10,0,0,State Highway,Clear,4,39,60,Car,3,9,Slippery,9,0,0,3,6,32,61,T-Junction,High
23,Friday,10,0,0,Residential,Clear,7,10,40,Car,5,1,Under Construction,7,0,1,1,9,24,78,T-Junction,High
14,Thursday,7,0,0,Highway,Clear,4,52,80,Car,4,3,Dry,3,0,0,2,9,25,70,T-Junction,High
17,Monday,3,1,0,Residential,Clear,7,13,40,Motorcycle,2,6,Dry,6,0,0,0,5,26,48,T-Junction,Medium
8,Tuesday,1,1,0,Urban Road,Foggy,8,21,40,Bicycle,1,8,Wet,12,1,0,2,3,31,78,T-Junction,High
14,Wednesday,3,0,0,Urban Road,Cloudy,8,11,40,Motorcycle,2,0,Wet,6,0,1,0,9,26,100,T-Junction,Medium
12,Sunday,9,0,1,Urban Road,Clear,5,43,40,Auto,1,7,Dry,6,0,0,1,7,33,66,T-Junction,Medium
6,Tuesday,5,0,0,Residential,Cloudy,5,31,40,Car,2,0,Wet,4,0,0,1,5,22,52,No Junction,Medium
6,Monday,7,0,0,Residential,Clear,4,10,40,Motorcycle,2,1,Good,8,0,1,1,9,26,82,Roundabout,Low
19,Saturday,3,1,1,National Highway,Clear,3,37,80,Truck,4,3,Wet,8,0,0,1,9,28,45,Roundabout,High
8,Wednesday,4,1,0,State Highway,Rainy,6,34,60,Car,2,5,Under Construction,8,0,1,0,7,29,63,No Junction,Medium
8,Wednesday,1,1,0,Urban Road,Cloudy,6,10,40,Car,5,10,Under Construction,4,0,0,0,5,32,55,No Junction,High
14,Thursday,3,0,0,State Highway,Cloudy,6,59,60,Motorcycle,2,6,Dry,9,0,0,0,6,22,98,No Junction,Medium
18,Friday,7,1,0,Highway,Foggy,6,10,80,Truck,2,7,Slippery,6,0,1,0,2,28,65,Roundabout,High
5,Thursday,4,0,0,Highway,Cloudy,5,44,80,Motorcycle,2,1,Wet,8,0,0,1,8,22,53,Roundabout,Medium
16,Sunday,2,0,1,Highway,Rainy,6,66,80,Auto,2,3,Good,10,0,0,0,9,31,55,T-Junction,High
7,Wednesday,5,1,0,Residential,Cloudy,7,58,40,Motorcycle,2,4,Dry,9,0,0,0,8,25,20,Y-Junction,High
3,Wednesday,5,0,0,Highway,Rainy,3,19,80,Truck,2,4,Dry,9,0,0,1,8,32,58,T-Junction,Medium
5,Friday,2,0,0,Urban Road,Foggy,2,59,40,Car,3,9,Dry,10,0,0,0,4,28,70,Intersection,High
19,Sunday,11,1,1,Urban Road,Foggy,5,16,40,Car,2,8,Dry,10,0,1,0,1,28,58,No Junction,High
7,Tuesday,6,1,0,Urban Road,Foggy,5,10,40,Car,4,10,Dry,10,1,0,0,2,43,44,No Junction,High
4,Friday,10,0,0,National Highway,Clear,3,46,80,Car,1,4,Dry,11,0,0,1,7,34,79,No Junction,Medium
12,Saturday,4,0,1,National Highway,Clear,9,43,80,Bicycle,2,1,Wet,9,0,0,0,9,32,64,Roundabout,Medium
20,Thursday,1,1,0,Residential,Rainy,6,19,40,Motorcycle,3,14,Wet,10,0,1,1,8,28,100,T-Junction,Medium
9,Tuesday,3,1,0,Residential,Rainy,7,10,40,Car,2,3,Dry,8,0,0,3,8,25,51,Roundabout,Medium
12,Thursday,9,0,0,Residential,Foggy,8,10,40,Car,1,0,Wet,10,0,0,1,2,25,64,Intersection,High
3,Friday,10,0,0,State Highway,Clear,3,56,60,Motorcycle,3,4,Dry,6,0,1,1,6,36,60,No Junction,High
13,Tuesday,7,0,0,Residential,Cloudy,5,45,40,Auto,2,8,Dry,3,0,0,2,5,24,54,Roundabout,Medium
16,Friday,6,0,0,Highway,Foggy,7,39,80,Car,2,9,Slippery,12,0,0,3,4,31,81,No Junction,High
16,Saturday,1,0,1,Urban Road,Clear,4,12,40,Motorcycle,4,8,Dry,8,0,0,0,6,24,64,T-Junction,Low
10,Monday,9,1,0,Urban Road,Rainy,6,10,40,Car,3,8,Dry,8,0,0,0,5,22,68,Intersection,Medium
10,Wednesday,9,1,0,Urban Road,Clear,8,10,40,Motorcycle,2,10,Dry,10,1,1,2,9,25,66,Intersection,High
6,Sunday,1,0,1,Urban Road,Clear,2,19,40,Truck,2,3,Under Construction,6,1,0,2,6,32,82,No Junction,Medium
11,Tuesday,6,0,0,State Highway,Cloudy,4,40,60,Bus,4,5,Under Construction,7,0,1,0,7,34,96,No Junction,Medium
6,Wednesday,7,0,0,Residential,Cloudy,1,32,40,Car,1,10,Dry,6,0,1,0,5,29,49,T-Junction,Medium
18,Monday,2,1,0,Highway,Clear,8,11,80,Car,2,6,Wet,7,0,0,0,9,27,62,No Junction,Medium
22,Tuesday,10,0,0,Urban Road,Clear,7,12,40,Bicycle,2,7,Dry,6,0,0,2,5,31,73,Y-Junction,Medium
23,Wednesday,8,0,0,Residential,Foggy,6,10,40,Car,1,18,Dry,6,0,1,1,4,27,72,T-Junction,Medium
20,Wednesday,8,1,0,Highway,Cloudy,8,10,80,Motorcycle,2,9,Dry,9,0,0,2,9,25,82,Y-Junction,Medium
16,Tuesday,6,0,0,Highway,Foggy,4,20,80,Truck,3,3,Under Construction,3,0,0,1,4,22,53,Y-Junction,Medium
18,Wednesday,9,1,0,State Highway,Rainy,5,31,60,Bus,2,11,Dry,11,0,0,0,8,34,61,T-Junction,Medium
9,Wednesday,3,1,0,Urban Road,Heavy Rain,4,10,40,Truck,1,6,Wet,5,0,0,3,5,25,83,No Junction,High
17,Tuesday,2,1,0,State Highway,Foggy,5,28,60,Motorcycle,4,9,Good,9,0,0,2,2,22,54,Intersection,High
13,Sunday,2,0,1,State Highway,Rainy,2,67,60,Car,1,0,Wet,9,0,1,2,9,26,68,No Junction,Medium
14,Wednesday,6,0,0,State Highway,Rainy,5,35,60,Motorcycle,2,4,Good,7,0,0,3,6,33,47,T-Junction,High
18,Wednesday,7,1,0,Highway,Clear,9,10,80,Motorcycle,1,11,Good,9,0,0,0,5,32,100,No Junction,Medium
9,Sunday,6,1,1,Highway,Heavy Rain,6,11,80,Truck,2,1,Wet,4,0,0,2,2,27,68,T-Junction,High
10,Thursday,11,1,0,Urban Road,Clear,6,44,40,Auto,2,6,Wet,6,0,0,1,9,25,90,No Junction,Medium
21,Saturday,3,0,1,Highway,Rainy,7,29,80,Motorcycle,1,7,Slippery,7,0,0,0,8,41,65,No Junction,Medium
5,Thursday,5,0,0,Urban Road,Rainy,6,16,40,Bicycle,4,0,Good,9,0,0,0,5,23,77,Intersection,Medium
14,Monday,8,0,0,State Highway,Clear,2,33,60,Car,2,7,Slippery,6,0,1,3,9,28,71,Y-Junction,Medium
21,Thursday,6,0,0,National Highway,Clear,4,65,80,Car,4,6,Dry,7,0,0,0,7,24,83,No Junction,Medium
17,Thursday,2,1,0,State Highway,Rainy,6,42,60,Car,2,8,Under Construction,10,0,0,0,8,33,81,T-Junction,Medium
15,Monday,7,0,0,Urban Road,Cloudy,1,44,40,Car,2,2,Good,9,0,0,2,8,33,58,T-Junction,Medium
8,Wednesday,8,1,0,Residential,Foggy,9,10,40,Motorcycle,4,9,Wet,15,0,1,1,3,22,59,No Junction,High
10,Wednesday,4,1,0,Urban Road,Rainy,7,26,40,Motorcycle,2,4,Slippery,5,0,1,0,9,29,81,Roundabout,Medium
20,Thursday,12,1,0,Urban Road,Clear,10,10,40,Motorcycle,1,2,Wet,4,1,0,1,9,14,100,Intersection,High
15,Monday,1,0,0,State Highway,Cloudy,7,48,60,Motorcycle,2,11,Dry,13,0,0,3,6,28,57,No Junction,Medium
14,Wednesday,2,0,0,Highway,Clear,3,42,80,Motorcycle,1,8,Dry,8,1,1,0,9,11,52,Intersection,Medium
6,Friday,4,0,0,Urban Road,Clear,6,10,40,Car,5,3,Dry,11,0,0,0,9,30,41,Intersection,Medium
1,Tuesday,7,0,0,State Highway,Clear,5,53,60,Car,1,1,Slippery,4,0,0,0,8,26,76,No Junction,Medium
22,Tuesday,2,0,0,Highway,Heavy Rain,4,20,80,Car,4,4,Wet,6,0,1,0,2,19,67,Roundabout,High
11,Saturday,6,0,1,National Highway,Foggy,1,10,80,Motorcycle,1,9,Dry,8,0,0,0,1,31,65,T-Junction,Medium
16,Tuesday,2,0,0,Highway,Clear,6,53,80,Auto,1,10,Dry,8,0,0,2,7,28,71,Intersection,Medium
6,Thursday,12,0,0,State Highway,Clear,1,65,60,Car,1,1,Dry,7,0,0,0,5,22,72,T-Junction,Medium
17,Tuesday,7,1,0,Urban Road,Heavy Rain,4,14,40,Car,2,1,Slippery,3,0,0,0,4,32,67,No Junction,High
22,Tuesday,2,0,0,Highway,Clear,5,74,80,Truck,1,8,Dry,7,1,0,1,5,27,75,Intersection,High
16,Friday,3,0,0,Highway,Rainy,2,61,80,Bicycle,2,13,Dry,9,0,0,2,9,30,79,Roundabout,Medium
7,Wednesday,9,1,0,Residential,Rainy,5,10,40,Motorcycle,2,4,Good,6,0,0,0,6,26,79,Intersection,Low
16,Friday,4,0,0,State Highway,Clear,5,19,60,Car,3,12,Wet,10,0,1,1,9,27,65,No Junction,Medium
18,Thursday,5,1,0,Residential,Clear,8,42,40,Motorcycle,2,8,Wet,10,0,0,2,6,37,68,Intersection,High
12,Tuesday,9,0,0,National Highway,Cloudy,4,81,80,Car,2,0,Wet,8,0,0,2,5,24,48,T-Junction,High
20,Sunday,7,1,1,State Highway,Foggy,9,11,60,Motorcycle,2,1,Dry,5,0,0,2,4,29,52,Intersection,High
17,Wednesday,8,1,0,Highway,Clear,5,40,80,Motorcycle,4,5,Dry,9,1,1,0,5,29,86,Roundabout,High
21,Saturday,11,0,1,Residential,Foggy,6,21,40,Car,2,10,Wet,9,0,0,0,3,21,49,T-Junction,High
17,Saturday,3,1,1,Urban Road,Cloudy,4,36,40,Car,2,7,Wet,8,1,0,0,5,29,41,No Junction,High
7,Tuesday,11,1,0,Urban Road,Clear,10,10,40,Car,1,10,Wet,5,0,0,0,9,18,77,Intersection,Medium
9,Tuesday,11,1,0,Highway,Rainy,9,10,80,Motorcycle,5,3,Slippery,10,0,0,1,6,40,76,Roundabout,High
8,Saturday,4,1,1,Urban Road,Clear,6,18,40,Truck,2,3,Wet,9,0,0,1,8,36,68,Y-Junction,Medium
21,Saturday,7,0,1,Residential,Rainy,5,92,40,Car,4,6,Dry,6,0,1,0,9,16,80,T-Junction,High
18,Sunday,4,1,1,Urban Road,Rainy,8,10,40,Bus,4,4,Under Construction,8,0,1,2,9,34,30,Intersection,High
17,Thursday,2,1,0,Residential,Rainy,6,24,40,Auto,1,8,Dry,5,0,0,0,9,28,73,Roundabout,Low
9,Tuesday,10,1,0,National Highway,Rainy,7,27,80,Motorcycle,2,4,Good,3,0,1,0,8,19,59,Roundabout,Medium
8,Saturday,6,1,1,Highway,Clear,3,28,80,Auto,2,7,Under Construction,3,0,1,1,9,17,58,Intersection,Medium
18,Sunday,9,1,1,State Highway,Clear,3,16,60,Motorcycle,3,8,Dry,8,0,0,0,6,27,83,No Junction,Medium
13,Monday,2,0,0,Residential,Rainy,7,36,40,Car,1,8,Good,7,0,1,1,9,37,86,T-Junction,Medium
8,Saturday,1,1,1,Highway,Cloudy,6,32,80,Car,3,6,Under Construction,9,0,0,0,7,42,51,T-Junction,Medium
17,Wednesday,8,1,0,State Highway,Foggy,9,15,60,Motorcycle,1,4,Good,10,0,0,1,2,29,81,T-Junction,Medium
4,Wednesday,1,0,0,Urban Road,Clear,6,20,40,Car,2,8,Slippery,9,1,0,0,7,22,91,T-Junction,Medium
10,Monday,1,1,0,Urban Road,Clear,7,12,40,Car,4,0,Good,6,0,0,0,6,39,64,T-Junction,High
13,Thursday,3,0,0,Highway,Clear,7,13,80,Car,1,3,Slippery,9,1,0,3,6,22,66,T-Junction,High
7,Tuesday,5,1,0,Urban Road,Foggy,9,25,40,Car,1,1,Under Construction,6,0,0,0,1,25,72,No Junction,Medium
23,Tuesday,12,0,0,Urban Road,Heavy Rain,3,46,40,Auto,1,6,Wet,7,0,1,1,5,32,47,Intersection,High
8,Saturday,9,1,1,Urban Road,Clear,3,33,40,Truck,1,5,Good,11,0,0,0,6,35,43,No Junction,Low
7,Wednesday,11,1,0,Highway,Clear,5,10,80,Car,2,10,Wet,9,0,0,1,9,21,100,T-Junction,Medium
8,Thursday,10,1,0,State Highway,Cloudy,9,10,60,Car,4,3,Slippery,6,0,0,3,5,27,61,Intersection,High
18,Thursday,2,1,0,State Highway,Foggy,8,13,60,Car,3,11,Good,5,0,0,1,4,31,30,No Junction,High
12,Thursday,12,0,0,Urban Road,Cloudy,2,10,40,Bus,3,4,Wet,12,0,0,0,9,13,72,Roundabout,Medium
16,Saturday,12,0,1,Urban Road,Clear,3,50,40,Bus,1,8,Dry,7,0,1,0,9,16,78,T-Junction,Medium
2,Tuesday,1,0,0,Highway,Rainy,7,24,80,Truck,2,7,Dry,4,0,0,0,7,18,27,Intersection,Medium
3,Thursday,1,0,0,State Highway,Clear,3,24,60,Car,2,7,Good,6,0,0,0,6,29,55,T-Junction,Medium
13,Saturday,8,0,1,Highway,Clear,4,10,80,Bicycle,2,3,Under Construction,3,0,0,1,8,31,81,No Junction,Low
19,Saturday,10,1,1,Highway,Clear,8,17,80,Bus,3,9,Wet,3,0,0,0,8,35,77,T-Junction,High
20,Monday,10,1,0,Urban Road,Cloudy,8,23,40,Motorcycle,5,6,Good,10,0,0,0,6,29,60,No Junction,Medium
6,Friday,10,0,0,Residential,Clear,2,72,40,Truck,3,1,Dry,5,0,0,0,9,42,45,Intersection,Medium
15,Thursday,2,0,0,Urban Road,Rainy,6,21,40,Motorcycle,4,5,Dry,4,0,0,0,7,31,87,Intersection,Medium
21,Friday,9,0,0,Highway,Heavy Rain,5,62,80,Motorcycle,5,13,Wet,6,0,0,1,5,36,41,Intersection,High
11,Tuesday,9,0,0,Residential,Clear,6,34,40,Car,2,1,Dry,6,0,0,0,9,33,100,T-Junction,Low
19,Saturday,2,1,1,Residential,Cloudy,4,31,40,Truck,2,0,Dry,6,0,0,3,8,29,77,Intersection,High
7,Sunday,3,1,1,Residential,Rainy,7,56,40,Car,3,5,Slippery,5,1,1,0,7,37,48,T-Junction,High
22,Thursday,2,0,0,Urban Road,Clear,5,45,40,Bicycle,2,7,Dry,7,0,0,0,9,32,59,No Junction,Low
18,Sunday,6,1,1,State Highway,Clear,9,21,60,Bicycle,2,16,Slippery,7,1,0,0,5,24,55,No Junction,High
22,Wednesday,7,0,0,Urban Road,Clear,4,27,40,Car,2,5,Dry,13,0,1,2,9,29,67,Intersection,Medium
17,Tuesday,12,1,0,Urban Road,Clear,5,10,40,Bus,2,3,Good,6,0,1,0,5,26,63,Intersection,Medium
11,Monday,6,0,0,Urban Road,Clear,2,52,40,Car,2,3,Under Construction,7,0,0,1,6,23,81,No Junction,Medium
22,Monday,3,0,0,Urban Road,Foggy,7,37,40,Car,1,5,Wet,5,0,0,0,1,23,64,Intersection,Medium
9,Friday,12,1,0,Urban Road,Clear,2,29,40,Car,2,5,Dry,9,0,0,3,8,31,62,Intersection,Medium
10,Saturday,3,1,1,Highway,Rainy,2,28,80,Motorcycle,2,8,Good,12,0,1,0,6,19,59,T-Junction,Medium
18,Friday,12,1,0,Urban Road,Foggy,7,10,40,Auto,1,9,Dry,7,0,0,0,2,29,82,Intersection,Medium
18,Wednesday,2,1,0,Urban Road,Rainy,5,15,40,Car,2,10,Dry,6,0,0,0,9,24,88,No Junction,Low
21,Wednesday,2,0,0,Residential,Rainy,2,61,40,Motorcycle,2,4,Dry,8,0,1,0,9,21,42,Intersection,Medium
8,Monday,11,1,0,Highway,Rainy,8,15,80,Motorcycle,1,10,Good,9,0,0,0,5,27,84,Intersection,Medium
19,Sunday,12,1,1,National Highway,Foggy,7,10,80,Motorcycle,2,11,Under Construction,16,0,1,2,4,28,92,T-Junction,High
18,Thursday,5,1,0,Urban Road,Clear,7,20,40,Motorcycle,1,4,Good,7,0,0,1,6,40,53,Intersection,Medium
5,Monday,11,0,0,Urban Road,Rainy,6,75,40,Truck,4,15,Slippery,6,0,1,0,6,21,61,No Junction,High
11,Monday,11,0,0,Highway,Heavy Rain,5,75,80,Motorcycle,2,6,Dry,4,0,1,0,3,29,60,Intersection,High
9,Sunday,8,1,1,Residential,Rainy,1,15,40,Bus,1,4,Good,7,0,0,0,9,30,75,No Junction,Low
9,Sunday,6,1,1,Residential,Rainy,5,10,40,Motorcycle,2,12,Wet,6,0,1,0,8,27,53,Intersection,Low
23,Wednesday,9,0,0,National Highway,Rainy,5,22,80,Car,2,8,Dry,9,0,1,1,7,36,87,Roundabout,Medium
17,Sunday,11,1,1,Urban Road,Clear,7,10,40,Motorcycle,2,10,Dry,7,0,1,0,8,29,20,Intersection,Medium
18,Friday,5,1,0,Urban Road,Rainy,7,12,40,Bicycle,2,6,Dry,4,0,1,0,7,33,63,T-Junction,Medium
23,Wednesday,10,0,0,Residential,Cloudy,6,10,40,Motorcycle,2,11,Under Construction,4,1,0,0,6,24,60,Intersection,Medium
11,Sunday,4,0,1,Residential,Rainy,2,50,40,Motorcycle,2,8,Dry,6,0,0,0,9,20,53,T-Junction,Medium
19,Saturday,9,1,1,National Highway,Clear,6,10,80,Car,4,1,Dry,10,0,1,1,8,26,74,No Junction,High
12,Wednesday,12,0,0,Urban Road,Clear,6,32,40,Motorcycle,2,3,Slippery,8,0,1,1,7,26,66,T-Junction,Medium
20,Wednesday,10,1,0,Residential,Clear,10,10,40,Car,1,2,Dry,9,0,0,1,5,25,69,Intersection,Medium
8,Monday,11,1,0,Highway,Clear,5,15,80,Motorcycle,2,3,Dry,8,0,0,1,7,29,73,T-Junction,Medium
22,Thursday,5,0,0,Urban Road,Clear,6,10,40,Auto,1,13,Good,9,1,0,0,7,25,100,T-Junction,Medium
8,Monday,1,1,0,Highway,Clear,4,17,80,Motorcycle,1,10,Dry,6,0,0,0,9,25,100,Intersection,Medium
10,Tuesday,5,1,0,Residential,Cloudy,5,10,40,Bus,3,4,Slippery,5,1,0,0,8,36,46,Intersection,High
18,Wednesday,5,1,0,Residential,Foggy,9,10,40,Car,1,8,Wet,5,0,0,0,2,22,42,No Junction,High
12,Sunday,5,0,1,Highway,Rainy,4,12,80,Car,3,7,Dry,5,1,0,1,8,36,58,T-Junction,Medium
16,Sunday,2,0,1,Urban Road,Foggy,3,45,40,Truck,2,4,Slippery,11,1,0,1,4,33,47,No Junction,High
13,Sunday,6,0,1,Urban Road,Heavy Rain,8,10,40,Truck,2,7,Dry,10,0,1,0,5,34,73,Intersection,Medium
18,Wednesday,5,1,0,Urban Road,Clear,5,47,40,Motorcycle,4,6,Dry,6,0,0,2,9,34,62,Intersection,High
8,Sunday,2,1,1,Highway,Heavy Rain,6,42,80,Auto,4,8,Dry,8,0,0,2,2,27,79,Intersection,High
5,Tuesday,12,0,0,Urban Road,Clear,6,71,40,Motorcycle,1,4,Dry,10,0,1,1,8,23,63,Intersection,Medium
9,Wednesday,10,1,0,State Highway,Heavy Rain,3,10,60,Truck,3,2,Wet,6,0,1,0,4,26,77,T-Junction,High
13,Sunday,8,0,1,Urban Road,Cloudy,3,38,40,Car,2,0,Dry,7,0,0,1,6,27,80,T-Junction,Medium
7,Wednesday,6,1,0,Urban Road,Clear,4,19,40,Motorcycle,2,7,Dry,5,0,0,0,8,20,49,T-Junction,Low
11,Saturday,11,0,1,National Highway,Clear,1,27,80,Bus,1,6,Good,5,1,1,0,7,30,28,No Junction,Medium
12,Wednesday,10,0,0,Highway,Foggy,5,18,80,Truck,3,15,Dry,10,0,0,0,1,25,62,Y-Junction,High
5,Tuesday,12,0,0,State Highway,Clear,6,56,60,Bus,4,9,Dry,8,0,0,0,7,29,55,T-Junction,Medium
16,Monday,11,0,0,Urban Road,Rainy,3,58,40,Motorcycle,3,5,Slippery,8,0,0,1,6,26,71,Y-Junction,High
20,Wednesday,3,1,0,National Highway,Rainy,5,11,80,Car,1,7,Under Construction,11,0,1,0,7,33,73,Intersection,Medium
7,Thursday,9,1,0,Urban Road,Clear,10,17,40,Car,1,10,Dry,6,0,0,0,6,31,53,Intersection,Medium
16,Tuesday,11,0,0,Residential,Clear,8,38,40,Bus,2,5,Dry,10,0,0,0,9,24,77,Roundabout,Low
17,Friday,11,1,0,Highway,Rainy,8,10,80,Auto,1,2,Dry,5,0,0,0,8,28,77,No Junction,Medium
12,Saturday,4,0,1,National Highway,Clear,4,32,80,Car,2,0,Dry,6,0,0,0,7,14,42,T-Junction,Medium
18,Tuesday,3,1,0,Urban Road,Clear,5,42,40,Motorcycle,2,10,Dry,5,0,0,2,5,25,42,Roundabout,Medium
12,Monday,7,0,0,Urban Road,Foggy,5,10,40,Auto,1,11,Dry,5,0,1,0,1,29,76,No Junction,Medium
14,Sunday,12,0,1,Highway,Rainy,3,33,80,Car,5,3,Dry,13,0,1,2,9,22,48,No Junction,High
0,Sunday,8,0,1,National Highway,Clear,5,35,80,Car,4,7,Dry,4,0,1,1,7,32,93,Intersection,High
18,Tuesday,7,1,0,Residential,Clear,9,10,40,Motorcycle,1,4,Dry,5,0,0,0,7,20,59,Intersection,Medium
17,Friday,1,1,0,Highway,Rainy,7,10,80,Car,3,15,Wet,3,0,1,2,5,29,81,Intersection,High
3,Sunday,1,0,1,Highway,Rainy,4,46,80,Truck,1,4,Dry,6,0,0,1,7,27,51,No Junction,Medium
11,Saturday,5,0,1,Urban Road,Rainy,1,47,40,Car,3,7,Dry,7,0,0,0,5,34,52,Y-Junction,Medium
23,Thursday,8,0,0,Urban Road,Clear,5,10,40,Auto,1,10,Wet,10,0,0,0,7,24,34,Intersection,Medium
12,Friday,10,0,0,Urban Road,Cloudy,6,24,40,Car,2,9,Dry,6,0,0,2,5,26,56,Intersection,Medium
14,Tuesday,11,0,0,National Highway,Foggy,7,10,80,Auto,2,8,Under Construction,4,0,0,0,1,35,49,T-Junction,High
21,Friday,3,0,0,Residential,Clear,1,49,40,Motorcycle,2,4,Good,6,0,0,0,8,36,35,Intersection,Low
18,Sunday,8,1,1,National Highway,Rainy,6,10,80,Motorcycle,2,9,Dry,8,0,1,2,8,16,63,Intersection,High
16,Sunday,3,0,1,Urban Road,Clear,2,53,40,Car,1,10,Dry,10,1,0,0,7,19,92,Roundabout,Medium
19,Tuesday,4,1,0,Residential,Clear,8,10,40,Auto,3,8,Slippery,6,0,0,1,7,36,50,T-Junction,High
20,Sunday,10,1,1,Urban Road,Cloudy,6,16,40,Bus,2,0,Dry,5,1,0,0,8,34,60,Intersection,High
13,Sunday,7,0,1,Urban Road,Cloudy,2,42,40,Motorcycle,1,0,Good,6,0,0,1,8,32,97,Y-Junction,Medium
13,Thursday,3,0,0,Urban Road,Rainy,8,10,40,Motorcycle,2,6,Dry,9,1,0,1,5,27,72,Intersection,Medium
11,Thursday,4,0,0,Urban Road,Cloudy,4,49,40,Car,1,0,Slippery,10,0,0,0,5,27,55,No Junction,Medium
22,Monday,8,0,0,National Highway,Foggy,3,56,80,Car,2,5,Dry,4,0,0,0,1,19,40,T-Junction,High
18,Thursday,4,1,0,Urban Road,Cloudy,6,26,40,Motorcycle,2,11,Dry,5,0,1,2,6,25,54,T-Junction,High
6,Wednesday,9,0,0,State Highway,Cloudy,1,29,60,Car,2,7,Dry,3,0,0,0,5,33,47,Intersection,Medium
20,Friday,4,1,0,Residential,Cloudy,3,10,40,Car,2,0,Wet,3,0,0,0,6,27,50,Intersection,Medium
14,Friday,4,0,0,Urban Road,Cloudy,7,14,40,Bus,1,0,Slippery,4,0,1,1,9,33,57,No Junction,Medium
5,Tuesday,5,0,0,Urban Road,Rainy,5,40,40,Motorcycle,2,10,Good,5,0,0,2,5,34,53,Y-Junction,Medium
15,Thursday,1,0,0,Urban Road,Foggy,6,62,40,Bicycle,1,6,Dry,6,0,0,0,4,33,30,Intersection,High
12,Monday,7,0,0,Highway,Clear,5,43,80,Car,2,10,Wet,8,0,0,0,6,30,62,No Junction,Medium
20,Sunday,9,1,1,State Highway,Cloudy,6,10,60,Auto,3,5,Wet,7,0,1,3,7,26,53,T-Junction,High
8,Monday,12,1,0,National Highway,Cloudy,6,19,80,Truck,1,0,Wet,8,0,0,1,7,29,53,No Junction,Medium
19,Monday,9,1,0,Urban Road,Clear,5,28,40,Car,2,13,Dry,10,0,0,0,7,22,64,Roundabout,Medium
15,Saturday,1,0,1,National Highway,Clear,5,10,80,Car,1,5,Wet,8,1,0,1,8,18,53,No Junction,Medium
5,Sunday,6,0,1,Urban Road,Clear,4,29,40,Bicycle,5,1,Under Construction,7,0,0,0,8,29,69,Intersection,Medium
23,Wednesday,3,0,0,Urban Road,Clear,2,61,40,Car,1,9,Under Construction,9,0,0,1,8,24,63,Intersection,Medium
14,Thursday,4,0,0,Urban Road,Clear,6,35,40,Motorcycle,4,10,Wet,3,0,0,0,5,23,61,T-Junction,Medium
9,Sunday,8,1,1,Highway,Rainy,9,10,80,Bicycle,2,12,Dry,7,0,0,0,7,27,58,No Junction,Medium
13,Monday,4,0,0,Highway,Clear,5,46,80,Car,2,4,Under Construction,9,0,1,0,7,33,46,Roundabout,Medium
20,Sunday,8,1,1,Urban Road,Clear,4,25,40,Car,2,0,Good,7,1,1,0,5,35,74,T-Junction,High
9,Wednesday,4,1,0,Highway,Clear,7,43,80,Car,2,8,Dry,8,0,0,2,8,22,82,Y-Junction,Medium
8,Friday,9,1,0,Highway,Clear,8,10,80,Car,2,7,Good,7,1,0,1,6,39,52,T-Junction,High
7,Tuesday,6,1,0,Highway,Rainy,4,17,80,Truck,2,2,Good,9,0,0,0,9,30,72,No Junction,Medium
9,Thursday,1,1,0,Highway,Clear,6,10,80,Car,4,4,Dry,10,0,1,0,7,31,50,Roundabout,High
19,Thursday,10,1,0,Highway,Rainy,7,10,80,Car,3,3,Slippery,3,0,0,0,8,22,38,Intersection,High
13,Saturday,2,0,1,Residential,Clear,3,58,40,Truck,5,8,Wet,6,0,0,2,6,27,46,No Junction,High
8,Friday,7,1,0,State Highway,Foggy,7,39,60,Bicycle,3,6,Slippery,3,0,0,2,2,27,41,T-Junction,High
7,Thursday,10,1,0,Highway,Cloudy,9,52,80,Motorcycle,2,8,Dry,3,0,0,0,7,17,91,Intersection,Medium
10,Saturday,7,1,1,Highway,Rainy,3,16,80,Motorcycle,2,0,Dry,9,0,0,2,9,27,55,No Junction,Medium
22,Saturday,3,0,1,Residential,Clear,1,82,40,Car,2,7,Dry,10,0,0,1,8,32,62,No Junction,Medium
10,Saturday,1,1,1,Highway,Clear,5,47,80,Motorcycle,1,6,Wet,6,0,0,0,5,24,80,Intersection,High
23,Thursday,8,0,0,Residential,Cloudy,5,28,40,Car,2,14,Good,5,0,0,0,6,23,44,Intersection,Low
14,Thursday,10,0,0,Highway,Foggy,2,47,80,Motorcycle,1,3,Wet,7,1,0,0,2,34,48,Intersection,High
7,Thursday,11,1,0,Urban Road,Clear,10,10,40,Bicycle,1,4,Dry,16,0,1,1,8,29,49,T-Junction,Medium
21,Wednesday,11,0,0,Highway,Clear,6,48,80,Car,2,8,Good,4,0,1,0,6,27,45,T-Junction,High
13,Saturday,10,0,1,Urban Road,Clear,1,17,40,Truck,2,6,Dry,3,0,0,1,5,29,70,Roundabout,Medium
18,Wednesday,7,1,0,State Highway,Clear,7,10,60,Truck,5,0,Under Construction,9,1,0,0,6,31,95,Intersection,High
23,Tuesday,10,0,0,Highway,Foggy,5,38,80,Motorcycle,1,2,Slippery,9,0,0,1,4,33,84,Roundabout,High
5,Thursday,8,0,0,National Highway,Rainy,3,44,80,Truck,1,7,Wet,9,0,1,3,5,34,31,T-Junction,High
6,Sunday,1,0,1,Urban Road,Heavy Rain,1,48,40,Motorcycle,4,3,Wet,8,0,1,2,5,30,74,T-Junction,High
18,Friday,3,1,0,National Highway,Clear,5,10,80,Car,2,7,Dry,7,0,0,1,8,35,90,Intersection,Medium
9,Monday,2,1,0,Highway,Foggy,8,10,80,Car,2,11,Wet,3,0,0,0,1,17,47,T-Junction,High
8,Tuesday,1,1,0,Highway,Clear,4,19,80,Motorcycle,1,0,Dry,13,0,0,0,6,34,37,No Junction,Medium
3,Sunday,5,0,1,Residential,Rainy,6,10,40,Bus,2,7,Wet,13,0,1,2,5,26,84,No Junction,Medium
2,Monday,3,0,0,Highway,Rainy,3,58,80,Motorcycle,2,2,Wet,6,0,0,0,6,21,63,Intersection,Medium
19,Monday,10,1,0,State Highway,Cloudy,1,52,60,Car,1,8,Slippery,12,0,0,0,8,34,71,Y-Junction,Medium
7,Thursday,8,1,0,Urban Road,Foggy,9,23,40,Car,3,16,Good,9,1,0,1,4,28,65,T-Junction,High
13,Friday,6,0,0,Residential,Clear,4,38,40,Truck,2,0,Dry,3,0,0,0,9,33,78,T-Junction,Low
16,Monday,10,0,0,Highway,Heavy Rain,4,32,80,Auto,5,0,Wet,3,0,1,0,3,26,71,No Junction,High
12,Saturday,9,0,1,Residential,Cloudy,4,10,40,Auto,2,0,Under Construction,10,0,0,0,8,30,64,No Junction,Low
2,Sunday,9,0,1,Residential,Clear,1,62,40,Motorcycle,1,13,Dry,11,1,0,0,6,27,74,T-Junction,Medium
19,Monday,11,1,0,State Highway,Cloudy,4,31,60,Car,2,0,Under Construction,9,1,1,1,7,28,79,No Junction,High
1,Tuesday,6,0,0,Urban Road,Heavy Rain,4,69,40,Auto,1,3,Dry,8,0,0,2,5,24,69,Intersection,High
18,Friday,2,1,0,National Highway,Cloudy,9,12,80,Auto,4,9,Wet,5,1,0,0,8,20,52,T-Junction,High
21,Friday,9,0,0,National Highway,Rainy,5,31,80,Auto,2,7,Good,4,0,0,3,5,21,67,Intersection,High
12,Monday,2,0,0,State Highway,Rainy,5,17,60,Motorcycle,2,4,Good,10,0,0,0,7,29,72,Intersection,Medium
15,Friday,3,0,0,Residential,Clear,6,41,40,Auto,4,6,Dry,8,1,0,3,9,24,68,No Junction,High
13,Tuesday,6,0,0,Urban Road,Clear,6,42,40,Bus,1,9,Dry,7,0,0,1,6,31,78,No Junction,Medium
11,Sunday,2,0,1,Highway,Heavy Rain,2,70,80,Motorcycle,2,4,Good,11,0,0,0,3,27,77,Intersection,High
20,Tuesday,5,1,0,National Highway,Foggy,5,43,80,Bicycle,3,4,Under Construction,13,1,0,0,2,25,68,Intersection,High
21,Tuesday,2,0,0,National Highway,Clear,6,23,80,Car,1,7,Wet,9,0,0,0,6,38,58,T-Junction,Medium
10,Saturday,12,1,1,Highway,Rainy,5,10,80,Motorcycle,1,12,Dry,5,0,0,1,9,24,72,No Junction,Low
17,Thursday,4,1,0,Urban Road,Clear,6,41,40,Car,1,4,Slippery,8,0,0,1,6,29,27,Intersection,Medium
21,Monday,11,0,0,State Highway,Clear,1,38,60,Motorcycle,3,3,Dry,6,0,0,2,9,38,94,No Junction,Medium
22,Sunday,11,0,1,Highway,Rainy,3,33,80,Bus,1,7,Good,7,0,0,0,6,33,100,No Junction,Medium
14,Friday,3,0,0,Highway,Clear,6,25,80,Car,5,4,Wet,4,0,0,0,9,29,69,Y-Junction,Medium
13,Tuesday,5,0,0,National Highway,Clear,4,76,80,Bus,2,6,Wet,11,1,0,2,9,23,64,Intersection,High
9,Monday,6,1,0,State Highway,Cloudy,6,31,60,Bus,2,7,Dry,6,0,0,0,6,15,70,Intersection,High
22,Sunday,7,0,1,National Highway,Clear,7,45,80,Motorcycle,1,0,Wet,12,0,0,0,5,12,82,No Junction,Medium
7,Sunday,10,1,1,Highway,Clear,4,57,80,Auto,3,0,Slippery,7,0,0,0,6,25,91,T-Junction,High
16,Monday,8,0,0,Urban Road,Rainy,8,31,40,Motorcycle,1,0,Wet,6,0,0,3,9,38,83,Intersection,High
9,Thursday,9,1,0,Residential,Clear,3,20,40,Car,2,5,Under Construction,5,1,0,1,7,23,96,Intersection,Medium
9,Saturday,4,1,1,Urban Road,Rainy,6,10,40,Truck,5,2,Slippery,6,0,0,0,8,21,80,T-Junction,High
12,Friday,4,0,0,Urban Road,Clear,1,38,40,Auto,2,7,Dry,8,0,0,1,5,26,100,Y-Junction,Medium
23,Saturday,7,0,1,State Highway,Cloudy,5,40,60,Motorcycle,2,9,Wet,7,0,1,3,6,28,79,No Junction,High
5,Sunday,12,0,1,National Highway,Rainy,2,54,80,Auto,4,6,Wet,10,0,0,0,8,29,61,No Junction,High
16,Friday,10,0,0,Urban Road,Rainy,2,37,40,Auto,4,16,Dry,5,1,0,0,5,34,30,T-Junction,High
6,Sunday,10,0,1,Highway,Rainy,2,30,80,Car,3,8,Dry,8,0,0,1,7,22,63,Intersection,Medium
7,Tuesday,11,1,0,Highway,Clear,5,18,80,Car,1,5,Dry,11,0,0,0,8,35,68,Intersection,Medium
12,Tuesday,9,0,0,Urban Road,Clear,4,29,40,Motorcycle,3,8,Wet,12,0,0,2,6,31,77,Intersection,High
14,Monday,11,0,0,Highway,Rainy,6,55,80,Auto,3,5,Dry,5,1,1,0,7,24,59,No Junction,High
8,Friday,2,1,0,Urban Road,Clear,9,35,40,Motorcycle,2,8,Good,6,0,1,1,6,22,64,Intersection,High
10,Friday,11,1,0,Urban Road,Rainy,10,18,40,Auto,2,6,Slippery,6,0,0,1,8,20,26,No Junction,Medium
6,Sunday,6,0,1,State Highway,Clear,3,30,60,Motorcycle,1,0,Wet,5,0,0,1,6,34,92,No Junction,Medium
9,Saturday,10,1,1,Urban Road,Clear,5,28,40,Motorcycle,2,8,Slippery,10,0,1,1,7,26,91,Roundabout,High
22,Tuesday,10,0,0,Residential,Foggy,5,56,40,Car,2,6,Slippery,4,0,0,3,1,26,81,No Junction,High
22,Wednesday,8,0,0,Residential,Clear,4,40,40,Motorcycle,4,7,Wet,14,0,0,0,8,29,74,T-Junction,Medium
10,Monday,5,1,0,Residential,Foggy,2,39,40,Motorcycle,4,12,Dry,8,0,1,0,4,21,72,T-Junction,High
16,Friday,5,0,0,National Highway,Clear,5,43,80,Motorcycle,3,10,Slippery,7,0,0,2,9,37,66,No Junction,High
21,Thursday,8,0,0,Residential,Rainy,2,43,40,Car,1,4,Dry,14,1,0,0,7,29,95,No Junction,Medium
0,Thursday,1,0,0,National Highway,Clear,4,47,80,Motorcycle,3,3,Under Construction,4,0,0,1,9,29,54,T-Junction,Medium
19,Wednesday,6,1,0,Urban Road,Foggy,6,10,40,Motorcycle,1,4,Dry,5,0,0,1,1,27,31,T-Junction,High
22,Tuesday,10,0,0,Residential,Clear,2,34,40,Car,1,7,Wet,4,0,1,0,8,19,72,T-Junction,Medium
6,Tuesday,9,0,0,Urban Road,Clear,3,63,40,Motorcycle,2,0,Slippery,7,0,0,3,5,34,85,Intersection,High
7,Tuesday,12,1,0,National Highway,Clear,4,25,80,Car,4,4,Dry,6,0,0,0,6,41,66,No Junction,Medium
22,Saturday,6,0,1,Urban Road,Rainy,4,53,40,Motorcycle,2,6,Dry,4,0,0,1,9,22,89,Roundabout,Medium
15,Sunday,7,0,1,Highway,Clear,3,30,80,Motorcycle,2,0,Wet,4,0,0,3,7,22,99,Intersection,Medium
1,Thursday,4,0,0,Residential,Clear,5,43,40,Motorcycle,3,0,Under Construction,8,0,0,1,8,22,71,Intersection,High
8,Tuesday,12,1,0,Urban Road,Rainy,4,10,40,Bus,3,6,Slippery,9,0,0,1,8,23,100,Intersection,Medium
13,Thursday,10,0,0,Residential,Clear,5,37,40,Truck,1,4,Under Construction,3,0,1,0,6,36,22,No Junction,Medium
18,Wednesday,1,1,0,National Highway,Cloudy,10,10,80,Auto,2,9,Dry,7,0,0,1,6,21,47,No Junction,Medium
18,Monday,9,1,0,National Highway,Cloudy,7,46,80,Car,4,9,Dry,6,0,0,0,8,42,85,Roundabout,Medium
23,Sunday,12,0,1,Urban Road,Cloudy,6,47,40,Motorcycle,1,4,Slippery,6,1,0,0,9,39,79,Intersection,High
9,Saturday,6,1,1,Highway,Heavy Rain,5,41,80,Car,1,0,Dry,12,0,1,2,2,32,54,No Junction,High
15,Friday,3,0,0,Residential,Cloudy,4,28,40,Car,2,4,Wet,7,0,1,0,8,31,63,T-Junction,Medium
15,Wednesday,4,0,0,Residential,Cloudy,6,33,40,Truck,3,7,Wet,8,0,1,0,8,33,100,Intersection,Medium
12,Sunday,10,0,1,Residential,Clear,3,38,40,Truck,5,3,Good,10,1,1,1,6,24,91,Intersection,High
7,Thursday,12,1,0,Residential,Clear,9,10,40,Motorcycle,2,8,Dry,8,0,0,1,7,21,20,Intersection,Medium
23,Wednesday,6,0,0,Residential,Cloudy,4,22,40,Car,4,3,Dry,7,0,0,0,8,28,58,No Junction,Medium
20,Friday,6,1,0,Highway,Rainy,7,12,80,Motorcycle,4,6,Under Construction,10,0,0,1,6,19,64,No Junction,High
14,Sunday,12,0,1,State Highway,Cloudy,3,44,60,Motorcycle,3,9,Dry,6,0,0,1,5,23,84,T-Junction,Medium
16,Saturday,9,0,1,Highway,Cloudy,1,39,80,Motorcycle,2,3,Wet,6,0,0,0,8,32,75,No Junction,Medium
8,Monday,4,1,0,Highway,Cloudy,6,33,80,Motorcycle,3,6,Slippery,5,0,0,2,5,30,88,Y-Junction,High
15,Friday,5,0,0,State Highway,Clear,4,26,60,Car,4,8,Dry,12,0,0,0,7,36,72,No Junction,Medium
18,Sunday,5,1,1,Urban Road,Clear,4,47,40,Motorcycle,4,7,Dry,9,0,0,3,7,26,70,No Junction,High
14,Saturday,3,0,1,Residential,Rainy,4,45,40,Car,2,10,Dry,8,0,0,3,8,38,78,No Junction,Medium
23,Thursday,2,0,0,Urban Road,Clear,7,32,40,Car,4,3,Dry,12,0,0,3,9,24,54,Roundabout,High
17,Friday,8,1,0,Highway,Cloudy,9,10,80,Truck,3,5,Slippery,4,0,0,0,6,33,74,T-Junction,High
11,Wednesday,10,0,0,Urban Road,Cloudy,4,53,40,Truck,1,2,Dry,7,0,0,0,6,29,99,Intersection,Medium
19,Tuesday,9,1,0,Residential,Cloudy,5,46,40,Bicycle,1,3,Dry,3,1,0,0,9,34,27,Intersection,Medium
7,Wednesday,10,1,0,Urban Road,Rainy,5,46,40,Motorcycle,3,1,Wet,3,0,0,2,5,23,74,T-Junction,High
11,Thursday,11,0,0,Residential,Rainy,9,20,40,Car,3,2,Good,11,0,1,1,7,33,20,No Junction,Medium
10,Sunday,9,1,1,State Highway,Cloudy,8,21,60,Motorcycle,2,6,Good,13,0,0,0,8,30,80,Intersection,Medium
12,Monday,5,0,0,Urban Road,Rainy,5,37,40,Motorcycle,2,0,Under Construction,6,0,0,1,6,22,68,Intersection,Medium
19,Friday,11,1,0,State Highway,Cloudy,2,10,60,Motorcycle,5,3,Wet,6,0,0,3,6,41,83,No Junction,High
14,Sunday,9,0,1,State Highway,Clear,3,56,60,Motorcycle,2,7,Dry,6,0,0,1,8,27,49,No Junction,Medium
19,Monday,4,1,0,State Highway,Clear,8,10,60,Bus,1,7,Slippery,13,0,1,1,8,33,56,Intersection,Medium
16,Thursday,2,0,0,Residential,Cloudy,3,42,40,Motorcycle,2,5,Dry,6,1,1,0,6,31,86,T-Junction,Medium
10,Friday,3,1,0,Urban Road,Clear,4,10,40,Car,1,7,Slippery,12,0,0,3,6,20,90,T-Junction,High
19,Saturday,1,1,1,Urban Road,Clear,7,10,40,Car,1,7,Dry,8,0,1,1,6,34,44,Intersection,Medium
8,Saturday,5,1,1,Residential,Clear,6,33,40,Bicycle,4,7,Wet,6,0,0,1,8,20,56,No Junction,Medium
8,Sunday,1,1,1,Urban Road,Clear,6,38,40,Motorcycle,4,6,Dry,8,1,1,0,5,25,45,Intersection,High
14,Wednesday,12,0,0,Residential,Clear,5,31,40,Bus,3,1,Dry,13,0,0,1,6,30,83,No Junction,Medium
9,Sunday,11,1,1,Urban Road,Foggy,3,37,40,Car,1,6,Slippery,8,0,1,2,1,28,73,No Junction,High
0,Wednesday,1,0,0,Highway,Rainy,3,16,80,Bicycle,1,14,Slippery,7,0,0,0,6,31,78,Intersection,Medium
17,Thursday,11,1,0,Residential,Clear,6,21,40,Car,3,9,Dry,9,0,0,2,8,14,66,No Junction,Medium
14,Saturday,11,0,1,Highway,Foggy,1,53,80,Bicycle,3,8,Good,7,0,0,3,3,19,22,Intersection,High
13,Friday,7,0,0,Highway,Clear,3,66,80,Car,2,12,Dry,4,0,0,1,5,32,50,No Junction,High
22,Saturday,2,0,1,State Highway,Clear,6,33,60,Motorcycle,3,5,Good,7,1,0,2,9,27,61,No Junction,High
16,Wednesday,8,0,0,Urban Road,Rainy,5,10,40,Car,4,4,Wet,10,0,0,1,6,30,39,No Junction,High
20,Sunday,6,1,1,Urban Road,Foggy,6,58,40,Motorcycle,3,1,Slippery,9,0,1,0,3,30,22,Intersection,High
7,Thursday,4,1,0,Urban Road,Cloudy,8,25,40,Auto,3,3,Good,4,0,0,1,8,22,84,T-Junction,High
16,Saturday,9,0,1,Urban Road,Foggy,5,44,40,Car,3,4,Under Construction,10,1,1,3,3,20,48,T-Junction,High
20,Thursday,10,1,0,Highway,Rainy,7,15,80,Motorcycle,1,11,Dry,9,0,0,1,9,32,75,T-Junction,Medium
16,Saturday,8,0,1,Residential,Rainy,2,16,40,Car,2,0,Dry,8,0,0,1,6,24,92,Roundabout,Low
18,Sunday,10,1,1,State Highway,Clear,4,28,60,Motorcycle,2,4,Dry,11,1,0,1,7,29,54,No Junction,Medium
11,Monday,3,0,0,State Highway,Clear,5,26,60,Motorcycle,1,1,Wet,10,0,0,0,7,27,63,Intersection,Low
6,Sunday,3,0,1,Highway,Cloudy,7,45,80,Motorcycle,5,2,Slippery,10,0,0,2,9,21,78,Y-Junction,High
13,Saturday,4,0,1,Residential,Foggy,1,35,40,Auto,2,6,Slippery,3,0,0,0,4,25,59,T-Junction,Medium
12,Wednesday,9,0,0,State Highway,Rainy,6,13,60,Car,3,1,Dry,9,1,0,0,5,34,69,T-Junction,Medium
20,Sunday,9,1,1,Highway,Clear,3,34,80,Motorcycle,2,2,Wet,7,0,0,3,6,29,81,Intersection,High
8,Friday,5,1,0,Highway,Heavy Rain,7,11,80,Car,2,2,Slippery,9,0,0,2,4,26,29,T-Junction,High
22,Wednesday,12,0,0,State Highway,Clear,4,29,60,Car,2,8,Wet,5,0,0,0,8,30,100,Intersection,Medium
22,Wednesday,9,0,0,State Highway,Cloudy,4,30,60,Car,1,0,Slippery,10,1,0,1,5,36,72,No Junction,Medium
8,Wednesday,6,1,0,Urban Road,Clear,7,36,40,Auto,1,5,Wet,11,0,1,2,7,28,70,T-Junction,High
10,Thursday,8,1,0,Highway,Clear,8,10,80,Car,1,6,Wet,7,0,0,3,6,41,68,Y-Junction,Medium
21,Tuesday,11,0,0,Urban Road,Clear,7,27,40,Car,4,10,Good,3,1,0,3,6,30,100,No Junction,High
22,Tuesday,8,0,0,Urban Road,Rainy,3,26,40,Motorcycle,2,7,Dry,9,0,1,0,6,26,40,No Junction,Medium
13,Monday,12,0,0,Urban Road,Rainy,5,20,40,Car,5,9,Slippery,8,0,1,1,7,30,76,Roundabout,Medium
10,Wednesday,10,1,0,Urban Road,Clear,7,10,40,Car,3,8,Dry,3,0,1,3,6,42,91,Y-Junction,High
15,Tuesday,7,0,0,Residential,Clear,5,64,40,Motorcycle,2,2,Dry,7,0,0,1,8,36,90,No Junction,High
17,Monday,4,1,0,Residential,Foggy,6,10,40,Bus,2,0,Good,10,0,1,0,2,19,83,Y-Junction,High
9,Thursday,4,1,0,State Highway,Rainy,8,18,60,Bus,2,7,Slippery,3,0,1,1,5,19,57,Intersection,High
18,Wednesday,6,1,0,Residential,Clear,10,39,40,Motorcycle,1,5,Good,8,1,0,2,8,26,79,Y-Junction,High
5,Friday,9,0,0,Highway,Clear,5,40,80,Bus,1,7,Good,8,0,0,2,5,41,83,Intersection,High
4,Thursday,7,0,0,Urban Road,Cloudy,4,10,40,Car,2,10,Dry,8,0,0,1,5,29,70,Intersection,Medium
11,Monday,5,0,0,Highway,Foggy,4,52,80,Car,4,6,Good,7,0,0,0,2,24,54,Intersection,High
11,Thursday,5,0,0,Urban Road,Cloudy,5,15,40,Car,2,3,Dry,8,1,1,2,9,40,63,No Junction,Medium
10,Friday,8,1,0,National Highway,Clear,6,10,80,Auto,2,6,Dry,7,0,0,0,6,34,65,Y-Junction,Medium
14,Thursday,6,0,0,Residential,Cloudy,8,33,40,Bus,2,4,Slippery,7,0,0,1,8,26,50,No Junction,Medium
10,Monday,1,1,0,Highway,Heavy Rain,4,25,80,Bus,2,13,Dry,9,0,0,3,2,24,80,No Junction,High
8,Friday,1,1,0,Urban Road,Rainy,9,10,40,Truck,2,14,Good,15,0,0,3,9,34,69,Intersection,Medium
9,Friday,9,1,0,Highway,Clear,6,25,80,Car,3,6,Wet,7,0,0,0,8,22,100,No Junction,High
23,Thursday,8,0,0,Highway,Foggy,4,27,80,Car,1,5,Dry,5,1,0,2,3,25,48,Intersection,High
12,Friday,6,0,0,Urban Road,Rainy,6,37,40,Auto,1,8,Dry,7,0,0,0,8,29,68,Intersection,Low
13,Sunday,1,0,1,Urban Road,Foggy,2,60,40,Motorcycle,2,10,Wet,7,0,0,0,2,25,92,No Junction,High
16,Thursday,2,0,0,Urban Road,Clear,3,36,40,Truck,3,7,Dry,6,0,1,0,5,22,53,No Junction,Medium
23,Wednesday,10,0,0,Highway,Rainy,3,32,80,Car,2,2,Dry,6,0,1,1,9,30,38,T-Junction,Medium
8,Friday,3,1,0,Residential,Rainy,5,10,40,Car,2,4,Slippery,5,1,0,0,5,29,76,Intersection,High
17,Thursday,10,1,0,Residential,Rainy,7,28,40,Bus,2,5,Good,6,1,0,0,5,29,29,Intersection,High
18,Wednesday,12,1,0,State Highway,Foggy,10,32,60,Car,4,5,Dry,8,0,1,0,4,16,77,No Junction,High
16,Friday,3,0,0,Highway,Rainy,6,27,80,Car,2,0,Dry,7,0,0,1,7,34,25,Y-Junction,Medium
6,Wednesday,2,0,0,State Highway,Clear,6,41,60,Motorcycle,4,9,Dry,11,0,1,2,6,16,70,No Junction,High
17,Saturday,12,1,1,Residential,Clear,3,20,40,Motorcycle,2,11,Dry,3,0,1,2,8,29,89,T-Junction,Medium
5,Friday,2,0,0,Urban Road,Rainy,2,38,40,Motorcycle,2,7,Dry,7,0,1,1,6,41,64,No Junction,Medium
16,Saturday,6,0,1,Urban Road,Rainy,5,60,40,Auto,2,9,Dry,6,0,0,0,8,33,69,T-Junction,Medium
18,Monday,7,1,0,Urban Road,Clear,3,19,40,Bus,4,6,Wet,4,0,0,0,7,26,60,Roundabout,Medium
8,Monday,4,1,0,Urban Road,Clear,6,36,40,Motorcycle,3,3,Dry,5,0,1,1,6,25,95,T-Junction,High
20,Thursday,1,1,0,Highway,Rainy,9,10,80,Car,1,5,Dry,3,0,1,2,8,27,54,Intersection,High
3,Tuesday,6,0,0,State Highway,Clear,4,10,60,Car,2,1,Good,7,0,0,1,7,35,98,Roundabout,Low
20,Saturday,7,1,1,Highway,Heavy Rain,5,44,80,Car,1,9,Slippery,8,0,0,1,2,31,75,No Junction,High
13,Saturday,4,0,1,Urban Road,Rainy,5,63,40,Bicycle,5,13,Dry,3,0,0,0,6,28,76,Roundabout,Medium
8,Monday,6,1,0,Urban Road,Rainy,6,13,40,Bus,2,1,Wet,7,0,0,0,9,34,88,No Junction,Medium
7,Saturday,9,1,1,Urban Road,Clear,7,41,40,Car,2,7,Wet,8,1,0,0,9,20,51,Roundabout,Medium
22,Tuesday,4,0,0,State Highway,Rainy,3,21,60,Car,1,13,Slippery,5,0,0,1,6,24,75,T-Junction,Medium
6,Wednesday,12,0,0,National Highway,Clear,7,54,80,Car,3,6,Under Construction,8,0,1,3,5,25,47,No Junction,High
8,Wednesday,10,1,0,Highway,Rainy,6,15,80,Car,2,12,Dry,8,0,1,0,9,34,100,T-Junction,High
10,Tuesday,4,1,0,Urban Road,Rainy,4,14,40,Car,2,12,Slippery,7,0,0,2,9,29,69,Intersection,Medium
17,Saturday,10,1,1,State Highway,Rainy,6,10,60,Motorcycle,2,3,Under Construction,10,0,1,0,9,42,79,Roundabout,Medium
15,Saturday,12,0,1,Urban Road,Cloudy,1,80,40,Auto,2,0,Slippery,11,0,0,0,5,33,100,Y-Junction,Medium
7,Saturday,5,1,1,Residential,Clear,6,21,40,Car,2,7,Good,11,1,0,1,7,23,89,T-Junction,Medium
9,Sunday,3,1,1,National Highway,Clear,4,53,80,Car,4,7,Wet,5,0,0,1,7,33,66,Y-Junction,High
8,Thursday,10,1,0,Residential,Clear,3,27,40,Motorcycle,2,3,Under Construction,7,0,0,0,5,23,100,T-Junction,Medium
8,Friday,2,1,0,Highway,Cloudy,3,30,80,Bus,1,12,Good,3,0,0,0,5,25,46,Intersection,Medium
12,Tuesday,9,0,0,State Highway,Clear,6,10,60,Car,3,12,Wet,10,0,0,1,6,27,58,T-Junction,Medium
18,Tuesday,1,1,0,National Highway,Heavy Rain,4,59,80,Auto,1,14,Dry,10,0,1,0,3,29,72,No Junction,High
8,Sunday,5,1,1,Residential,Heavy Rain,7,10,40,Truck,2,6,Under Construction,11,0,0,0,5,29,53,Intersection,Medium
11,Tuesday,5,0,0,Urban Road,Heavy Rain,5,43,40,Motorcycle,2,5,Under Construction,13,0,1,0,2,29,71,Intersection,High
12,Tuesday,8,0,0,National Highway,Heavy Rain,7,10,80,Bus,2,8,Dry,11,0,0,0,2,22,50,Intersection,High
23,Sunday,6,0,1,National Highway,Clear,4,33,80,Car,5,10,Dry,9,0,0,0,9,27,66,No Junction,Medium
22,Tuesday,6,0,0,National Highway,Rainy,1,53,80,Car,2,8,Good,8,0,0,2,6,29,49,Intersection,Medium
19,Saturday,6,1,1,Urban Road,Clear,7,14,40,Car,1,8,Wet,15,0,0,2,9,33,46,No Junction,Medium
8,Sunday,4,1,1,State Highway,Foggy,5,13,60,Car,2,2,Wet,8,0,0,0,3,25,87,No Junction,High
5,Thursday,1,0,0,Residential,Clear,7,10,40,Auto,3,10,Good,15,0,0,1,7,11,80,Intersection,Low
10,Monday,3,1,0,Highway,Clear,7,22,80,Motorcycle,2,4,Wet,5,0,0,3,6,34,51,T-Junction,High
9,Saturday,10,1,1,Urban Road,Cloudy,7,17,40,Auto,1,10,Under Construction,7,0,0,2,8,31,63,Y-Junction,Low
14,Saturday,12,0,1,Residential,Rainy,5,12,40,Auto,2,1,Slippery,10,0,0,1,7,20,97,T-Junction,Medium
19,Friday,11,1,0,State Highway,Foggy,5,30,60,Car,1,12,Good,3,0,0,0,1,19,70,Y-Junction,Medium
20,Sunday,6,1,1,State Highway,Rainy,7,43,60,Car,1,6,Wet,7,0,1,2,9,31,52,Roundabout,High
20,Monday,5,1,0,Highway,Rainy,7,10,80,Bicycle,2,5,Good,11,0,0,0,7,26,61,T-Junction,Medium
11,Tuesday,10,0,0,Urban Road,Clear,6,10,40,Car,5,6,Wet,6,0,0,0,9,19,65,T-Junction,Medium
17,Monday,1,1,0,Urban Road,Clear,7,10,40,Motorcycle,2,2,Wet,7,0,0,0,6,21,46,Intersection,Medium
10,Thursday,5,1,0,State Highway,Cloudy,6,16,60,Car,3,2,Dry,3,0,0,0,5,27,72,Intersection,Medium
5,Wednesday,2,0,0,Highway,Clear,2,25,80,Auto,3,0,Wet,6,0,0,0,8,23,75,T-Junction,Medium
18,Saturday,1,1,1,Residential,Clear,5,46,40,Car,2,7,Wet,5,0,0,0,7,25,84,Intersection,Medium
0,Sunday,4,0,1,Residential,Clear,5,13,40,Bus,4,10,Under Construction,10,0,0,0,9,28,65,T-Junction,Medium
12,Sunday,6,0,1,National Highway,Cloudy,3,45,80,Auto,3,6,Slippery,10,0,1,0,5,34,51,Intersection,High
10,Monday,7,1,0,Urban Road,Clear,7,10,40,Auto,2,7,Under Construction,5,0,1,0,5,31,74,Y-Junction,Medium
18,Friday,9,1,0,Residential,Clear,1,29,40,Motorcycle,2,2,Slippery,5,0,0,0,6,29,73,No Junction,Medium
18,Thursday,5,1,0,National Highway,Clear,9,10,80,Motorcycle,2,6,Dry,12,0,1,1,7,36,50,Roundabout,High
9,Wednesday,8,1,0,Residential,Clear,8,25,40,Motorcycle,2,5,Dry,4,0,1,0,6,22,79,T-Junction,High
19,Thursday,8,1,0,Highway,Rainy,7,29,80,Motorcycle,2,8,Dry,10,0,1,0,6,27,98,T-Junction,Medium
9,Sunday,11,1,1,Highway,Heavy Rain,8,27,80,Car,4,0,Dry,8,0,1,2,2,24,94,Intersection,High
13,Tuesday,9,0,0,State Highway,Rainy,5,29,60,Motorcycle,2,4,Dry,11,0,0,2,5,27,35,T-Junction,Medium
18,Wednesday,3,1,0,Urban Road,Clear,9,10,40,Car,4,6,Slippery,8,0,0,0,9,27,88,No Junction,Medium
18,Sunday,3,1,1,Residential,Cloudy,5,10,40,Motorcycle,2,0,Wet,6,0,0,0,9,24,65,Intersection,Medium
23,Friday,9,0,0,Residential,Clear,4,73,40,Bus,3,9,Slippery,4,1,0,2,8,25,53,Roundabout,High
8,Wednesday,7,1,0,National Highway,Clear,7,14,80,Car,1,7,Dry,4,0,0,1,8,32,20,T-Junction,Medium
17,Sunday,4,1,1,Urban Road,Foggy,3,23,40,Auto,5,0,Dry,4,0,0,2,4,27,77,No Junction,High
16,Friday,1,0,0,Residential,Clear,7,56,40,Motorcycle,4,1,Dry,7,0,0,0,6,10,80,No Junction,High
21,Tuesday,7,0,0,Highway,Clear,7,30,80,Motorcycle,2,6,Wet,10,0,1,0,5,32,55,No Junction,Medium
7,Friday,10,1,0,Urban Road,Rainy,10,10,40,Car,4,14,Dry,5,0,1,2,6,31,46,Intersection,High
18,Thursday,6,1,0,Highway,Clear,6,31,80,Bicycle,2,8,Dry,4,1,0,1,6,20,58,T-Junction,High
16,Monday,3,0,0,State Highway,Clear,5,65,60,Motorcycle,1,0,Dry,8,1,0,0,6,37,78,Roundabout,Medium
9,Thursday,5,1,0,State Highway,Clear,7,10,60,Bicycle,1,2,Slippery,12,0,0,1,7,26,90,No Junction,Medium
13,Sunday,3,0,1,Urban Road,Clear,3,15,40,Bus,1,7,Wet,10,0,0,1,7,34,48,No Junction,Low
10,Sunday,8,1,1,Urban Road,Heavy Rain,6,10,40,Auto,1,0,Dry,7,0,1,1,3,28,55,No Junction,High
16,Saturday,5,0,1,Residential,Rainy,4,38,40,Car,2,9,Dry,4,0,0,0,8,25,50,Intersection,Low
20,Thursday,10,1,0,Residential,Clear,1,47,40,Motorcycle,5,6,Dry,8,0,0,0,8,30,63,No Junction,Medium
16,Wednesday,10,0,0,Residential,Clear,3,67,40,Motorcycle,2,11,Wet,10,0,0,2,9,24,55,Y-Junction,Medium
17,Tuesday,6,1,0,National Highway,Rainy,9,10,80,Bus,5,2,Good,9,1,1,1,5,27,50,T-Junction,High
14,Saturday,2,0,1,State Highway,Foggy,4,28,60,Bicycle,4,8,Dry,8,0,1,0,1,18,94,T-Junction,High
5,Saturday,8,0,1,Urban Road,Clear,1,70,40,Car,1,8,Dry,11,0,0,3,6,26,29,T-Junction,Medium
8,Saturday,9,1,1,Urban Road,Cloudy,3,37,40,Truck,4,13,Dry,12,0,1,3,7,20,42,T-Junction,High
14,Sunday,3,0,1,Residential,Cloudy,4,32,40,Truck,1,10,Slippery,10,0,0,0,9,27,62,Intersection,Low
10,Monday,6,1,0,State Highway,Rainy,5,21,60,Motorcycle,1,6,Good,3,0,0,2,8,31,78,Intersection,Medium
8,Friday,6,1,0,Urban Road,Rainy,8,43,40,Car,1,0,Dry,10,0,0,0,8,28,85,No Junction,Medium
14,Wednesday,2,0,0,Residential,Foggy,5,88,40,Car,2,2,Slippery,7,0,0,0,3,33,61,Intersection,High
10,Sunday,10,1,1,Highway,Foggy,7,51,80,Car,2,8,Wet,8,0,0,3,3,39,75,Intersection,High
8,Tuesday,8,1,0,National Highway,Clear,7,21,80,Auto,1,6,Under Construction,7,0,0,1,9,27,26,Y-Junction,Medium
13,Sunday,5,0,1,State Highway,Rainy,3,48,60,Bus,3,10,Wet,5,0,0,0,5,28,47,T-Junction,Medium
7,Monday,11,1,0,Urban Road,Clear,10,28,40,Bus,1,1,Dry,3,0,0,0,9,24,49,No Junction,Medium
21,Sunday,11,0,1,Urban Road,Cloudy,2,14,40,Bus,2,4,Slippery,8,0,1,0,7,16,84,T-Junction,Medium
20,Sunday,8,1,1,Highway,Clear,1,31,80,Motorcycle,1,11,Under Construction,4,0,0,2,6,28,73,T-Junction,Medium
18,Thursday,8,1,0,State Highway,Cloudy,3,18,60,Auto,1,7,Good,9,0,0,0,8,32,64,Intersection,Low
6,Tuesday,12,0,0,State Highway,Rainy,3,48,60,Bus,4,5,Wet,6,0,0,0,6,28,65,Y-Junction,High
19,Saturday,3,1,1,Residential,Clear,9,10,40,Auto,5,0,Dry,11,0,0,1,7,23,57,No Junction,Medium
19,Tuesday,5,1,0,Highway,Cloudy,8,51,80,Motorcycle,1,3,Dry,13,0,0,1,5,22,66,Intersection,High
18,Tuesday,7,1,0,Urban Road,Clear,4,32,40,Car,3,3,Slippery,7,0,0,1,8,20,65,Y-Junction,High
7,Thursday,5,1,0,Urban Road,Clear,5,18,40,Motorcycle,2,12,Wet,6,0,0,0,5,27,53,Y-Junction,Medium
17,Friday,6,1,0,Urban Road,Foggy,7,16,40,Truck,4,11,Slippery,5,0,1,0,3,21,52,Intersection,High
19,Sunday,2,1,1,Urban Road,Cloudy,5,40,40,Truck,2,5,Dry,9,0,0,0,5,34,66,Intersection,Medium
16,Wednesday,8,0,0,Urban Road,Clear,2,15,40,Motorcycle,2,6,Dry,6,0,0,1,9,32,47,No Junction,Low
17,Saturday,5,1,1,Urban Road,Cloudy,3,15,40,Motorcycle,1,7,Slippery,7,0,0,0,6,34,77,Y-Junction,Medium
13,Friday,6,0,0,Residential,Clear,3,56,40,Car,2,7,Dry,5,0,1,1,5,35,52,T-Junction,Medium
15,Monday,1,0,0,State Highway,Clear,2,30,60,Motorcycle,2,6,Dry,8,1,0,0,6,25,30,No Junction,Medium
3,Sunday,10,0,1,Urban Road,Clear,2,66,40,Motorcycle,2,8,Wet,12,0,0,0,5,33,60,T-Junction,High
17,Saturday,2,1,1,Residential,Clear,6,18,40,Car,3,5,Dry,5,0,0,0,5,26,80,Intersection,Medium
6,Wednesday,11,0,0,Highway,Cloudy,5,31,80,Motorcycle,1,0,Under Construction,8,0,1,2,6,26,78,T-Junction,High
12,Sunday,4,0,1,Urban Road,Cloudy,1,35,40,Car,1,2,Dry,9,0,0,0,7,26,45,Intersection,Low
9,Monday,11,1,0,National Highway,Rainy,6,35,80,Truck,1,6,Slippery,12,1,0,1,6,23,50,T-Junction,High
15,Thursday,9,0,0,Highway,Heavy Rain,3,48,80,Bus,1,12,Dry,11,0,0,0,4,27,79,No Junction,Medium
7,Friday,6,1,0,Urban Road,Rainy,7,13,40,Motorcycle,1,11,Dry,10,0,0,1,8,27,71,No Junction,Medium
18,Sunday,8,1,1,Highway,Foggy,7,36,80,Bus,4,0,Under Construction,9,0,0,0,4,32,54,T-Junction,High
19,Saturday,2,1,1,Urban Road,Clear,7,10,40,Car,2,4,Wet,16,0,0,0,5,26,42,No Junction,Medium
7,Tuesday,10,1,0,Residential,Clear,4,17,40,Motorcycle,2,2,Dry,10,0,0,3,6,24,74,T-Junction,High
6,Wednesday,5,0,0,Highway,Rainy,5,24,80,Motorcycle,1,7,Dry,8,1,0,0,5,32,31,No Junction,Medium
7,Sunday,12,1,1,Highway,Foggy,8,10,80,Motorcycle,3,6,Good,11,0,0,1,1,22,20,Intersection,High
20,Saturday,12,1,1,State Highway,Clear,4,32,60,Car,2,5,Wet,9,1,0,3,8,27,89,Roundabout,High
15,Tuesday,1,0,0,Urban Road,Heavy Rain,1,21,40,Car,2,7,Dry,15,0,0,1,2,31,58,Roundabout,Medium
13,Saturday,4,0,1,Urban Road,Foggy,5,16,40,Motorcycle,4,7,Dry,6,0,0,0,1,32,63,No Junction,Medium
6,Sunday,10,0,1,National Highway,Rainy,1,44,80,Bus,2,4,Under Construction,7,1,1,0,8,35,69,No Junction,High
17,Monday,1,1,0,Urban Road,Clear,9,10,40,Motorcycle,2,8,Dry,3,1,0,0,5,30,79,Intersection,High
20,Tuesday,11,1,0,State Highway,Rainy,6,34,60,Motorcycle,3,11,Dry,7,1,0,0,5,28,53,Intersection,High
19,Tuesday,11,1,0,National Highway,Rainy,9,41,80,Truck,1,12,Wet,4,0,0,0,9,37,67,No Junction,Medium
17,Saturday,9,1,1,Urban Road,Rainy,3,42,40,Car,2,3,Under Construction,8,0,0,1,5,23,67,No Junction,Medium
6,Thursday,2,0,0,Urban Road,Rainy,4,34,40,Motorcycle,1,12,Dry,5,0,0,1,7,32,61,Y-Junction,Low
7,Sunday,7,1,1,Urban Road,Clear,6,10,40,Bus,2,11,Wet,10,0,0,1,9,28,37,T-Junction,Medium
4,Thursday,3,0,0,State Highway,Cloudy,7,17,60,Car,1,3,Wet,6,0,0,0,5,15,69,No Junction,Medium
8,Friday,2,1,0,Urban Road,Clear,7,10,40,Motorcycle,5,10,Dry,10,0,0,1,8,37,74,No Junction,Medium
7,Monday,4,1,0,State Highway,Rainy,7,43,60,Motorcycle,1,6,Good,7,0,0,0,8,23,66,Intersection,Medium
9,Thursday,7,1,0,National Highway,Rainy,7,26,80,Motorcycle,2,12,Slippery,11,0,1,1,7,45,54,Intersection,High
11,Saturday,7,0,1,State Highway,Cloudy,1,43,60,Bus,1,6,Dry,7,0,1,1,9,28,72,T-Junction,Medium
22,Sunday,9,0,1,National Highway,Rainy,5,48,80,Motorcycle,2,11,Wet,6,0,0,0,9,22,76,No Junction,Medium
17,Thursday,12,1,0,Residential,Cloudy,2,10,40,Bus,2,7,Slippery,3,0,0,0,5,32,80,T-Junction,Medium
19,Friday,3,1,0,National Highway,Heavy Rain,7,14,80,Car,1,4,Wet,3,0,0,2,2,25,94,T-Junction,High
18,Wednesday,7,1,0,Highway,Clear,3,74,80,Car,2,2,Wet,10,0,0,2,6,28,72,T-Junction,High
7,Friday,6,1,0,Residential,Rainy,7,27,40,Bicycle,1,2,Dry,4,0,0,1,7,31,73,No Junction,Medium
18,Tuesday,10,1,0,Residential,Cloudy,6,10,40,Car,5,4,Dry,10,0,1,0,9,28,50,No Junction,Medium
9,Sunday,7,1,1,Urban Road,Cloudy,5,16,40,Car,1,4,Dry,6,0,0,1,5,28,37,Intersection,Medium
17,Tuesday,7,1,0,Highway,Clear,7,17,80,Motorcycle,2,7,Wet,7,1,0,0,9,25,82,Roundabout,Medium
10,Thursday,10,1,0,Residential,Rainy,6,37,40,Bicycle,2,5,Good,9,0,1,1,7,15,87,Intersection,High
23,Thursday,5,0,0,Highway,Clear,5,10,80,Bus,2,12,Under Construction,11,1,0,0,8,30,88,T-Junction,Medium
9,Friday,9,1,0,Urban Road,Cloudy,8,17,40,Motorcycle,5,7,Dry,3,0,0,0,7,31,53,Y-Junction,Medium
9,Friday,7,1,0,Urban Road,Clear,1,27,40,Motorcycle,2,8,Slippery,3,0,0,0,9,40,56,Y-Junction,Low
22,Saturday,7,0,1,National Highway,Clear,7,33,80,Bicycle,5,5,Under Construction,7,0,1,1,5,33,40,No Junction,High
2,Monday,12,0,0,Urban Road,Clear,2,59,40,Truck,2,12,Wet,11,1,0,0,9,21,31,T-Junction,High
18,Saturday,3,1,1,State Highway,Clear,6,33,60,Car,4,3,Dry,8,0,1,0,6,15,60,Intersection,Medium
18,Tuesday,1,1,0,Highway,Heavy Rain,8,23,80,Motorcycle,2,0,Wet,11,0,1,2,2,14,90,Intersection,High
19,Saturday,5,1,1,Urban Road,Clear,7,10,40,Auto,2,3,Wet,3,0,0,0,6,28,59,Y-Junction,Medium
23,Friday,8,0,0,Urban Road,Clear,6,10,40,Car,1,5,Dry,6,0,1,2,9,31,98,Intersection,Medium
23,Sunday,5,0,1,Residential,Clear,1,25,40,Bus,1,4,Dry,8,0,0,0,9,30,68,T-Junction,Low
5,Saturday,10,0,1,State Highway,Cloudy,3,86,60,Motorcycle,1,3,Wet,4,0,0,3,6,29,53,T-Junction,High
19,Wednesday,3,1,0,State Highway,Clear,8,23,60,Car,1,3,Wet,4,0,0,0,5,36,65,T-Junction,Medium
17,Monday,9,1,0,State Highway,Clear,6,14,60,Bus,2,5,Wet,5,0,1,2,5,30,84,Intersection,High
17,Friday,2,1,0,Urban Road,Clear,8,28,40,Motorcycle,2,16,Under Construction,6,0,0,0,7,22,84,Y-Junction,Medium
7,Sunday,3,1,1,Residential,Rainy,6,10,40,Car,5,3,Dry,4,0,1,0,6,24,79,No Junction,High
17,Thursday,12,1,0,Urban Road,Heavy Rain,7,20,40,Bus,1,8,Dry,11,0,0,2,3,30,32,Roundabout,High
23,Saturday,4,0,1,Highway,Heavy Rain,6,51,80,Motorcycle,2,9,Slippery,8,0,1,1,5,29,60,T-Junction,High
21,Friday,10,0,0,State Highway,Heavy Rain,1,60,60,Motorcycle,2,8,Slippery,8,0,0,2,2,27,69,T-Junction,High
12,Thursday,1,0,0,State Highway,Clear,1,86,60,Motorcycle,1,7,Good,8,0,0,1,7,25,69,Intersection,Medium
3,Thursday,11,0,0,Urban Road,Cloudy,6,37,40,Motorcycle,1,6,Wet,12,0,0,0,7,22,69,Roundabout,Medium
11,Tuesday,4,0,0,National Highway,Clear,4,40,80,Car,4,7,Wet,14,0,1,1,8,38,70,T-Junction,High
19,Tuesday,4,1,0,State Highway,Rainy,6,60,60,Truck,2,3,Slippery,7,0,1,0,7,22,60,T-Junction,High
18,Sunday,9,1,1,Urban Road,Rainy,5,14,40,Truck,3,0,Dry,9,0,0,1,7,24,44,T-Junction,High
13,Friday,8,0,0,Urban Road,Clear,7,81,40,Auto,2,7,Slippery,7,0,1,0,7,28,56,T-Junction,High
5,Sunday,2,0,1,National Highway,Clear,3,36,80,Motorcycle,4,13,Dry,10,0,0,0,6,30,57,No Junction,Medium
12,Friday,7,0,0,Residential,Cloudy,5,35,40,Car,3,4,Wet,12,1,1,0,8,29,62,No Junction,Medium
13,Wednesday,6,0,0,Urban Road,Cloudy,5,40,40,Motorcycle,2,4,Dry,7,0,0,0,5,18,95,Roundabout,Medium
21,Monday,7,0,0,Residential,Clear,7,10,40,Car,4,14,Under Construction,10,0,1,1,7,30,61,Intersection,High
17,Monday,11,1,0,Residential,Clear,7,14,40,Motorcycle,1,7,Good,7,0,0,0,6,34,48,Roundabout,Medium
10,Friday,4,1,0,Urban Road,Cloudy,7,10,40,Car,1,0,Dry,11,0,0,0,6,29,95,Intersection,Medium
15,Tuesday,5,0,0,Residential,Clear,2,56,40,Auto,2,15,Wet,5,0,0,1,6,40,31,Y-Junction,Medium
5,Saturday,6,0,1,Urban Road,Cloudy,1,38,40,Car,3,6,Good,4,0,0,0,8,36,39,Intersection,Low
23,Sunday,9,0,1,Residential,Cloudy,2,43,40,Bus,2,4,Wet,9,0,0,0,8,26,77,T-Junction,Medium
11,Wednesday,2,0,0,National Highway,Cloudy,4,33,80,Motorcycle,2,0,Slippery,11,0,0,2,9,24,23,No Junction,Medium
13,Monday,11,0,0,National Highway,Cloudy,3,25,80,Car,1,6,Dry,9,0,0,1,7,21,49,T-Junction,Medium
11,Friday,9,0,0,Residential,Cloudy,4,55,40,Bus,4,8,Dry,11,0,0,1,5,28,57,Roundabout,High
17,Tuesday,10,1,0,National Highway,Cloudy,6,45,80,Bicycle,5,9,Dry,5,0,1,2,5,30,52,Intersection,High
17,Tuesday,1,1,0,State Highway,Cloudy,2,10,60,Car,2,6,Good,7,0,0,0,9,35,47,Intersection,Low
18,Tuesday,4,1,0,Urban Road,Rainy,6,15,40,Bus,2,7,Slippery,3,0,0,0,5,27,67,T-Junction,Medium
9,Sunday,12,1,1,National Highway,Clear,4,26,80,Bus,2,6,Under Construction,4,0,1,0,7,23,66,Roundabout,Medium
10,Saturday,5,1,1,Highway,Rainy,7,10,80,Bus,1,5,Wet,12,0,0,1,5,34,52,T-Junction,High
7,Thursday,9,1,0,Urban Road,Cloudy,7,21,40,Car,1,0,Slippery,6,1,0,0,7,21,38,Y-Junction,Medium
17,Sunday,6,1,1,Residential,Heavy Rain,8,25,40,Bus,3,6,Slippery,13,0,0,0,2,30,59,Intersection,High
3,Saturday,4,0,1,Urban Road,Foggy,6,36,40,Car,2,7,Wet,8,0,0,0,2,29,55,Intersection,High
16,Tuesday,2,0,0,Urban Road,Rainy,9,16,40,Car,1,2,Under Construction,7,0,1,1,7,28,70,T-Junction,Medium
20,Friday,5,1,0,State Highway,Cloudy,5,36,60,Car,2,7,Dry,7,0,0,0,7,26,55,T-Junction,Medium
21,Wednesday,8,0,0,Highway,Clear,6,38,80,Car,5,6,Dry,11,0,0,1,8,35,59,No Junction,Medium
13,Saturday,8,0,1,National Highway,Clear,3,10,80,Motorcycle,2,1,Dry,7,0,0,1,7,30,81,No Junction,Medium
13,Friday,6,0,0,Urban Road,Clear,4,56,40,Motorcycle,4,5,Dry,8,0,0,0,9,30,92,No Junction,Medium
6,Sunday,11,0,1,National Highway,Cloudy,1,52,80,Car,3,9,Dry,8,1,0,2,8,32,69,Y-Junction,High
17,Sunday,1,1,1,Urban Road,Clear,4,50,40,Truck,1,3,Wet,3,0,0,2,5,19,38,No Junction,Medium
19,Tuesday,8,1,0,Residential,Clear,10,10,40,Car,2,0,Dry,8,0,0,3,8,21,39,No Junction,High
8,Wednesday,4,1,0,Urban Road,Clear,6,59,40,Car,2,2,Slippery,7,0,1,0,5,23,86,T-Junction,High
12,Monday,2,0,0,Residential,Rainy,1,56,40,Motorcycle,2,3,Wet,9,0,0,3,5,28,69,T-Junction,High
19,Monday,1,1,0,Highway,Foggy,5,48,80,Motorcycle,1,7,Dry,10,0,0,3,4,23,59,Y-Junction,High
20,Sunday,7,1,1,Urban Road,Clear,5,18,40,Motorcycle,1,8,Dry,7,0,0,0,8,23,84,No Junction,Medium
8,Friday,2,1,0,Highway,Clear,4,43,80,Car,2,8,Wet,9,0,0,0,8,26,100,Y-Junction,High
15,Wednesday,4,0,0,Residential,Foggy,6,40,40,Auto,2,1,Wet,3,0,1,2,2,33,54,No Junction,High
8,Friday,4,1,0,National Highway,Rainy,6,31,80,Bus,2,8,Dry,13,0,0,0,8,33,79,Y-Junction,Medium
6,Wednesday,10,0,0,Highway,Rainy,5,53,80,Car,2,3,Slippery,12,0,0,0,5,31,80,T-Junction,Medium
21,Wednesday,1,0,0,Residential,Heavy Rain,1,40,40,Motorcycle,3,5,Wet,6,0,0,0,3,31,37,Intersection,High
19,Sunday,2,1,1,State Highway,Rainy,3,10,60,Motorcycle,2,9,Dry,8,0,1,0,9,28,65,T-Junction,Medium
18,Friday,1,1,0,Urban Road,Foggy,4,53,40,Car,5,1,Dry,3,0,0,1,2,29,69,Roundabout,High
4,Sunday,6,0,1,Urban Road,Clear,5,26,40,Auto,1,1,Wet,10,0,0,0,7,28,78,Intersection,Medium
20,Wednesday,3,1,0,Urban Road,Clear,6,17,40,Truck,1,4,Under Construction,5,0,0,0,5,28,65,No Junction,Low
12,Saturday,1,0,1,Urban Road,Clear,4,39,40,Auto,1,7,Wet,3,0,0,0,7,29,55,No Junction,Medium
10,Tuesday,12,1,0,Highway,Clear,10,10,80,Truck,1,4,Under Construction,9,0,0,0,8,26,50,Y-Junction,Medium
15,Wednesday,8,0,0,Urban Road,Rainy,3,50,40,Motorcycle,1,2,Wet,5,1,0,3,7,16,53,T-Junction,High
6,Saturday,12,0,1,Urban Road,Clear,3,10,40,Motorcycle,2,11,Under Construction,4,0,0,2,9,32,57,Y-Junction,Medium
18,Wednesday,4,1,0,State Highway,Cloudy,6,31,60,Car,1,2,Good,10,0,0,2,6,28,66,Intersection,Medium
16,Saturday,10,0,1,State Highway,Clear,1,67,60,Motorcycle,3,4,Dry,12,0,0,0,8,18,93,T-Junction,Low
8,Friday,7,1,0,State Highway,Cloudy,7,19,60,Bus,2,5,Dry,8,0,0,1,7,32,99,No Junction,Medium
8,Monday,10,1,0,Residential,Rainy,5,38,40,Truck,2,13,Dry,11,0,0,0,7,30,94,Y-Junction,Medium
8,Thursday,2,1,0,Urban Road,Clear,3,24,40,Bus,1,3,Dry,6,0,1,0,5,18,47,Roundabout,Medium
5,Wednesday,6,0,0,Urban Road,Rainy,1,31,40,Car,1,9,Wet,9,0,0,3,8,38,100,No Junction,Low
16,Thursday,6,0,0,Urban Road,Clear,5,43,40,Car,1,4,Slippery,8,0,1,0,5,27,74,Intersection,Medium
20,Wednesday,7,1,0,Residential,Cloudy,7,10,40,Motorcycle,1,0,Good,9,0,0,0,9,41,41,No Junction,Low
1,Friday,12,0,0,National Highway,Heavy Rain,6,18,80,Motorcycle,2,8,Wet,5,0,0,1,2,34,59,Intersection,High
4,Friday,1,0,0,Urban Road,Rainy,7,27,40,Motorcycle,2,7,Slippery,3,0,0,2,5,37,81,No Junction,Medium
16,Saturday,12,0,1,Urban Road,Cloudy,3,19,40,Car,1,8,Wet,12,0,0,2,8,28,66,No Junction,Medium
19,Wednesday,1,1,0,Residential,Clear,6,34,40,Car,1,4,Dry,7,0,1,1,5,29,49,No Junction,High
10,Friday,2,1,0,State Highway,Clear,3,32,60,Truck,4,3,Slippery,3,0,0,1,5,31,64,No Junction,Medium
10,Friday,11,1,0,Urban Road,Clear,10,40,40,Motorcycle,2,8,Wet,7,0,0,0,8,29,67,T-Junction,Medium
16,Wednesday,2,0,0,Urban Road,Clear,1,22,40,Car,2,2,Slippery,9,0,0,1,9,32,65,Intersection,Medium
9,Saturday,5,1,1,State Highway,Foggy,5,30,60,Bus,2,6,Dry,8,0,0,2,1,27,56,Intersection,High
2,Saturday,1,0,1,Highway,Rainy,7,27,80,Car,5,4,Dry,8,0,0,3,5,17,52,Intersection,High
18,Saturday,11,1,1,Residential,Rainy,4,49,40,Motorcycle,1,2,Slippery,8,0,0,0,5,25,61,T-Junction,High
17,Saturday,2,1,1,State Highway,Rainy,3,57,60,Car,3,7,Dry,7,0,0,2,7,30,70,Roundabout,High
16,Monday,6,0,0,National Highway,Clear,6,24,80,Bicycle,2,8,Slippery,8,0,0,1,8,30,83,Y-Junction,Medium
18,Wednesday,3,1,0,Highway,Cloudy,10,10,80,Truck,2,8,Dry,7,1,1,0,7,40,100,T-Junction,High
17,Sunday,4,1,1,Urban Road,Clear,10,10,40,Car,3,6,Dry,8,0,0,0,9,25,79,No Junction,Low
8,Monday,1,1,0,Urban Road,Clear,4,45,40,Auto,1,0,Dry,9,0,0,0,7,30,71,T-Junction,Medium
11,Friday,5,0,0,Residential,Clear,5,48,40,Motorcycle,3,5,Dry,9,0,0,0,8,32,66,No Junction,Medium
7,Monday,4,1,0,Residential,Clear,9,10,40,Motorcycle,1,0,Dry,6,0,1,1,5,30,64,No Junction,Medium
7,Sunday,8,1,1,National Highway,Clear,7,10,80,Car,2,0,Good,10,0,0,0,5,23,58,Intersection,Medium
17,Sunday,3,1,1,Urban Road,Clear,6,11,40,Motorcycle,1,3,Dry,9,1,0,1,6,30,73,Intersection,High
20,Sunday,10,1,1,Residential,Heavy Rain,4,60,40,Bicycle,2,9,Dry,11,0,1,1,3,22,26,T-Junction,High
22,Saturday,1,0,1,Urban Road,Rainy,3,29,40,Motorcycle,1,0,Slippery,8,0,0,0,5,25,81,Intersection,Medium
17,Friday,10,1,0,Highway,Rainy,5,15,80,Truck,3,9,Dry,11,0,0,0,7,27,58,No Junction,Medium
8,Monday,5,1,0,Urban Road,Clear,4,13,40,Bicycle,2,2,Dry,3,0,0,1,6,26,47,T-Junction,Medium
6,Monday,1,0,0,Urban Road,Clear,2,53,40,Motorcycle,2,5,Wet,4,0,1,0,6,18,57,Roundabout,Medium
19,Wednesday,11,1,0,State Highway,Clear,5,10,60,Car,2,13,Dry,11,1,1,1,9,27,50,T-Junction,Medium
16,Monday,5,0,0,Urban Road,Foggy,6,47,40,Car,1,9,Dry,9,0,1,2,2,28,100,No Junction,High
17,Friday,9,1,0,Urban Road,Rainy,8,20,40,Car,2,5,Slippery,4,0,0,1,8,29,56,Intersection,Medium
19,Saturday,5,1,1,Urban Road,Clear,5,28,40,Auto,1,3,Dry,8,1,0,2,7,26,68,Intersection,High
18,Wednesday,2,1,0,Urban Road,Foggy,5,41,40,Auto,5,9,Good,11,0,1,0,2,39,48,Roundabout,High
19,Monday,2,1,0,Highway,Clear,2,29,80,Motorcycle,2,2,Dry,4,1,0,0,5,29,83,No Junction,High
5,Wednesday,10,0,0,State Highway,Clear,4,65,60,Car,2,6,Under Construction,8,0,0,2,7,25,40,No Junction,High
18,Thursday,9,1,0,National Highway,Heavy Rain,7,15,80,Bus,4,9,Slippery,14,0,0,0,2,29,84,T-Junction,High
20,Wednesday,12,1,0,Highway,Clear,10,10,80,Bus,2,9,Dry,5,0,0,1,6,24,71,No Junction,Medium
9,Sunday,5,1,1,State Highway,Cloudy,8,13,60,Bus,1,0,Dry,5,0,0,1,7,33,71,Intersection,Medium
17,Saturday,11,1,1,Urban Road,Foggy,6,10,40,Car,2,7,Under Construction,3,1,0,0,4,31,76,Intersection,High
10,Sunday,8,1,1,Urban Road,Clear,5,48,40,Car,4,4,Slippery,6,0,1,1,6,37,59,Roundabout,High
22,Thursday,10,0,0,Residential,Heavy Rain,2,48,40,Bus,2,4,Dry,10,0,0,1,4,33,78,Intersection,High
3,Sunday,4,0,1,Urban Road,Clear,4,25,40,Motorcycle,1,6,Dry,6,0,0,0,9,37,58,No Junction,Low
16,Thursday,2,0,0,Highway,Clear,5,49,80,Car,4,15,Good,15,0,1,1,9,15,52,Intersection,Medium
7,Wednesday,4,1,0,Urban Road,Clear,7,21,40,Motorcycle,1,5,Wet,18,1,0,1,6,21,47,No Junction,High
18,Friday,12,1,0,Highway,Clear,5,22,80,Motorcycle,4,4,Dry,13,1,0,2,6,32,85,No Junction,High
7,Saturday,11,1,1,Highway,Clear,9,10,80,Motorcycle,5,1,Good,5,0,0,1,6,24,88,No Junction,High
8,Friday,4,1,0,Urban Road,Rainy,10,10,40,Car,2,5,Dry,8,1,0,0,5,37,100,Y-Junction,High
14,Saturday,11,0,1,Urban Road,Clear,3,10,40,Bus,1,0,Wet,6,1,1,0,9,26,59,T-Junction,Medium
21,Saturday,9,0,1,Residential,Clear,5,64,40,Motorcycle,1,10,Slippery,6,0,0,1,7,34,56,No Junction,Medium
8,Sunday,10,1,1,Urban Road,Clear,2,10,40,Auto,3,5,Under Construction,9,0,0,3,7,30,53,Roundabout,Medium
7,Sunday,11,1,1,Highway,Clear,3,46,80,Bus,1,4,Dry,4,1,1,3,6,27,34,No Junction,High
18,Friday,6,1,0,Urban Road,Cloudy,8,10,40,Auto,2,8,Under Construction,3,1,0,0,9,23,71,No Junction,Medium
14,Tuesday,10,0,0,State Highway,Foggy,6,30,60,Truck,2,3,Good,3,0,1,0,4,29,68,Intersection,High
21,Thursday,6,0,0,Urban Road,Foggy,6,50,40,Car,1,7,Dry,8,0,1,1,3,26,57,No Junction,High
7,Sunday,5,1,1,State Highway,Clear,6,45,60,Motorcycle,2,0,Wet,13,0,1,2,5,23,90,Y-Junction,High
17,Sunday,6,1,1,Urban Road,Rainy,7,60,40,Bus,2,0,Under Construction,10,0,0,2,7,19,47,Roundabout,High
8,Sunday,1,1,1,National Highway,Clear,3,56,80,Car,2,0,Wet,7,0,1,0,7,28,44,No Junction,High
7,Wednesday,5,1,0,Urban Road,Clear,6,11,40,Truck,1,8,Wet,10,0,0,0,8,33,81,No Junction,Low
17,Friday,12,1,0,Highway,Rainy,10,10,80,Car,4,10,Wet,7,0,0,1,6,29,84,Roundabout,High
16,Friday,6,0,0,Urban Road,Rainy,4,48,40,Car,1,7,Slippery,11,0,1,0,7,32,54,T-Junction,Medium
18,Sunday,8,1,1,Residential,Clear,8,19,40,Motorcycle,1,10,Slippery,10,0,1,1,7,27,20,T-Junction,Medium
9,Wednesday,4,1,0,Residential,Rainy,6,17,40,Car,2,8,Wet,3,0,0,0,5,23,60,Intersection,Medium
13,Sunday,5,0,1,Urban Road,Heavy Rain,4,15,40,Truck,2,8,Dry,6,0,0,0,5,32,51,Intersection,Medium
12,Thursday,4,0,0,Highway,Rainy,7,33,80,Motorcycle,1,5,Wet,10,1,0,0,6,26,100,Intersection,High
23,Wednesday,7,0,0,Residential,Clear,2,37,40,Motorcycle,5,10,Dry,10,0,1,1,7,28,92,Intersection,Medium
9,Sunday,10,1,1,National Highway,Clear,8,38,80,Car,5,3,Wet,6,0,0,0,7,32,58,No Junction,High
9,Saturday,6,1,1,National Highway,Clear,5,54,80,Motorcycle,3,8,Dry,3,0,0,0,9,32,66,No Junction,Medium
11,Tuesday,4,0,0,Residential,Rainy,6,10,40,Bus,2,9,Wet,8,1,0,0,8,28,79,Intersection,Medium
16,Saturday,6,0,1,Highway,Cloudy,2,42,80,Truck,2,3,Dry,3,0,1,2,7,33,67,T-Junction,Medium
8,Tuesday,4,1,0,Highway,Clear,5,19,80,Motorcycle,4,7,Wet,5,0,0,0,6,31,63,T-Junction,High
21,Wednesday,12,0,0,State Highway,Clear,2,47,60,Car,1,6,Slippery,12,0,0,1,9,31,84,Intersection,Medium
9,Saturday,8,1,1,State Highway,Heavy Rain,4,21,60,Motorcycle,1,2,Wet,6,0,0,0,3,36,91,T-Junction,High
21,Thursday,11,0,0,National Highway,Rainy,5,50,80,Truck,1,9,Dry,5,1,1,1,6,31,94,No Junction,High
6,Saturday,3,0,1,Residential,Foggy,4,27,40,Motorcycle,5,4,Dry,7,1,0,3,4,38,78,Intersection,High
17,Friday,8,1,0,State Highway,Cloudy,8,35,60,Bus,1,8,Good,10,0,0,3,6,19,78,Intersection,High
21,Tuesday,2,0,0,State Highway,Clear,4,33,60,Motorcycle,2,1,Slippery,7,0,1,0,6,22,77,No Junction,Medium
7,Tuesday,6,1,0,Residential,Rainy,9,25,40,Motorcycle,3,3,Dry,12,0,1,0,6,25,63,Roundabout,High
22,Sunday,8,0,1,State Highway,Clear,6,10,60,Auto,1,3,Good,5,0,0,0,7,21,72,T-Junction,Low
13,Thursday,1,0,0,Highway,Rainy,3,38,80,Auto,1,3,Dry,4,1,0,0,7,38,53,No Junction,Medium
22,Tuesday,6,0,0,Residential,Heavy Rain,1,58,40,Car,1,2,Slippery,9,1,1,0,4,37,36,No Junction,High
17,Tuesday,9,1,0,National Highway,Clear,7,22,80,Car,2,1,Wet,5,0,0,2,5,32,69,No Junction,High
9,Sunday,10,1,1,Highway,Clear,5,10,80,Motorcycle,1,6,Dry,9,0,0,0,5,30,96,Intersection,Medium
8,Thursday,10,1,0,Residential,Heavy Rain,4,33,40,Motorcycle,2,4,Dry,14,0,0,0,2,21,57,T-Junction,High
9,Saturday,2,1,1,Urban Road,Clear,9,10,40,Car,1,6,Slippery,4,0,0,0,6,30,75,Y-Junction,Medium
6,Wednesday,11,0,0,State Highway,Clear,4,10,60,Auto,3,7,Dry,8,0,1,0,6,28,47,No Junction,Medium
7,Saturday,1,1,1,Residential,Clear,3,27,40,Bus,2,0,Wet,10,0,0,1,9,33,81,Y-Junction,Medium
6,Friday,2,0,0,National Highway,Foggy,9,10,80,Bus,1,7,Slippery,6,0,0,2,4,25,59,T-Junction,High
12,Friday,5,0,0,Residential,Foggy,4,38,40,Truck,3,8,Dry,8,0,0,1,2,31,92,No Junction,High
19,Tuesday,6,1,0,Urban Road,Foggy,6,10,40,Car,1,3,Under Construction,3,1,0,0,1,34,51,No Junction,High
7,Friday,1,1,0,Highway,Foggy,7,58,80,Motorcycle,2,9,Dry,7,0,0,0,3,33,98,Roundabout,High
7,Wednesday,7,1,0,State Highway,Cloudy,4,13,60,Car,1,4,Dry,5,0,0,0,9,28,85,Intersection,Low
17,Tuesday,11,1,0,Urban Road,Foggy,5,50,40,Bicycle,2,9,Slippery,5,0,1,1,1,36,52,Intersection,High
8,Sunday,4,1,1,Residential,Rainy,5,27,40,Car,1,0,Good,7,0,0,0,9,22,52,Intersection,Low
6,Friday,9,0,0,Highway,Foggy,8,26,80,Motorcycle,1,10,Slippery,6,0,0,1,3,29,54,No Junction,High
7,Sunday,6,1,1,State Highway,Rainy,4,22,60,Bus,5,11,Dry,4,1,1,2,7,31,90,No Junction,High
21,Monday,9,0,0,Urban Road,Clear,6,50,40,Motorcycle,2,5,Good,12,0,0,0,6,27,35,No Junction,Medium
19,Monday,1,1,0,National Highway,Cloudy,7,32,80,Motorcycle,1,10,Wet,8,0,0,0,7,32,72,No Junction,Medium
11,Monday,4,0,0,Residential,Foggy,4,37,40,Car,5,4,Dry,9,1,1,0,4,34,32,Intersection,High
17,Sunday,2,1,1,Highway,Clear,4,30,80,Car,1,4,Under Construction,6,0,0,0,5,17,36,Intersection,Medium
15,Monday,6,0,0,Residential,Clear,2,71,40,Truck,3,12,Dry,7,0,0,0,9,37,32,No Junction,Medium
17,Saturday,4,1,1,National Highway,Clear,10,10,80,Truck,4,4,Wet,3,0,1,1,7,24,52,Intersection,High
17,Monday,9,1,0,State Highway,Clear,9,12,60,Motorcycle,2,10,Good,4,0,0,0,5,35,44,No Junction,Medium
17,Tuesday,3,1,0,Urban Road,Clear,6,10,40,Auto,2,2,Dry,12,0,1,0,8,24,46,No Junction,Medium
9,Thursday,1,1,0,National Highway,Cloudy,6,24,80,Motorcycle,1,6,Wet,9,1,0,0,7,30,48,No Junction,Medium
3,Saturday,11,0,1,Urban Road,Clear,2,45,40,Truck,2,0,Dry,6,1,0,0,7,31,62,No Junction,Medium
13,Thursday,11,0,0,Urban Road,Rainy,2,66,40,Truck,4,6,Under Construction,9,0,0,1,5,27,49,No Junction,High
21,Tuesday,1,0,0,Residential,Clear,3,50,40,Motorcycle,3,11,Wet,3,0,1,3,6,25,47,T-Junction,High
16,Tuesday,12,0,0,Urban Road,Rainy,4,49,40,Bus,1,5,Dry,6,0,0,0,5,45,100,T-Junction,Medium
19,Wednesday,9,1,0,Urban Road,Rainy,9,37,40,Motorcycle,1,9,Dry,8,0,1,1,7,25,55,T-Junction,Medium
23,Saturday,9,0,1,Residential,Foggy,4,17,40,Motorcycle,2,3,Wet,10,0,0,0,3,37,24,T-Junction,Medium
7,Thursday,5,1,0,Residential,Rainy,5,36,40,Car,1,7,Slippery,5,0,1,3,7,45,83,T-Junction,High
18,Monday,2,1,0,Highway,Cloudy,10,10,80,Truck,3,7,Wet,8,0,0,0,5,26,56,Y-Junction,Medium
17,Tuesday,9,1,0,Residential,Rainy,5,10,40,Truck,2,4,Dry,7,1,0,1,9,18,47,Intersection,Medium
23,Monday,12,0,0,Residential,Cloudy,4,26,40,Auto,2,6,Slippery,9,0,1,0,6,28,45,Y-Junction,Medium
23,Thursday,8,0,0,Residential,Foggy,7,22,40,Car,1,9,Dry,8,0,0,2,2,25,76,Roundabout,Medium
17,Sunday,11,1,1,State Highway,Foggy,3,10,60,Car,2,5,Under Construction,7,0,1,1,3,32,70,Intersection,High
8,Saturday,10,1,1,Highway,Rainy,4,11,80,Motorcycle,3,2,Dry,9,0,0,0,8,25,53,No Junction,Medium
19,Friday,10,1,0,State Highway,Foggy,5,16,60,Car,2,2,Slippery,6,0,0,0,2,26,70,Intersection,High
6,Sunday,6,0,1,State Highway,Clear,4,21,60,Car,1,6,Dry,6,0,0,0,6,27,69,No Junction,Low
19,Sunday,7,1,1,Residential,Clear,2,54,40,Car,2,6,Slippery,3,1,0,0,7,20,71,No Junction,High
21,Friday,12,0,0,Urban Road,Clear,4,53,40,Truck,2,11,Under Construction,10,0,0,0,9,26,46,No Junction,Medium
11,Tuesday,6,0,0,Urban Road,Clear,2,39,40,Truck,2,8,Slippery,7,0,0,2,5,27,80,T-Junction,Medium
17,Wednesday,5,1,0,Urban Road,Rainy,6,33,40,Auto,1,7,Slippery,4,0,0,0,7,23,47,No Junction,Medium
12,Monday,4,0,0,Residential,Clear,6,36,40,Car,1,1,Slippery,5,0,0,0,7,30,66,Y-Junction,Medium
12,Tuesday,7,0,0,Urban Road,Heavy Rain,2,10,40,Motorcycle,3,5,Wet,12,0,0,3,5,34,57,No Junction,High
10,Wednesday,4,1,0,Urban Road,Clear,4,51,40,Car,2,1,Dry,7,0,1,1,6,26,66,Intersection,High
18,Monday,10,1,0,Residential,Clear,5,37,40,Car,2,12,Under Construction,9,1,0,2,5,27,90,T-Junction,High
22,Thursday,10,0,0,State Highway,Cloudy,3,30,60,Car,5,4,Wet,6,0,0,1,5,26,67,Intersection,High
22,Sunday,10,0,1,Highway,Clear,5,75,80,Car,1,3,Dry,4,1,0,2,5,38,84,Intersection,High
7,Sunday,9,1,1,National Highway,Clear,2,20,80,Car,4,5,Dry,8,0,0,0,7,24,69,Roundabout,Medium
20,Friday,5,1,0,Highway,Cloudy,6,10,80,Motorcycle,3,7,Wet,11,0,1,0,9,24,100,T-Junction,Medium
18,Wednesday,8,1,0,Urban Road,Rainy,5,41,40,Motorcycle,2,0,Dry,12,0,0,0,9,24,74,Intersection,Medium
8,Monday,12,1,0,Residential,Rainy,4,15,40,Motorcycle,2,3,Under Construction,12,0,0,1,6,35,36,T-Junction,Medium
5,Tuesday,12,0,0,Highway,Clear,2,52,80,Car,1,13,Slippery,9,0,1,0,9,36,46,T-Junction,Medium
9,Monday,12,1,0,National Highway,Clear,5,10,80,Motorcycle,2,7,Dry,9,0,0,1,9,23,50,Roundabout,Medium
21,Tuesday,6,0,0,Urban Road,Rainy,2,49,40,Motorcycle,2,7,Dry,5,0,1,3,5,32,59,No Junction,High
17,Sunday,4,1,1,Highway,Rainy,4,29,80,Bus,2,8,Dry,8,0,0,2,6,25,51,T-Junction,High
18,Friday,12,1,0,Residential,Clear,6,40,40,Auto,4,0,Dry,11,0,0,0,9,19,36,No Junction,Medium
8,Friday,3,1,0,Residential,Clear,4,10,40,Truck,1,16,Dry,12,0,1,0,9,19,63,Intersection,Medium
18,Monday,11,1,0,National Highway,Cloudy,6,35,80,Truck,2,9,Under Construction,7,0,0,0,9,27,22,Intersection,Medium
2,Monday,6,0,0,Urban Road,Rainy,5,31,40,Motorcycle,4,4,Wet,6,0,0,1,9,33,99,No Junction,Medium
11,Tuesday,1,0,0,Urban Road,Heavy Rain,5,44,40,Motorcycle,1,9,Dry,5,0,0,1,4,28,63,T-Junction,High
17,Tuesday,2,1,0,Highway,Rainy,6,18,80,Motorcycle,2,10,Dry,7,0,0,1,7,28,97,T-Junction,Medium
7,Wednesday,7,1,0,Residential,Heavy Rain,7,14,40,Bicycle,3,2,Under Construction,11,0,0,2,3,17,45,T-Junction,High
19,Sunday,4,1,1,Residential,Rainy,2,31,40,Truck,2,16,Slippery,6,0,1,0,7,26,62,Intersection,Medium
8,Wednesday,5,1,0,National Highway,Rainy,4,26,80,Car,3,6,Dry,10,0,0,2,5,26,84,Intersection,High
17,Wednesday,11,1,0,Residential,Clear,7,10,40,Auto,1,3,Dry,11,0,0,0,7,25,100,Intersection,Low
12,Monday,10,0,0,National Highway,Clear,4,36,80,Motorcycle,5,11,Good,6,0,0,0,9,22,76,Y-Junction,Medium
16,Saturday,1,0,1,National Highway,Cloudy,3,24,80,Car,2,2,Dry,7,0,1,0,6,39,39,Roundabout,Medium
6,Saturday,2,0,1,Urban Road,Heavy Rain,2,43,40,Bus,1,0,Slippery,11,0,0,0,4,31,64,Roundabout,High
1,Saturday,4,0,1,Highway,Rainy,5,70,80,Motorcycle,1,0,Wet,9,0,0,0,6,33,42,Intersection,High
21,Saturday,8,0,1,Highway,Clear,6,55,80,Car,2,0,Slippery,12,0,0,1,7,28,84,Intersection,High
9,Wednesday,10,1,0,Urban Road,Heavy Rain,5,33,40,Motorcycle,2,3,Wet,8,0,0,0,3,36,74,Intersection,High
19,Monday,4,1,0,Urban Road,Foggy,6,10,40,Motorcycle,2,8,Good,11,0,0,1,3,22,85,Intersection,High
23,Saturday,3,0,1,Highway,Clear,5,18,80,Car,4,7,Under Construction,4,0,1,2,9,33,76,No Junction,High
8,Friday,3,1,0,Urban Road,Clear,8,10,40,Car,2,4,Dry,10,1,0,0,8,21,71,Y-Junction,Medium
9,Thursday,12,1,0,Urban Road,Clear,5,43,40,Car,2,2,Wet,6,0,1,1,5,28,39,Intersection,High
17,Friday,5,1,0,Highway,Rainy,3,40,80,Truck,1,5,Dry,4,0,1,2,6,28,58,No Junction,Medium
22,Monday,3,0,0,Urban Road,Rainy,8,53,40,Car,2,4,Good,6,0,0,2,8,28,79,Intersection,High
21,Monday,8,0,0,Highway,Clear,2,54,80,Car,3,6,Dry,7,0,0,0,9,28,48,T-Junction,Medium
14,Thursday,5,0,0,Urban Road,Clear,8,39,40,Car,3,0,Dry,9,0,1,2,9,15,41,Intersection,Medium
19,Tuesday,12,1,0,Highway,Cloudy,10,17,80,Motorcycle,2,14,Wet,7,0,0,0,9,25,81,Y-Junction,Medium
7,Tuesday,12,1,0,State Highway,Rainy,8,20,60,Bus,4,0,Wet,3,0,1,0,9,27,65,No Junction,High
23,Tuesday,7,0,0,Highway,Cloudy,6,10,80,Car,4,1,Dry,7,1,0,0,8,25,87,Intersection,High
22,Wednesday,11,0,0,State Highway,Cloudy,4,29,60,Auto,2,6,Wet,8,0,0,1,5,18,59,Intersection,Medium
7,Tuesday,8,1,0,Residential,Cloudy,7,35,40,Auto,2,11,Under Construction,9,0,1,1,8,26,68,Intersection,High
9,Sunday,5,1,1,Urban Road,Clear,4,58,40,Motorcycle,2,9,Wet,10,0,0,2,5,31,60,T-Junction,High
6,Wednesday,8,0,0,Urban Road,Clear,7,21,40,Bus,5,1,Wet,5,0,0,0,7,37,70,No Junction,Medium
9,Wednesday,12,1,0,Urban Road,Clear,10,29,40,Car,1,0,Dry,5,0,0,0,7,27,100,T-Junction,Medium
19,Tuesday,3,1,0,Highway,Rainy,9,10,80,Car,2,9,Dry,5,1,0,0,5,26,89,No Junction,High
11,Tuesday,12,0,0,State Highway,Rainy,4,30,60,Auto,2,3,Wet,5,0,0,0,5,23,86,T-Junction,Medium
6,Thursday,7,0,0,National Highway,Clear,2,10,80,Truck,5,7,Wet,3,1,1,0,5,37,45,Intersection,High
10,Saturday,8,1,1,National Highway,Clear,9,38,80,Car,3,6,Wet,9,0,0,0,7,23,58,Y-Junction,High
23,Thursday,7,0,0,Residential,Clear,2,50,40,Car,1,1,Wet,15,1,0,1,5,26,66,No Junction,High
17,Wednesday,2,1,0,Urban Road,Clear,7,10,40,Truck,3,5,Dry,10,0,0,1,5,30,56,No Junction,Medium
12,Thursday,8,0,0,Urban Road,Heavy Rain,6,67,40,Car,1,9,Slippery,10,0,1,0,4,33,80,Intersection,High
7,Wednesday,6,1,0,Residential,Heavy Rain,9,11,40,Car,2,6,Dry,9,0,0,0,5,25,78,T-Junction,High
23,Monday,10,0,0,State Highway,Clear,7,57,60,Car,1,1,Under Construction,3,0,0,1,9,26,37,Y-Junction,Medium
19,Wednesday,3,1,0,Urban Road,Foggy,6,10,40,Motorcycle,2,6,Dry,7,0,0,0,3,26,61,Intersection,High
9,Wednesday,4,1,0,National Highway,Clear,5,48,80,Car,3,8,Wet,10,0,0,1,8,19,36,Intersection,High
6,Thursday,7,0,0,Urban Road,Foggy,2,63,40,Car,1,6,Dry,4,1,0,0,3,30,46,No Junction,High
5,Saturday,3,0,1,Urban Road,Foggy,1,45,40,Car,3,6,Wet,6,0,1,0,3,24,77,No Junction,High
7,Monday,1,1,0,National Highway,Clear,7,11,80,Motorcycle,2,6,Wet,4,0,0,0,8,25,84,T-Junction,Medium
16,Friday,6,0,0,National Highway,Rainy,7,13,80,Bus,1,0,Dry,6,0,0,0,6,30,22,No Junction,Low
21,Friday,3,0,0,Residential,Cloudy,3,63,40,Bus,4,3,Wet,13,0,0,0,7,28,67,Intersection,High
14,Saturday,11,0,1,Urban Road,Clear,4,24,40,Car,2,5,Wet,12,0,0,0,6,38,86,T-Junction,Medium
20,Friday,10,1,0,Urban Road,Clear,8,10,40,Motorcycle,3,4,Under Construction,8,0,0,0,8,38,30,T-Junction,Medium
13,Monday,6,0,0,Highway,Rainy,4,61,80,Auto,2,4,Dry,12,0,1,3,9,36,63,Intersection,High
18,Tuesday,10,1,0,Residential,Rainy,8,22,40,Car,2,3,Slippery,10,0,1,0,7,40,24,T-Junction,High
18,Monday,12,1,0,Urban Road,Cloudy,10,10,40,Motorcycle,2,7,Slippery,7,0,0,0,6,37,64,T-Junction,Medium
7,Thursday,3,1,0,Residential,Rainy,6,15,40,Motorcycle,2,7,Dry,4,1,0,2,9,18,91,Intersection,High
11,Sunday,6,0,1,Urban Road,Clear,4,86,40,Bus,4,11,Good,6,1,0,2,6,31,70,T-Junction,High
17,Wednesday,11,1,0,Urban Road,Foggy,7,13,40,Motorcycle,2,5,Dry,7,1,0,0,1,29,55,No Junction,High
6,Wednesday,4,0,0,Residential,Clear,1,39,40,Car,3,11,Dry,6,1,1,2,5,29,86,T-Junction,High
11,Thursday,4,0,0,National Highway,Clear,1,40,80,Truck,2,0,Dry,7,1,0,0,9,25,47,Roundabout,Medium
15,Thursday,10,0,0,Highway,Rainy,5,21,80,Motorcycle,5,8,Wet,4,0,0,0,7,17,95,T-Junction,High
23,Sunday,10,0,1,State Highway,Clear,3,33,60,Motorcycle,1,1,Good,4,0,0,0,7,24,68,No Junction,Low
13,Sunday,11,0,1,Urban Road,Cloudy,2,50,40,Car,2,12,Wet,3,0,0,0,7,23,56,No Junction,Medium
19,Wednesday,2,1,0,Residential,Rainy,7,10,40,Car,1,0,Under Construction,9,0,0,0,6,32,72,T-Junction,Low
12,Sunday,4,0,1,National Highway,Foggy,5,10,80,Auto,1,4,Good,5,0,1,1,4,26,73,No Junction,Medium
19,Sunday,11,1,1,Urban Road,Clear,3,10,40,Bus,1,4,Wet,8,0,0,0,7,35,90,Intersection,Medium
16,Sunday,12,0,1,Highway,Rainy,2,55,80,Auto,2,0,Wet,8,1,0,1,7,38,76,Roundabout,High
20,Saturday,4,1,1,Urban Road,Clear,1,13,40,Auto,1,2,Dry,9,1,0,1,6,23,82,Roundabout,Medium
12,Tuesday,11,0,0,Urban Road,Clear,6,40,40,Car,2,5,Wet,6,0,1,3,8,21,63,No Junction,Medium
16,Sunday,7,0,1,Residential,Rainy,6,56,40,Car,4,3,Dry,4,0,0,0,7,30,55,No Junction,High
17,Tuesday,5,1,0,Highway,Clear,7,29,80,Motorcycle,1,4,Wet,13,0,0,0,9,31,64,Intersection,Medium
12,Tuesday,8,0,0,Highway,Cloudy,1,49,80,Motorcycle,2,6,Under Construction,5,0,1,0,7,28,82,Intersection,Medium
7,Thursday,7,1,0,Residential,Heavy Rain,9,14,40,Bicycle,1,0,Slippery,13,1,1,1,5,21,75,Intersection,High
6,Sunday,10,0,1,Residential,Clear,4,40,40,Car,1,10,Wet,3,0,1,0,8,30,50,T-Junction,Medium
1,Wednesday,9,0,0,Urban Road,Foggy,3,39,40,Car,3,6,Under Construction,4,0,1,1,1,26,43,T-Junction,High
20,Saturday,8,1,1,Residential,Clear,7,10,40,Motorcycle,2,0,Slippery,3,0,1,1,9,32,78,Intersection,High
8,Wednesday,9,1,0,Residential,Rainy,7,15,40,Motorcycle,1,5,Wet,8,0,0,1,8,26,99,Y-Junction,Medium
8,Sunday,1,1,1,Highway,Clear,4,45,80,Motorcycle,2,8,Wet,9,0,0,2,7,32,63,Y-Junction,High
18,Wednesday,10,1,0,Residential,Heavy Rain,4,49,40,Bus,5,5,Dry,3,0,0,0,3,33,84,Y-Junction,High
10,Sunday,12,1,1,State Highway,Cloudy,4,23,60,Motorcycle,3,7,Wet,8,0,0,2,6,24,41,Intersection,High
14,Saturday,3,0,1,Urban Road,Rainy,4,47,40,Car,2,8,Wet,6,0,0,0,7,32,83,Roundabout,Medium
7,Monday,5,1,0,State Highway,Clear,8,24,60,Motorcycle,5,0,Wet,3,1,0,0,7,31,61,No Junction,High
22,Saturday,9,0,1,State Highway,Foggy,2,46,60,Auto,3,3,Slippery,7,0,0,0,2,26,77,Intersection,High
20,Monday,8,1,0,State Highway,Rainy,5,28,60,Auto,2,13,Dry,10,0,0,0,6,35,100,No Junction,Low
20,Friday,10,1,0,Residential,Rainy,5,28,40,Truck,2,3,Slippery,12,0,0,1,7,20,80,No Junction,Medium
12,Monday,7,0,0,Residential,Foggy,6,30,40,Truck,4,8,Slippery,3,0,0,0,1,25,48,Intersection,High
18,Tuesday,2,1,0,State Highway,Clear,8,15,60,Motorcycle,1,11,Good,11,0,0,3,9,34,42,Intersection,Medium
7,Tuesday,11,1,0,Residential,Clear,6,36,40,Car,2,6,Dry,10,0,0,3,7,29,29,Intersection,High
0,Saturday,6,0,1,Urban Road,Clear,1,30,40,Motorcycle,2,3,Dry,6,0,0,0,5,27,65,T-Junction,Low
1,Tuesday,4,0,0,Highway,Clear,5,10,80,Motorcycle,1,8,Slippery,3,0,0,1,7,26,48,T-Junction,Medium
16,Tuesday,5,0,0,Urban Road,Clear,1,32,40,Motorcycle,1,7,Wet,8,0,1,0,5,23,29,Y-Junction,Medium
13,Friday,5,0,0,Urban Road,Cloudy,2,39,40,Bus,2,4,Slippery,3,0,0,2,7,36,89,Intersection,Medium
14,Tuesday,4,0,0,Urban Road,Clear,6,32,40,Car,2,5,Good,8,0,0,0,7,29,68,T-Junction,Low
0,Thursday,4,0,0,Urban Road,Clear,9,27,40,Motorcycle,2,4,Dry,6,0,1,1,5,28,71,Roundabout,Medium
12,Thursday,4,0,0,National Highway,Clear,1,34,80,Car,2,1,Wet,5,0,0,1,9,34,45,Y-Junction,Medium
18,Thursday,11,1,0,National Highway,Foggy,7,54,80,Bus,3,6,Dry,8,0,0,2,3,34,82,T-Junction,High
13,Monday,2,0,0,State Highway,Clear,1,58,60,Car,3,13,Under Construction,14,0,0,2,9,29,57,No Junction,Medium
18,Saturday,1,1,1,National Highway,Clear,5,17,80,Motorcycle,1,9,Dry,12,0,0,0,9,42,46,T-Junction,Medium
8,Saturday,12,1,1,National Highway,Rainy,4,20,80,Car,1,13,Dry,7,0,0,1,5,19,73,T-Junction,Medium
19,Wednesday,2,1,0,State Highway,Heavy Rain,7,15,60,Auto,1,8,Dry,8,0,0,0,2,37,55,No Junction,High
16,Friday,7,0,0,Highway,Clear,5,48,80,Car,3,9,Slippery,7,0,1,0,5,30,93,T-Junction,High
8,Thursday,12,1,0,Urban Road,Clear,8,44,40,Car,1,5,Wet,7,0,0,0,6,32,69,T-Junction,High
8,Thursday,1,1,0,Urban Road,Clear,4,60,40,Car,5,3,Dry,12,0,0,0,7,20,23,No Junction,High
17,Tuesday,6,1,0,Highway,Foggy,7,33,80,Car,3,3,Dry,8,0,0,0,1,22,75,No Junction,High
19,Thursday,4,1,0,State Highway,Clear,7,10,60,Car,2,9,Dry,9,0,0,0,8,27,100,Y-Junction,Low
12,Tuesday,2,0,0,Highway,Foggy,4,66,80,Bus,1,9,Slippery,9,0,0,0,3,30,47,Roundabout,High
8,Tuesday,3,1,0,Urban Road,Clear,8,12,40,Truck,1,7,Dry,7,0,0,1,7,29,33,T-Junction,Medium
20,Wednesday,7,1,0,Highway,Clear,9,12,80,Bus,2,7,Wet,4,1,0,0,6,27,100,T-Junction,High
17,Monday,6,1,0,Urban Road,Rainy,7,20,40,Motorcycle,2,11,Wet,5,0,1,2,6,24,49,T-Junction,High
13,Tuesday,6,0,0,Residential,Cloudy,1,34,40,Motorcycle,1,0,Good,8,0,0,0,8,28,67,Intersection,Low
14,Tuesday,8,0,0,Residential,Clear,7,27,40,Motorcycle,1,6,Dry,9,0,0,0,7,17,38,Roundabout,Medium
8,Saturday,8,1,1,Urban Road,Clear,5,10,40,Bus,1,12,Wet,4,0,0,3,6,40,49,Y-Junction,Medium
17,Wednesday,6,1,0,Residential,Clear,8,38,40,Car,2,9,Dry,5,0,0,2,5,27,57,Roundabout,High
11,Tuesday,1,0,0,Residential,Rainy,4,13,40,Motorcycle,2,0,Wet,6,0,0,0,9,23,71,Y-Junction,Low
23,Friday,10,0,0,State Highway,Clear,1,77,60,Motorcycle,2,8,Slippery,5,0,0,1,9,23,46,No Junction,Medium
14,Monday,7,0,0,Urban Road,Clear,3,52,40,Car,4,6,Wet,3,0,0,1,6,21,67,Intersection,High
14,Friday,8,0,0,Highway,Clear,6,35,80,Truck,2,10,Under Construction,4,1,0,3,8,34,44,Intersection,High
16,Thursday,5,0,0,Highway,Clear,2,30,80,Car,4,4,Wet,7,0,1,1,6,31,71,No Junction,High
21,Monday,11,0,0,State Highway,Rainy,4,73,60,Motorcycle,1,9,Dry,9,0,1,0,8,27,59,No Junction,Medium
19,Thursday,4,1,0,Urban Road,Clear,9,48,40,Car,3,0,Slippery,5,0,1,0,7,27,62,T-Junction,High
13,Saturday,7,0,1,Highway,Rainy,5,39,80,Motorcycle,2,15,Wet,9,0,0,0,5,25,54,No Junction,Medium
18,Sunday,12,1,1,Highway,Clear,9,10,80,Car,2,13,Wet,8,0,0,0,7,15,80,Intersection,High
16,Sunday,12,0,1,State Highway,Cloudy,3,28,60,Truck,2,6,Good,10,0,0,3,5,32,81,Intersection,Medium
14,Sunday,11,0,1,Residential,Clear,5,34,40,Motorcycle,2,1,Slippery,12,0,1,3,8,28,58,T-Junction,Medium
8,Tuesday,6,1,0,Urban Road,Clear,7,10,40,Truck,3,10,Under Construction,5,0,0,0,6,31,57,No Junction,Medium
13,Wednesday,12,0,0,Residential,Cloudy,1,45,40,Bus,1,10,Wet,6,0,0,2,6,33,100,Y-Junction,Medium
8,Friday,6,1,0,Highway,Cloudy,9,10,80,Motorcycle,2,13,Dry,4,0,0,0,6,34,74,No Junction,Medium
21,Thursday,3,0,0,Urban Road,Clear,4,30,40,Auto,2,4,Good,12,1,0,0,6,28,78,No Junction,Medium
10,Tuesday,11,1,0,Urban Road,Cloudy,7,25,40,Car,5,6,Dry,6,0,0,0,7,28,92,T-Junction,High
22,Sunday,10,0,1,Urban Road,Cloudy,5,28,40,Car,1,4,Under Construction,8,0,1,1,7,34,58,Y-Junction,Medium
15,Friday,4,0,0,State Highway,Clear,4,28,60,Auto,2,5,Good,9,0,1,2,8,27,93,Intersection,Medium
17,Friday,5,1,0,Residential,Clear,3,26,40,Car,3,0,Under Construction,12,0,0,0,5,35,26,T-Junction,Medium
15,Saturday,9,0,1,Residential,Foggy,1,33,40,Car,4,11,Dry,3,0,1,0,3,34,100,T-Junction,High
7,Saturday,8,1,1,Urban Road,Clear,5,12,40,Car,3,3,Under Construction,10,0,1,0,5,24,51,T-Junction,High
11,Sunday,3,0,1,Urban Road,Rainy,2,91,40,Car,5,3,Slippery,3,0,0,0,6,23,75,No Junction,High
6,Thursday,6,0,0,Urban Road,Clear,4,25,40,Auto,2,0,Slippery,4,1,0,2,7,21,78,Intersection,High
17,Sunday,10,1,1,Residential,Rainy,3,38,40,Bus,3,2,Slippery,7,0,1,0,9,33,54,No Junction,Medium
13,Sunday,1,0,1,Urban Road,Foggy,2,25,40,Car,4,8,Wet,7,1,1,1,2,11,84,T-Junction,High
19,Tuesday,3,1,0,Urban Road,Cloudy,5,10,40,Truck,2,2,Dry,12,0,0,0,6,12,83,Roundabout,Medium
8,Wednesday,10,1,0,Residential,Heavy Rain,5,10,40,Bus,1,0,Wet,8,0,1,0,2,30,64,No Junction,High
7,Sunday,12,1,1,National Highway,Rainy,5,23,80,Car,1,8,Dry,7,0,0,0,5,18,46,Y-Junction,Medium
12,Thursday,7,0,0,Highway,Clear,6,17,80,Car,4,11,Slippery,8,0,0,0,5,21,94,T-Junction,High
21,Friday,7,0,0,Highway,Clear,7,10,80,Motorcycle,1,5,Wet,11,0,0,3,8,29,71,No Junction,Medium
18,Friday,2,1,0,Highway,Clear,9,10,80,Motorcycle,2,11,Wet,5,0,0,1,6,18,89,Intersection,High
12,Monday,3,0,0,Residential,Cloudy,4,38,40,Motorcycle,4,5,Dry,3,0,1,0,8,19,20,No Junction,Medium
14,Sunday,7,0,1,Highway,Clear,2,58,80,Bus,2,7,Dry,8,0,0,3,5,37,77,No Junction,High
6,Tuesday,12,0,0,Residential,Rainy,2,42,40,Bicycle,1,6,Wet,8,1,0,2,7,30,54,T-Junction,High
23,Monday,6,0,0,Residential,Clear,5,18,40,Auto,1,12,Slippery,7,0,0,0,6,33,63,No Junction,Low
17,Saturday,7,1,1,Urban Road,Clear,5,47,40,Auto,1,7,Wet,12,0,0,3,8,24,82,Y-Junction,High
9,Wednesday,10,1,0,Highway,Clear,7,56,80,Car,2,3,Slippery,10,0,1,1,8,38,27,No Junction,High
16,Thursday,9,0,0,Urban Road,Cloudy,5,40,40,Auto,2,3,Wet,3,0,1,1,5,10,51,No Junction,High
6,Sunday,8,0,1,Highway,Foggy,6,60,80,Bicycle,1,1,Under Construction,6,0,0,0,2,18,72,Intersection,High
22,Friday,6,0,0,Highway,Clear,5,49,80,Motorcycle,1,3,Dry,9,0,0,1,5,17,31,No Junction,Medium
7,Tuesday,12,1,0,Urban Road,Clear,7,57,40,Bus,4,14,Dry,9,0,0,0,7,22,71,Y-Junction,High
17,Friday,4,1,0,Residential,Clear,5,27,40,Motorcycle,1,5,Dry,11,0,0,0,8,35,41,T-Junction,Medium
8,Sunday,10,1,1,Highway,Foggy,9,30,80,Bicycle,2,0,Dry,12,1,0,0,3,39,100,No Junction,High
18,Saturday,9,1,1,Residential,Clear,5,51,40,Motorcycle,2,6,Good,9,0,0,0,5,28,76,No Junction,Medium
19,Monday,7,1,0,Urban Road,Cloudy,6,23,40,Motorcycle,1,6,Good,9,0,0,1,7,31,79,No Junction,Low
17,Sunday,5,1,1,Residential,Clear,6,36,40,Car,1,5,Under Construction,3,0,1,0,8,13,45,T-Junction,Medium
17,Monday,2,1,0,State Highway,Rainy,5,26,60,Bus,2,3,Wet,5,0,0,0,7,31,65,No Junction,Medium
21,Thursday,9,0,0,State Highway,Rainy,6,18,60,Car,4,9,Dry,6,1,0,1,7,24,57,Roundabout,High
6,Tuesday,7,0,0,Urban Road,Clear,8,10,40,Truck,2,14,Slippery,3,0,0,0,7,21,74,T-Junction,Low
10,Saturday,9,1,1,Residential,Clear,4,52,40,Car,2,6,Wet,10,0,0,0,8,25,79,T-Junction,Medium
8,Tuesday,11,1,0,State Highway,Clear,7,50,60,Truck,2,4,Good,8,0,1,0,9,26,62,No Junction,Medium
23,Thursday,9,0,0,Highway,Rainy,4,34,80,Car,2,13,Dry,13,0,0,1,5,35,67,T-Junction,Medium
11,Saturday,10,0,1,Residential,Heavy Rain,4,21,40,Car,2,0,Dry,9,0,0,3,4,18,59,No Junction,High
18,Saturday,5,1,1,State Highway,Clear,7,30,60,Truck,2,0,Good,8,0,0,0,7,21,100,No Junction,Medium
17,Monday,7,1,0,Urban Road,Clear,7,27,40,Motorcycle,2,1,Good,12,0,0,1,7,35,42,Intersection,Medium
8,Monday,5,1,0,Urban Road,Clear,8,10,40,Motorcycle,2,15,Under Construction,5,0,0,0,9,20,37,T-Junction,Medium
8,Monday,3,1,0,Residential,Clear,4,56,40,Car,1,11,Wet,3,1,0,2,6,16,71,No Junction,High
9,Friday,10,1,0,Highway,Clear,8,10,80,Auto,1,5,Under Construction,10,0,0,0,5,42,52,No Junction,Medium
12,Wednesday,8,0,0,Urban Road,Clear,5,29,40,Motorcycle,3,5,Dry,9,0,1,0,6,21,44,T-Junction,Medium
8,Sunday,8,1,1,Urban Road,Clear,10,10,40,Motorcycle,3,0,Dry,7,1,0,0,7,27,72,Intersection,High
1,Monday,9,0,0,Highway,Clear,4,17,80,Bicycle,2,7,Wet,6,1,0,0,5,26,43,No Junction,Medium
20,Wednesday,11,1,0,Highway,Clear,10,10,80,Motorcycle,2,13,Under Construction,5,0,1,0,5,36,67,T-Junction,High
22,Wednesday,12,0,0,Urban Road,Rainy,7,32,40,Bus,2,3,Dry,7,1,0,2,7,28,60,T-Junction,High
10,Tuesday,6,1,0,Highway,Rainy,8,10,80,Car,1,4,Wet,8,0,0,0,6,29,63,Y-Junction,Medium
10,Thursday,2,1,0,Residential,Clear,7,31,40,Car,5,10,Wet,10,0,0,1,6,32,47,No Junction,High
0,Friday,3,0,0,Urban Road,Clear,8,25,40,Truck,4,9,Wet,3,0,0,1,8,33,46,Roundabout,Medium
17,Wednesday,11,1,0,Highway,Cloudy,5,22,80,Motorcycle,4,6,Dry,11,0,0,0,8,33,58,No Junction,Medium
19,Sunday,12,1,1,Urban Road,Clear,7,13,40,Car,2,4,Dry,7,0,0,3,9,36,97,T-Junction,Medium
7,Friday,10,1,0,Highway,Clear,10,20,80,Car,2,6,Under Construction,8,0,1,0,9,23,34,Roundabout,Medium
7,Tuesday,11,1,0,Urban Road,Clear,6,24,40,Car,4,6,Wet,5,0,0,0,6,22,74,No Junction,Medium
19,Monday,6,1,0,Urban Road,Clear,8,42,40,Motorcycle,2,6,Slippery,9,1,1,3,7,25,41,T-Junction,High
17,Saturday,1,1,1,Residential,Clear,4,11,40,Bus,1,7,Dry,13,0,0,0,6,23,68,T-Junction,Low
4,Wednesday,2,0,0,Urban Road,Foggy,8,66,40,Motorcycle,2,10,Dry,10,0,1,0,3,32,65,T-Junction,High
17,Thursday,8,1,0,Urban Road,Clear,6,53,40,Car,1,10,Dry,6,0,1,0,8,15,69,No Junction,Medium
9,Saturday,11,1,1,Residential,Clear,5,48,40,Motorcycle,3,9,Dry,3,0,0,0,8,35,99,No Junction,Medium
11,Tuesday,8,0,0,Urban Road,Rainy,3,36,40,Car,2,9,Dry,6,0,0,1,6,30,83,No Junction,Medium
18,Friday,6,1,0,Residential,Clear,6,39,40,Car,2,11,Dry,6,0,0,1,5,17,63,No Junction,Medium
19,Sunday,3,1,1,State Highway,Clear,5,36,60,Motorcycle,2,7,Wet,9,0,0,0,6,28,94,Roundabout,Medium
12,Monday,2,0,0,Urban Road,Rainy,5,20,40,Bicycle,2,6,Under Construction,6,0,0,0,6,30,45,No Junction,Medium
22,Friday,6,0,0,National Highway,Cloudy,4,21,80,Car,4,0,Under Construction,5,0,0,0,6,33,41,No Junction,Medium
12,Thursday,1,0,0,National Highway,Clear,1,43,80,Auto,1,4,Good,6,0,1,3,5,27,99,Intersection,High
19,Wednesday,10,1,0,Urban Road,Clear,8,10,40,Bicycle,2,0,Slippery,7,0,0,0,8,27,67,T-Junction,Medium
14,Thursday,6,0,0,State Highway,Clear,8,11,60,Bus,1,4,Dry,7,0,1,0,7,27,79,Y-Junction,Medium
21,Friday,9,0,0,State Highway,Foggy,2,35,60,Motorcycle,1,5,Dry,6,0,0,0,4,34,44,Intersection,Medium
21,Friday,7,0,0,National Highway,Clear,5,42,80,Bus,1,9,Dry,3,0,1,2,5,39,52,Intersection,High
6,Saturday,9,0,1,Residential,Rainy,9,29,40,Car,3,1,Slippery,9,0,1,0,8,29,96,No Junction,High
22,Thursday,2,0,0,Residential,Clear,4,10,40,Auto,2,9,Dry,4,0,0,1,6,24,25,Intersection,Low
19,Thursday,11,1,0,Highway,Clear,6,51,80,Motorcycle,2,5,Dry,10,0,0,0,7,30,70,Intersection,Medium
19,Thursday,5,1,0,Urban Road,Clear,5,10,40,Motorcycle,4,2,Dry,11,0,0,0,9,39,90,Intersection,Medium
8,Monday,9,1,0,Urban Road,Rainy,9,10,40,Truck,4,0,Good,4,1,0,1,9,28,29,No Junction,High
19,Sunday,7,1,1,Urban Road,Foggy,7,32,40,Auto,1,5,Slippery,13,0,0,0,1,23,65,Roundabout,High
20,Friday,9,1,0,National Highway,Rainy,5,48,80,Car,2,6,Dry,11,0,1,1,6,37,20,Roundabout,High
9,Tuesday,11,1,0,Highway,Foggy,7,20,80,Motorcycle,1,5,Dry,8,0,0,0,1,29,61,T-Junction,High
22,Monday,6,0,0,Residential,Clear,3,50,40,Truck,1,9,Dry,5,0,1,1,7,28,70,Intersection,Medium
4,Monday,7,0,0,Highway,Heavy Rain,3,55,80,Motorcycle,4,9,Dry,3,1,0,2,2,19,69,No Junction,High
7,Monday,10,1,0,Highway,Clear,5,25,80,Car,3,10,Dry,8,1,0,0,5,28,86,Roundabout,High
15,Saturday,5,0,1,Urban Road,Clear,3,48,40,Car,3,4,Dry,8,0,0,0,6,33,68,Roundabout,Medium
16,Sunday,6,0,1,Highway,Clear,2,34,80,Car,1,3,Wet,10,0,0,1,9,25,69,No Junction,Low
17,Sunday,1,1,1,National Highway,Heavy Rain,6,17,80,Car,1,5,Dry,3,1,0,1,5,26,73,Intersection,High
1,Tuesday,1,0,0,Urban Road,Clear,8,40,40,Car,1,6,Good,10,1,0,1,8,28,58,Intersection,Medium
22,Thursday,2,0,0,Highway,Foggy,3,65,80,Car,1,6,Dry,11,1,0,0,3,28,65,No Junction,High
4,Saturday,11,0,1,Highway,Clear,2,39,80,Truck,1,5,Good,9,1,1,0,6,29,39,No Junction,Medium
7,Friday,4,1,0,Urban Road,Foggy,7,10,40,Car,3,3,Slippery,3,0,0,0,2,38,100,Roundabout,High
1,Wednesday,11,0,0,Highway,Clear,3,94,80,Car,5,0,Under Construction,7,0,0,0,7,25,73,T-Junction,High
16,Saturday,9,0,1,Urban Road,Foggy,2,49,40,Motorcycle,4,13,Slippery,4,0,0,1,3,24,50,T-Junction,High
22,Wednesday,7,0,0,Urban Road,Clear,5,10,40,Motorcycle,1,3,Wet,4,0,1,1,6,23,95,Intersection,High
17,Friday,6,1,0,Highway,Clear,6,11,80,Motorcycle,1,2,Wet,4,0,1,0,5,26,100,Y-Junction,High
19,Tuesday,1,1,0,Urban Road,Rainy,6,10,40,Motorcycle,2,10,Dry,8,0,1,2,8,21,53,T-Junction,High
1,Sunday,5,0,1,State Highway,Clear,5,38,60,Motorcycle,1,5,Dry,5,0,0,0,8,26,52,No Junction,Low
15,Wednesday,11,0,0,Urban Road,Clear,4,41,40,Car,2,6,Dry,7,0,0,2,9,32,100,Roundabout,Medium
13,Monday,12,0,0,Urban Road,Clear,7,29,40,Motorcycle,3,9,Dry,9,0,0,0,6,34,43,Intersection,Medium
14,Saturday,4,0,1,Residential,Rainy,4,30,40,Motorcycle,3,9,Dry,7,0,0,1,8,21,75,Intersection,Medium
6,Wednesday,5,0,0,Residential,Clear,2,42,40,Bus,2,7,Dry,6,0,0,0,5,25,59,No Junction,Medium
17,Friday,11,1,0,State Highway,Heavy Rain,7,31,60,Car,1,6,Under Construction,7,1,0,0,2,31,84,T-Junction,High
14,Sunday,9,0,1,State Highway,Cloudy,3,60,60,Bus,1,10,Under Construction,12,0,0,3,7,24,79,T-Junction,Medium
18,Monday,12,1,0,Urban Road,Clear,4,23,40,Truck,2,5,Wet,11,0,0,0,5,33,69,Intersection,Medium
14,Wednesday,3,0,0,Highway,Clear,4,44,80,Car,4,5,Dry,3,0,0,0,5,26,72,No Junction,Medium
7,Sunday,4,1,1,Urban Road,Cloudy,5,39,40,Motorcycle,1,3,Dry,6,0,0,1,8,18,46,Intersection,Medium
17,Friday,8,1,0,State Highway,Clear,10,34,60,Motorcycle,2,7,Dry,8,0,1,2,8,30,65,T-Junction,High
7,Tuesday,3,1,0,Highway,Clear,6,11,80,Car,3,4,Wet,14,0,1,3,9,32,64,Intersection,High
20,Friday,3,1,0,Residential,Foggy,7,54,40,Auto,2,9,Good,7,0,0,0,3,22,52,T-Junction,High
17,Tuesday,9,1,0,Residential,Clear,5,43,40,Car,4,0,Dry,6,0,1,2,9,24,52,Intersection,High
7,Sunday,5,1,1,Urban Road,Cloudy,5,24,40,Car,4,2,Wet,7,0,0,1,7,24,49,Y-Junction,Medium
22,Sunday,10,0,1,Urban Road,Rainy,5,33,40,Motorcycle,4,12,Slippery,7,1,0,2,6,29,83,Y-Junction,High
14,Monday,1,0,0,Urban Road,Rainy,10,23,40,Truck,3,0,Dry,8,0,0,1,9,23,66,Y-Junction,Low
6,Friday,7,0,0,Highway,Rainy,5,14,80,Car,1,1,Good,9,0,0,2,9,26,44,No Junction,Medium
17,Thursday,7,1,0,Urban Road,Clear,3,15,40,Auto,2,10,Dry,7,0,1,0,8,21,82,T-Junction,Medium
8,Saturday,6,1,1,Highway,Foggy,9,10,80,Motorcycle,2,1,Good,13,1,0,0,3,26,87,No Junction,High
19,Thursday,6,1,0,Residential,Rainy,8,27,40,Car,2,0,Wet,8,0,1,0,8,27,58,T-Junction,High
19,Thursday,3,1,0,State Highway,Clear,1,33,60,Motorcycle,2,7,Dry,11,0,1,1,5,25,51,No Junction,Medium
23,Thursday,3,0,0,Residential,Cloudy,1,54,40,Car,3,14,Dry,8,0,0,0,6,17,92,Roundabout,Medium
14,Saturday,10,0,1,Residential,Foggy,3,59,40,Car,2,8,Dry,6,0,0,0,3,39,100,Intersection,High
13,Thursday,11,0,0,Urban Road,Clear,3,59,40,Car,3,0,Dry,9,0,0,1,9,30,88,T-Junction,Medium
18,Tuesday,9,1,0,Highway,Clear,6,10,80,Motorcycle,1,5,Good,3,1,0,2,8,24,63,Intersection,High
7,Friday,1,1,0,Highway,Rainy,5,19,80,Car,2,9,Slippery,7,0,0,2,5,30,50,No Junction,High
15,Sunday,7,0,1,Urban Road,Clear,5,10,40,Bicycle,2,3,Wet,3,0,0,1,7,32,24,Intersection,Medium
15,Monday,12,0,0,State Highway,Cloudy,7,16,60,Car,2,0,Wet,4,0,0,3,7,30,89,No Junction,High
6,Thursday,11,0,0,National Highway,Cloudy,2,10,80,Auto,2,4,Dry,5,0,0,1,5,32,35,T-Junction,Medium
12,Sunday,10,0,1,Urban Road,Clear,8,43,40,Car,5,3,Dry,7,0,0,0,9,34,47,T-Junction,High
20,Thursday,7,1,0,Urban Road,Rainy,9,10,40,Motorcycle,2,2,Dry,9,1,0,0,6,23,56,Intersection,High
20,Monday,8,1,0,Urban Road,Cloudy,1,16,40,Motorcycle,2,7,Dry,3,0,0,2,6,26,76,Y-Junction,Medium
6,Monday,6,0,0,Urban Road,Clear,3,22,40,Car,3,0,Dry,6,0,0,3,8,28,20,No Junction,Medium
6,Thursday,8,0,0,Residential,Rainy,2,63,40,Car,2,9,Wet,6,1,0,2,7,30,66,No Junction,High
9,Tuesday,1,1,0,Residential,Clear,5,27,40,Car,2,1,Dry,14,0,0,0,5,29,99,Intersection,Medium
20,Sunday,1,1,1,State Highway,Foggy,1,24,60,Car,2,5,Good,7,0,0,1,2,15,52,T-Junction,High
7,Monday,9,1,0,Residential,Foggy,7,10,40,Motorcycle,2,1,Dry,4,0,0,0,4,45,79,Roundabout,Medium
18,Friday,12,1,0,Urban Road,Clear,5,32,40,Motorcycle,5,6,Dry,10,0,1,0,7,38,55,No Junction,High
6,Sunday,4,0,1,National Highway,Cloudy,5,10,80,Auto,5,0,Slippery,7,0,0,0,5,24,70,Intersection,High
17,Friday,3,1,0,Residential,Clear,10,10,40,Car,2,6,Slippery,10,0,0,0,5,32,62,No Junction,Medium
11,Sunday,6,0,1,Urban Road,Cloudy,7,64,40,Car,1,2,Good,11,0,0,0,5,23,44,T-Junction,Medium
19,Tuesday,10,1,0,Urban Road,Cloudy,5,44,40,Bus,1,4,Wet,5,0,0,0,8,21,74,No Junction,Medium
8,Saturday,12,1,1,State Highway,Foggy,5,10,60,Bus,4,12,Dry,6,1,0,1,2,22,69,Y-Junction,High
17,Wednesday,12,1,0,Urban Road,Cloudy,8,41,40,Truck,1,2,Good,6,0,0,0,6,25,66,No Junction,Medium
8,Tuesday,9,1,0,Urban Road,Clear,10,10,40,Car,2,4,Good,10,0,1,0,9,30,95,Intersection,Medium
18,Thursday,10,1,0,Urban Road,Clear,7,34,40,Auto,1,4,Good,12,0,0,0,7,31,63,No Junction,Medium
20,Wednesday,11,1,0,State Highway,Clear,4,36,60,Motorcycle,2,4,Under Construction,12,0,0,0,6,26,72,T-Junction,Medium
7,Thursday,4,1,0,Urban Road,Clear,8,12,40,Motorcycle,2,7,Dry,7,0,0,0,8,18,50,Y-Junction,Medium
20,Friday,9,1,0,Residential,Rainy,4,31,40,Car,3,5,Under Construction,12,0,0,0,6,30,78,No Junction,Medium
16,Monday,5,0,0,State Highway,Cloudy,2,68,60,Car,2,3,Good,9,0,0,2,6,36,41,Intersection,High
7,Sunday,7,1,1,National Highway,Rainy,8,48,80,Car,2,8,Wet,6,0,1,0,6,26,67,Y-Junction,High
12,Thursday,3,0,0,State Highway,Rainy,7,34,60,Motorcycle,2,0,Slippery,5,0,1,1,5,27,55,Intersection,High
7,Friday,3,1,0,Highway,Clear,10,10,80,Motorcycle,3,15,Slippery,9,0,0,1,7,40,73,No Junction,High
18,Tuesday,12,1,0,Urban Road,Cloudy,10,10,40,Car,2,6,Dry,12,0,0,1,8,33,49,Intersection,Medium
18,Thursday,3,1,0,Urban Road,Rainy,8,58,40,Truck,4,6,Wet,11,0,0,0,7,22,74,Intersection,High
6,Friday,8,0,0,Urban Road,Foggy,4,52,40,Car,1,8,Under Construction,5,0,0,0,1,21,65,Y-Junction,High
14,Monday,6,0,0,National Highway,Heavy Rain,2,59,80,Truck,5,6,Wet,9,0,0,0,3,20,91,Intersection,High
19,Sunday,9,1,1,State Highway,Cloudy,5,30,60,Bus,2,5,Wet,5,1,0,0,5,30,29,T-Junction,High
22,Thursday,9,0,0,Urban Road,Rainy,4,54,40,Motorcycle,1,1,Wet,8,0,0,1,8,37,46,Intersection,Medium
14,Saturday,8,0,1,Highway,Cloudy,3,34,80,Car,2,9,Dry,9,0,0,0,8,31,53,T-Junction,Low
22,Friday,1,0,0,Highway,Rainy,4,45,80,Car,2,12,Wet,8,0,0,0,9,22,70,T-Junction,Medium
15,Thursday,6,0,0,Urban Road,Foggy,4,19,40,Car,3,6,Wet,10,0,0,0,4,33,73,Roundabout,Medium
12,Monday,4,0,0,Highway,Rainy,5,10,80,Motorcycle,5,1,Dry,5,1,0,0,7,23,76,Intersection,High
20,Sunday,4,1,1,Residential,Clear,3,11,40,Bus,4,7,Under Construction,12,0,0,1,5,42,69,Roundabout,Medium
14,Thursday,3,0,0,Residential,Clear,5,60,40,Bus,4,2,Good,6,0,0,1,5,24,63,Intersection,High
13,Thursday,12,0,0,State Highway,Rainy,2,18,60,Car,2,8,Dry,4,0,1,1,5,21,54,No Junction,Medium
14,Sunday,9,0,1,Highway,Cloudy,4,79,80,Truck,2,2,Wet,11,1,0,0,9,29,80,T-Junction,High
20,Saturday,2,1,1,Urban Road,Rainy,5,43,40,Auto,1,9,Wet,9,0,0,2,9,33,49,T-Junction,Medium
19,Friday,1,1,0,State Highway,Rainy,7,38,60,Auto,2,0,Wet,10,0,1,2,9,30,72,No Junction,High
12,Wednesday,10,0,0,Urban Road,Clear,8,10,40,Bus,2,17,Dry,8,0,0,2,9,29,68,T-Junction,Medium
10,Sunday,3,1,1,Highway,Clear,1,26,80,Car,3,9,Wet,3,1,0,2,5,32,33,Y-Junction,High
14,Thursday,4,0,0,Highway,Rainy,4,44,80,Bicycle,1,9,Dry,5,0,0,2,7,28,73,T-Junction,Medium
16,Wednesday,4,0,0,State Highway,Rainy,5,36,60,Truck,4,8,Dry,8,1,0,1,6,30,100,No Junction,High
8,Tuesday,6,1,0,Residential,Heavy Rain,6,49,40,Truck,1,9,Dry,7,0,0,0,3,32,100,T-Junction,High
19,Thursday,1,1,0,State Highway,Rainy,7,10,60,Auto,1,2,Slippery,13,0,0,1,7,20,87,Roundabout,Medium
14,Wednesday,1,0,0,Highway,Rainy,5,54,80,Car,2,6,Dry,5,0,1,0,6,26,77,T-Junction,High
10,Tuesday,2,1,0,State Highway,Clear,10,31,60,Motorcycle,2,4,Dry,10,0,1,0,6,32,42,T-Junction,High
6,Saturday,4,0,1,Residential,Clear,1,51,40,Motorcycle,2,0,Dry,9,0,0,1,9,18,73,No Junction,Medium
8,Friday,7,1,0,Urban Road,Foggy,3,29,40,Car,1,10,Dry,3,0,0,0,2,30,100,T-Junction,Medium
22,Thursday,6,0,0,National Highway,Cloudy,5,10,80,Car,5,1,Dry,7,0,0,0,7,25,54,Intersection,Medium
9,Friday,11,1,0,Residential,Cloudy,9,18,40,Truck,2,7,Dry,8,0,0,2,9,26,33,Roundabout,Medium
7,Tuesday,9,1,0,National Highway,Clear,9,30,80,Car,3,8,Under Construction,11,0,0,0,5,28,83,No Junction,High
13,Friday,7,0,0,State Highway,Foggy,4,24,60,Motorcycle,4,7,Wet,3,0,0,0,3,18,49,Y-Junction,High
9,Friday,12,1,0,Urban Road,Clear,4,10,40,Truck,2,6,Slippery,10,0,0,0,9,24,44,No Junction,Medium
3,Sunday,5,0,1,Urban Road,Clear,4,26,40,Truck,1,6,Wet,9,0,0,0,9,35,72,No Junction,Low
10,Monday,6,1,0,Urban Road,Heavy Rain,8,11,40,Auto,2,8,Good,11,0,0,1,2,16,82,Intersection,High
15,Tuesday,10,0,0,Residential,Cloudy,2,56,40,Motorcycle,2,6,Wet,6,1,1,2,6,37,67,Intersection,High
15,Friday,9,0,0,Residential,Clear,3,43,40,Car,2,11,Dry,10,0,0,3,7,24,82,No Junction,Medium
11,Wednesday,1,0,0,State Highway,Clear,5,18,60,Bus,1,4,Good,4,1,0,0,9,24,91,Roundabout,Low
13,Tuesday,11,0,0,Highway,Rainy,5,10,80,Motorcycle,3,10,Dry,14,0,0,0,5,28,74,No Junction,Medium
22,Monday,9,0,0,Residential,Clear,7,57,40,Bus,3,5,Good,6,0,0,0,7,36,77,Y-Junction,High
11,Thursday,6,0,0,Urban Road,Heavy Rain,5,10,40,Car,2,2,Wet,3,1,0,3,4,19,59,Intersection,High
8,Saturday,12,1,1,Urban Road,Clear,3,25,40,Car,2,2,Dry,5,1,1,2,5,24,100,No Junction,High
8,Friday,4,1,0,State Highway,Cloudy,7,16,60,Car,5,2,Under Construction,10,0,0,0,7,32,75,No Junction,High
13,Wednesday,12,0,0,Highway,Heavy Rain,2,10,80,Car,2,9,Dry,7,0,0,0,2,32,75,Roundabout,Medium
18,Monday,5,1,0,Urban Road,Foggy,7,10,40,Truck,2,1,Dry,11,0,0,0,2,38,59,Roundabout,High
8,Tuesday,1,1,0,Urban Road,Heavy Rain,6,10,40,Motorcycle,1,7,Wet,12,0,0,1,4,21,51,Intersection,High
18,Saturday,7,1,1,Urban Road,Clear,10,27,40,Motorcycle,1,10,Slippery,10,0,0,1,7,20,49,Y-Junction,Medium
2,Saturday,8,0,1,Urban Road,Clear,4,31,40,Car,5,0,Dry,10,0,0,0,5,32,57,T-Junction,Medium
12,Friday,11,0,0,Residential,Rainy,7,25,40,Car,3,8,Wet,5,0,0,2,5,24,66,Intersection,High
19,Monday,5,1,0,Residential,Foggy,6,21,40,Auto,1,14,Slippery,5,0,0,0,4,30,72,T-Junction,High
10,Monday,2,1,0,Urban Road,Rainy,6,10,40,Car,2,6,Dry,4,0,0,0,8,32,29,T-Junction,Low
16,Wednesday,8,0,0,Urban Road,Foggy,6,10,40,Motorcycle,1,9,Wet,8,0,1,0,1,18,91,Intersection,High
8,Thursday,10,1,0,Urban Road,Clear,5,29,40,Bus,3,8,Good,13,1,0,1,5,39,62,No Junction,High
18,Thursday,7,1,0,Residential,Cloudy,7,12,40,Car,1,4,Good,7,0,1,1,7,30,96,No Junction,Medium
5,Sunday,10,0,1,Urban Road,Cloudy,2,10,40,Bus,2,4,Dry,13,1,0,1,6,24,76,Intersection,Medium
20,Thursday,9,1,0,Highway,Foggy,10,12,80,Car,2,8,Slippery,3,0,1,0,4,28,72,T-Junction,High
8,Sunday,4,1,1,Highway,Cloudy,6,26,80,Motorcycle,2,3,Under Construction,6,0,0,0,9,29,88,Y-Junction,Medium
20,Saturday,11,1,1,Urban Road,Clear,4,40,40,Car,1,3,Under Construction,5,0,0,0,5,29,95,No Junction,Medium
11,Saturday,9,0,1,Residential,Clear,3,49,40,Motorcycle,2,8,Dry,9,1,0,0,6,33,65,T-Junction,Medium
18,Tuesday,4,1,0,Highway,Cloudy,8,23,80,Car,2,2,Dry,9,0,1,0,9,24,94,T-Junction,Medium
10,Saturday,3,1,1,Urban Road,Heavy Rain,6,18,40,Bus,2,8,Dry,3,0,1,3,4,28,67,T-Junction,High
21,Saturday,11,0,1,Highway,Clear,2,62,80,Motorcycle,3,3,Dry,5,0,0,1,8,26,63,Y-Junction,Medium
7,Monday,3,1,0,National Highway,Clear,9,26,80,Auto,2,3,Dry,11,0,0,0,7,30,61,T-Junction,Medium
7,Tuesday,10,1,0,Residential,Foggy,7,10,40,Motorcycle,4,6,Slippery,10,0,0,0,3,28,39,T-Junction,High
14,Monday,2,0,0,Urban Road,Rainy,5,10,40,Bus,2,7,Dry,5,0,0,1,8,15,20,T-Junction,Medium
6,Wednesday,10,0,0,Urban Road,Clear,3,27,40,Auto,2,5,Under Construction,5,0,0,0,6,24,52,Intersection,Medium
8,Sunday,3,1,1,State Highway,Clear,5,10,60,Motorcycle,1,11,Dry,7,1,0,1,5,17,72,T-Junction,High
22,Sunday,8,0,1,Highway,Clear,3,95,80,Truck,2,1,Wet,5,0,0,2,6,38,76,Roundabout,High
23,Wednesday,11,0,0,National Highway,Rainy,3,18,80,Motorcycle,4,15,Dry,9,0,0,1,6,33,29,Intersection,Medium
11,Sunday,8,0,1,Urban Road,Clear,1,65,40,Car,1,10,Wet,7,0,0,2,6,20,76,No Junction,Medium
21,Tuesday,2,0,0,Highway,Cloudy,7,10,80,Truck,5,6,Wet,10,0,1,1,8,33,43,Y-Junction,High
15,Tuesday,11,0,0,Residential,Heavy Rain,2,11,40,Bicycle,2,8,Wet,7,0,0,0,2,25,84,Intersection,Medium
9,Saturday,2,1,1,Residential,Rainy,4,48,40,Auto,1,0,Dry,10,0,0,1,8,29,75,T-Junction,Medium
18,Sunday,2,1,1,National Highway,Clear,4,15,80,Car,4,0,Dry,6,0,0,0,8,15,41,Intersection,Medium
17,Wednesday,10,1,0,State Highway,Rainy,10,56,60,Auto,5,4,Wet,6,0,0,1,7,30,54,Intersection,High
23,Friday,7,0,0,Urban Road,Rainy,4,69,40,Car,1,5,Dry,7,0,0,0,9,30,37,Intersection,Low
9,Thursday,6,1,0,Residential,Clear,7,10,40,Car,5,13,Dry,3,0,0,3,6,17,80,No Junction,High
17,Saturday,12,1,1,State Highway,Rainy,7,10,60,Car,1,7,Dry,7,0,1,1,9,35,64,Intersection,Medium
5,Thursday,11,0,0,Urban Road,Clear,7,42,40,Motorcycle,3,9,Slippery,11,0,0,2,6,34,58,No Junction,Medium
7,Wednesday,1,1,0,Urban Road,Cloudy,5,19,40,Car,1,5,Wet,4,0,0,0,9,29,55,No Junction,Medium
0,Sunday,2,0,1,Urban Road,Rainy,5,56,40,Car,2,3,Dry,10,0,0,2,6,25,95,Intersection,Medium
23,Sunday,1,0,1,Urban Road,Clear,2,76,40,Car,1,8,Dry,8,0,0,1,7,26,67,Intersection,Medium
19,Thursday,12,1,0,State Highway,Heavy Rain,3,19,60,Motorcycle,3,6,Dry,8,1,0,1,4,37,80,Roundabout,High
19,Friday,11,1,0,Urban Road,Rainy,6,32,40,Car,3,7,Dry,9,0,0,1,7,38,65,Roundabout,Medium
14,Sunday,7,0,1,Urban Road,Cloudy,2,30,40,Motorcycle,3,5,Slippery,7,1,0,0,5,24,59,Intersection,Medium
9,Friday,6,1,0,State Highway,Clear,10,30,60,Motorcycle,5,0,Good,9,0,1,0,6,17,100,Y-Junction,High
7,Monday,2,1,0,Highway,Clear,10,10,80,Motorcycle,1,14,Dry,7,0,0,3,7,27,40,T-Junction,Medium
9,Tuesday,2,1,0,Residential,Clear,9,30,40,Bus,2,3,Slippery,6,0,1,0,9,35,46,No Junction,Medium
11,Thursday,2,0,0,State Highway,Clear,5,41,60,Car,4,5,Wet,11,0,1,0,5,24,68,Intersection,High
18,Sunday,8,1,1,Urban Road,Cloudy,5,10,40,Car,2,8,Wet,4,0,0,3,5,21,35,T-Junction,Medium
15,Friday,7,0,0,Urban Road,Cloudy,5,10,40,Car,4,0,Dry,6,0,0,0,7,39,32,No Junction,Low
6,Sunday,1,0,1,Urban Road,Heavy Rain,3,37,40,Truck,1,11,Wet,10,1,0,2,3,19,60,Roundabout,High
1,Tuesday,4,0,0,Residential,Foggy,3,28,40,Car,4,2,Dry,5,0,0,0,1,36,45,Roundabout,High
6,Tuesday,11,0,0,Urban Road,Clear,3,10,40,Truck,1,9,Wet,7,0,1,3,8,28,86,T-Junction,Low
12,Monday,4,0,0,Highway,Clear,6,10,80,Truck,1,0,Dry,3,0,0,1,7,27,77,Intersection,Medium
22,Tuesday,7,0,0,Highway,Clear,9,10,80,Motorcycle,2,8,Slippery,6,0,0,3,6,30,74,No Junction,Medium
17,Tuesday,2,1,0,Residential,Rainy,7,30,40,Motorcycle,3,0,Slippery,3,0,1,0,9,27,69,No Junction,High
19,Saturday,4,1,1,Urban Road,Clear,6,19,40,Truck,1,11,Dry,5,0,0,0,8,27,26,T-Junction,Medium
13,Wednesday,1,0,0,State Highway,Clear,3,20,60,Bus,4,7,Dry,8,1,1,1,8,22,58,No Junction,High
11,Sunday,11,0,1,Residential,Cloudy,1,36,40,Car,1,6,Wet,7,0,0,0,5,25,87,T-Junction,Medium
6,Monday,11,0,0,Residential,Foggy,6,49,40,Car,1,9,Good,11,0,0,1,3,32,53,T-Junction,Medium
20,Monday,4,1,0,National Highway,Clear,5,54,80,Bicycle,2,2,Slippery,10,0,0,3,6,20,100,Intersection,High
19,Thursday,11,1,0,Highway,Clear,3,10,80,Auto,3,3,Dry,6,0,0,1,9,33,81,Intersection,Medium
7,Tuesday,1,1,0,Highway,Cloudy,10,10,80,Car,5,1,Dry,10,0,0,1,8,26,83,T-Junction,High
14,Thursday,2,0,0,Residential,Heavy Rain,7,36,40,Car,1,1,Good,7,1,0,0,2,20,69,No Junction,High
14,Saturday,2,0,1,Highway,Clear,1,39,80,Motorcycle,3,7,Wet,5,0,0,1,9,27,83,T-Junction,Medium
17,Friday,12,1,0,Residential,Heavy Rain,10,33,40,Motorcycle,1,5,Dry,4,0,0,0,4,30,55,Roundabout,Medium
22,Tuesday,10,0,0,National Highway,Clear,1,24,80,Car,3,0,Slippery,12,0,0,1,6,23,94,No Junction,Medium
16,Friday,12,0,0,State Highway,Cloudy,1,36,60,Car,1,5,Dry,11,0,1,0,6,36,38,Intersection,Medium
15,Wednesday,3,0,0,Residential,Foggy,1,50,40,Bus,2,7,Wet,7,0,0,1,2,33,40,T-Junction,High
5,Saturday,8,0,1,State Highway,Cloudy,3,40,60,Auto,3,8,Wet,7,1,0,0,5,31,60,Y-Junction,High
5,Tuesday,11,0,0,Highway,Rainy,7,21,80,Car,1,11,Slippery,7,0,1,0,6,26,41,T-Junction,Medium
8,Thursday,6,1,0,Urban Road,Clear,3,35,40,Bus,2,3,Dry,3,0,0,1,7,33,40,Intersection,Medium
3,Thursday,6,0,0,Urban Road,Clear,3,53,40,Motorcycle,3,8,Dry,7,0,1,1,7,34,70,Roundabout,Medium
18,Tuesday,9,1,0,Urban Road,Rainy,7,10,40,Car,1,5,Slippery,3,0,0,1,8,24,52,Roundabout,Medium
18,Sunday,8,1,1,Highway,Clear,4,24,80,Motorcycle,3,7,Slippery,4,0,0,0,6,27,73,Intersection,High
7,Thursday,2,1,0,State Highway,Clear,7,10,60,Auto,2,12,Dry,7,0,0,1,7,27,100,Intersection,Medium
19,Sunday,6,1,1,State Highway,Clear,7,10,60,Car,2,1,Dry,10,0,0,0,8,26,49,Roundabout,Low
7,Tuesday,1,1,0,Residential,Clear,5,10,40,Car,3,11,Dry,3,1,0,0,8,36,91,Intersection,Medium
9,Monday,9,1,0,Highway,Rainy,5,25,80,Bicycle,3,10,Wet,7,0,1,0,8,35,62,No Junction,High
8,Thursday,4,1,0,Urban Road,Cloudy,7,16,40,Car,2,4,Dry,7,0,0,0,5,34,70,No Junction,Medium
11,Sunday,4,0,1,National Highway,Cloudy,4,59,80,Auto,1,8,Dry,7,1,0,1,8,31,92,No Junction,High
8,Tuesday,9,1,0,Residential,Heavy Rain,8,10,40,Motorcycle,2,5,Wet,8,0,0,1,3,28,100,Intersection,High
14,Tuesday,3,0,0,Residential,Foggy,6,19,40,Car,2,0,Good,10,0,0,0,1,27,72,No Junction,Medium
12,Sunday,5,0,1,National Highway,Cloudy,1,33,80,Car,1,3,Good,8,0,0,1,8,30,81,Intersection,Low
23,Thursday,1,0,0,Residential,Foggy,3,96,40,Motorcycle,2,4,Dry,12,0,1,1,3,18,76,T-Junction,High
5,Monday,6,0,0,Residential,Cloudy,3,59,40,Car,2,8,Wet,7,1,1,0,6,33,96,No Junction,High
7,Thursday,3,1,0,Urban Road,Clear,6,10,40,Truck,1,0,Dry,4,0,0,1,5,33,74,T-Junction,Medium
5,Tuesday,1,0,0,Urban Road,Heavy Rain,8,10,40,Motorcycle,3,4,Dry,13,0,1,0,2,22,76,T-Junction,High
17,Monday,10,1,0,Residential,Clear,1,11,40,Auto,2,2,Slippery,15,0,0,1,8,19,50,Roundabout,Medium
5,Friday,6,0,0,Urban Road,Rainy,4,50,40,Auto,2,5,Under Construction,9,0,0,1,7,31,68,T-Junction,High
19,Wednesday,12,1,0,Residential,Rainy,4,62,40,Auto,2,13,Under Construction,3,0,0,0,8,18,55,No Junction,Medium
14,Thursday,10,0,0,Urban Road,Rainy,7,37,40,Motorcycle,2,0,Good,8,0,1,0,9,29,45,Intersection,Medium
15,Saturday,2,0,1,Highway,Foggy,2,39,80,Motorcycle,1,5,Good,5,0,1,1,3,23,61,T-Junction,High
16,Tuesday,8,0,0,Urban Road,Rainy,8,10,40,Car,2,8,Dry,12,0,0,2,6,19,47,T-Junction,Medium
7,Monday,11,1,0,Urban Road,Rainy,6,43,40,Bus,3,6,Good,7,1,1,0,7,32,29,Intersection,High
8,Sunday,12,1,1,State Highway,Rainy,5,16,60,Car,2,12,Dry,5,0,0,2,7,36,51,No Junction,Medium
10,Sunday,2,1,1,Urban Road,Clear,4,44,40,Car,2,7,Under Construction,9,0,1,2,9,25,76,T-Junction,High
16,Sunday,4,0,1,Residential,Rainy,3,74,40,Bus,3,6,Wet,11,0,0,0,8,33,55,T-Junction,Medium
8,Monday,3,1,0,Urban Road,Rainy,3,10,40,Auto,2,1,Wet,5,0,1,0,6,23,53,T-Junction,High
7,Friday,9,1,0,Urban Road,Rainy,3,57,40,Motorcycle,2,10,Dry,10,0,1,0,8,33,59,No Junction,Medium
23,Thursday,2,0,0,Urban Road,Clear,3,43,40,Truck,2,1,Dry,3,0,0,0,8,25,41,No Junction,Medium
2,Saturday,3,0,1,National Highway,Rainy,5,41,80,Car,3,7,Slippery,7,0,0,0,7,36,45,T-Junction,High
19,Sunday,7,1,1,Urban Road,Cloudy,8,35,40,Auto,4,0,Good,3,0,0,2,7,14,59,No Junction,High
19,Monday,4,1,0,State Highway,Clear,3,10,60,Truck,2,13,Dry,5,0,1,0,7,24,70,No Junction,Medium
9,Sunday,6,1,1,Highway,Clear,7,32,80,Auto,2,6,Dry,11,0,0,0,5,25,25,No Junction,High
7,Friday,3,1,0,Highway,Clear,7,23,80,Motorcycle,3,10,Dry,6,0,0,0,5,18,52,T-Junction,High
7,Tuesday,1,1,0,State Highway,Rainy,8,32,60,Car,2,9,Dry,5,0,0,1,7,32,36,No Junction,Medium
18,Sunday,11,1,1,Urban Road,Clear,5,28,40,Bicycle,5,6,Dry,11,0,1,1,8,27,62,Intersection,High
17,Friday,6,1,0,Urban Road,Cloudy,8,10,40,Bus,2,9,Dry,9,1,0,2,6,32,93,Intersection,Medium
19,Thursday,4,1,0,Urban Road,Clear,5,15,40,Car,5,5,Dry,3,0,0,1,6,23,51,Intersection,Medium
22,Sunday,2,0,1,Highway,Heavy Rain,3,33,80,Motorcycle,1,0,Good,7,0,0,0,2,21,53,Intersection,Medium
18,Friday,7,1,0,Urban Road,Rainy,4,40,40,Auto,2,1,Under Construction,8,0,0,0,9,24,77,Roundabout,Medium
7,Monday,10,1,0,State Highway,Rainy,3,62,60,Auto,1,9,Dry,10,0,0,0,8,20,86,T-Junction,Medium
8,Monday,12,1,0,Highway,Cloudy,1,10,80,Auto,5,3,Good,7,0,1,0,6,26,59,No Junction,Medium
20,Wednesday,5,1,0,National Highway,Clear,5,10,80,Car,4,5,Dry,13,0,0,1,9,36,88,No Junction,Low
8,Friday,6,1,0,Urban Road,Clear,7,10,40,Auto,3,8,Slippery,8,0,1,0,9,29,31,T-Junction,Medium
6,Tuesday,6,0,0,Urban Road,Cloudy,6,10,40,Auto,4,6,Wet,3,0,0,1,6,31,99,No Junction,Medium
18,Sunday,9,1,1,Highway,Cloudy,8,10,80,Car,4,0,Dry,6,0,1,0,9,25,76,Y-Junction,High
12,Saturday,12,0,1,Urban Road,Cloudy,8,12,40,Truck,1,0,Dry,11,0,1,3,5,22,39,Y-Junction,High
21,Saturday,2,0,1,Highway,Clear,3,44,80,Truck,2,6,Good,7,0,1,0,7,29,36,No Junction,Medium
17,Thursday,12,1,0,Highway,Rainy,5,30,80,Truck,1,10,Dry,8,0,0,0,9,28,52,Roundabout,Medium
6,Wednesday,6,0,0,National Highway,Rainy,10,10,80,Motorcycle,2,13,Dry,7,0,1,3,9,34,70,T-Junction,High
22,Friday,9,0,0,Residential,Cloudy,5,75,40,Car,3,13,Good,3,0,0,0,5,35,94,Intersection,High
8,Tuesday,12,1,0,Residential,Clear,4,18,40,Car,3,8,Dry,6,0,1,1,5,33,59,Roundabout,Medium
10,Wednesday,4,1,0,Highway,Cloudy,5,33,80,Car,2,10,Wet,6,0,0,1,8,40,68,No Junction,High
12,Monday,12,0,0,National Highway,Clear,3,44,80,Auto,1,8,Good,12,0,0,1,6,28,90,Intersection,Medium
5,Thursday,11,0,0,Urban Road,Clear,6,40,40,Car,1,2,Good,11,0,0,1,8,31,55,Roundabout,Medium
14,Sunday,6,0,1,State Highway,Clear,3,60,60,Motorcycle,1,1,Good,4,0,0,0,6,35,75,T-Junction,Medium
7,Sunday,7,1,1,Highway,Clear,5,23,80,Motorcycle,1,6,Wet,3,0,0,1,5,33,76,T-Junction,Medium
12,Sunday,1,0,1,Urban Road,Clear,5,52,40,Auto,5,10,Dry,10,0,0,0,7,34,51,Y-Junction,Medium
11,Friday,5,0,0,National Highway,Clear,4,53,80,Car,1,2,Slippery,8,1,1,0,6,28,92,Intersection,High
19,Saturday,4,1,1,Urban Road,Foggy,5,37,40,Motorcycle,3,5,Slippery,8,0,0,2,3,27,53,Roundabout,High
19,Tuesday,10,1,0,State Highway,Foggy,5,29,60,Bus,2,9,Wet,4,0,0,0,1,26,71,No Junction,High
7,Sunday,2,1,1,Urban Road,Cloudy,8,10,40,Car,2,5,Under Construction,7,0,0,1,9,26,67,T-Junction,Medium
11,Sunday,2,0,1,Urban Road,Clear,5,17,40,Truck,2,6,Good,5,0,0,1,8,28,40,Intersection,Low
11,Monday,2,0,0,State Highway,Clear,5,10,60,Car,1,10,Slippery,4,0,0,1,7,23,35,No Junction,Low
7,Wednesday,7,1,0,Residential,Clear,6,42,40,Motorcycle,4,20,Dry,6,0,0,2,6,21,100,T-Junction,High
19,Sunday,11,1,1,Residential,Rainy,8,17,40,Car,4,1,Dry,7,0,0,2,9,21,73,No Junction,High
18,Thursday,11,1,0,Urban Road,Cloudy,3,53,40,Motorcycle,1,5,Wet,4,0,0,0,5,35,97,T-Junction,Medium
8,Wednesday,4,1,0,Highway,Clear,9,10,80,Car,1,14,Dry,6,0,0,0,6,25,81,No Junction,Low
11,Saturday,6,0,1,Urban Road,Cloudy,4,38,40,Bus,1,6,Dry,5,0,0,0,9,31,70,No Junction,Low
6,Wednesday,7,0,0,Urban Road,Cloudy,2,31,40,Car,3,2,Wet,7,1,0,0,8,27,72,T-Junction,Medium
17,Tuesday,9,1,0,State Highway,Clear,3,13,60,Car,2,8,Slippery,6,0,1,0,5,35,95,Intersection,Medium
7,Monday,11,1,0,Urban Road,Clear,5,10,40,Motorcycle,2,5,Slippery,13,0,0,2,9,20,66,T-Junction,Medium
23,Friday,2,0,0,Residential,Foggy,4,93,40,Car,2,0,Dry,8,0,1,0,4,26,58,T-Junction,High
19,Tuesday,10,1,0,State Highway,Rainy,8,32,60,Auto,2,4,Dry,6,0,0,2,6,24,83,Intersection,High
12,Saturday,12,0,1,Urban Road,Clear,5,22,40,Motorcycle,1,9,Dry,10,0,0,0,8,27,38,No Junction,Low
16,Thursday,9,0,0,State Highway,Clear,6,10,60,Motorcycle,1,3,Wet,3,0,0,2,5,33,74,No Junction,Medium
21,Saturday,11,0,1,National Highway,Clear,5,23,80,Auto,2,7,Wet,9,0,0,1,5,27,86,No Junction,Medium
15,Saturday,5,0,1,Highway,Cloudy,6,65,80,Motorcycle,4,15,Wet,8,0,1,0,8,24,40,Intersection,High
7,Wednesday,6,1,0,Highway,Clear,10,10,80,Car,3,1,Dry,8,0,0,3,7,27,88,Intersection,High
11,Thursday,6,0,0,Highway,Clear,3,17,80,Bus,4,5,Dry,6,0,0,0,6,26,31,No Junction,Medium
20,Tuesday,11,1,0,State Highway,Foggy,6,10,60,Auto,2,7,Under Construction,10,0,0,0,4,30,42,Intersection,Medium
17,Saturday,3,1,1,Highway,Rainy,3,51,80,Bus,1,7,Dry,9,0,1,1,6,12,71,Y-Junction,Medium
17,Tuesday,11,1,0,Residential,Foggy,6,10,40,Car,2,7,Slippery,10,0,0,0,4,25,100,No Junction,High
20,Sunday,11,1,1,Urban Road,Cloudy,4,53,40,Motorcycle,1,5,Dry,5,0,1,2,9,28,36,Roundabout,Medium
21,Sunday,10,0,1,State Highway,Clear,7,32,60,Car,5,8,Dry,11,0,0,3,7,32,66,T-Junction,High
21,Sunday,7,0,1,State Highway,Clear,3,58,60,Motorcycle,2,4,Dry,6,0,0,0,8,33,49,T-Junction,Medium
6,Friday,7,0,0,National Highway,Clear,2,71,80,Bus,1,3,Under Construction,3,0,0,0,6,23,75,T-Junction,Medium
15,Wednesday,8,0,0,Urban Road,Clear,3,28,40,Motorcycle,5,5,Dry,13,0,0,0,9,25,77,Intersection,Medium
18,Tuesday,5,1,0,Urban Road,Clear,6,37,40,Motorcycle,2,11,Good,10,0,1,0,5,17,43,Roundabout,Medium
18,Sunday,2,1,1,Highway,Cloudy,3,30,80,Car,1,4,Under Construction,13,0,0,1,9,28,72,Roundabout,Medium
16,Sunday,3,0,1,Urban Road,Cloudy,4,44,40,Motorcycle,3,12,Slippery,7,0,1,0,9,42,81,T-Junction,Medium
7,Thursday,9,1,0,Urban Road,Rainy,9,60,40,Motorcycle,1,0,Wet,10,0,1,3,8,29,100,No Junction,High
19,Saturday,6,1,1,National Highway,Foggy,2,33,80,Bicycle,1,10,Good,11,0,1,0,3,23,60,Intersection,High
18,Sunday,8,1,1,State Highway,Foggy,6,41,60,Car,1,10,Wet,6,0,1,0,3,29,100,No Junction,High
6,Friday,8,0,0,Highway,Clear,1,82,80,Car,3,5,Dry,3,1,0,1,9,15,53,T-Junction,High
13,Thursday,5,0,0,State Highway,Clear,6,20,60,Auto,1,13,Wet,9,0,1,2,7,32,79,No Junction,Medium
7,Wednesday,1,1,0,Highway,Rainy,4,10,80,Motorcycle,3,5,Dry,8,1,0,0,7,35,45,T-Junction,Medium
10,Friday,6,1,0,Highway,Clear,9,10,80,Bicycle,2,8,Dry,8,1,1,2,9,26,76,T-Junction,High
1,Friday,7,0,0,State Highway,Cloudy,6,13,60,Car,2,1,Good,8,0,1,0,5,23,20,Intersection,Medium
12,Friday,9,0,0,National Highway,Rainy,5,25,80,Car,5,6,Slippery,6,0,0,0,5,25,70,No Junction,High
15,Saturday,2,0,1,Highway,Clear,3,32,80,Motorcycle,1,2,Wet,6,0,1,1,5,25,100,Roundabout,Medium
17,Sunday,12,1,1,State Highway,Rainy,4,24,60,Motorcycle,3,0,Wet,10,0,0,0,8,31,57,T-Junction,Medium
17,Monday,2,1,0,State Highway,Rainy,7,10,60,Car,1,10,Under Construction,3,1,1,0,8,29,86,Intersection,Medium
19,Friday,10,1,0,Highway,Clear,7,24,80,Motorcycle,1,7,Wet,3,0,0,0,5,27,51,T-Junction,High
8,Thursday,1,1,0,Urban Road,Cloudy,7,10,40,Car,1,10,Wet,3,0,1,1,5,28,100,Intersection,High
7,Thursday,5,1,0,Residential,Clear,5,19,40,Truck,4,6,Wet,3,0,1,0,5,24,44,No Junction,High
20,Wednesday,2,1,0,State Highway,Clear,9,25,60,Car,2,0,Dry,7,0,0,0,7,31,66,Roundabout,High
7,Tuesday,3,1,0,Urban Road,Rainy,10,16,40,Bicycle,3,7,Dry,9,1,0,2,6,28,54,No Junction,High
23,Tuesday,2,0,0,Highway,Foggy,4,61,80,Car,1,7,Good,9,0,0,1,2,18,83,Intersection,High
20,Monday,11,1,0,Residential,Clear,7,44,40,Auto,2,3,Good,4,1,0,0,8,32,54,No Junction,Medium
14,Saturday,4,0,1,Residential,Clear,4,30,40,Car,2,5,Wet,3,1,0,2,8,26,59,T-Junction,High
23,Sunday,11,0,1,Urban Road,Clear,4,41,40,Truck,5,7,Wet,8,0,1,2,6,25,20,T-Junction,High
6,Saturday,3,0,1,Highway,Clear,2,50,80,Auto,3,4,Under Construction,9,0,0,1,9,38,69,Intersection,Medium
9,Sunday,9,1,1,State Highway,Cloudy,7,10,60,Truck,4,7,Slippery,9,0,0,3,8,30,69,No Junction,High
17,Friday,10,1,0,Residential,Cloudy,4,10,40,Car,2,6,Dry,3,0,0,0,9,32,57,Intersection,Low
11,Sunday,12,0,1,State Highway,Rainy,4,53,60,Truck,3,5,Dry,10,0,0,0,7,24,22,Y-Junction,Medium
21,Monday,2,0,0,National Highway,Foggy,1,70,80,Car,1,4,Dry,8,0,1,1,4,24,53,No Junction,High
5,Wednesday,7,0,0,State Highway,Rainy,6,15,60,Truck,3,0,Good,5,0,1,0,5,36,74,Y-Junction,Medium
15,Wednesday,11,0,0,National Highway,Foggy,5,39,80,Motorcycle,5,2,Slippery,6,1,1,0,2,42,31,No Junction,High
16,Tuesday,3,0,0,National Highway,Clear,3,28,80,Motorcycle,2,4,Dry,5,0,0,1,5,33,20,Intersection,Medium
17,Wednesday,10,1,0,Residential,Rainy,7,10,40,Car,1,0,Good,5,1,1,2,7,12,83,Y-Junction,High
8,Friday,8,1,0,Residential,Rainy,10,10,40,Car,2,2,Good,11,0,0,0,5,23,64,Y-Junction,Medium
11,Thursday,4,0,0,Residential,Rainy,8,41,40,Car,2,8,Dry,9,0,0,0,7,27,95,T-Junction,Medium
20,Wednesday,4,1,0,Residential,Foggy,8,24,40,Motorcycle,1,3,Wet,4,0,1,1,2,27,58,Intersection,High
8,Monday,9,1,0,Highway,Cloudy,8,34,80,Auto,2,8,Slippery,6,0,0,2,5,27,54,No Junction,High
19,Friday,11,1,0,Urban Road,Rainy,9,14,40,Motorcycle,2,9,Slippery,9,0,0,1,9,19,24,T-Junction,Medium
16,Wednesday,3,0,0,Highway,Clear,6,10,80,Truck,4,0,Slippery,3,0,0,0,8,39,100,T-Junction,Medium
18,Saturday,7,1,1,Urban Road,Rainy,4,53,40,Motorcycle,2,14,Wet,9,1,0,1,8,31,65,T-Junction,High
18,Sunday,1,1,1,Highway,Rainy,6,40,80,Car,2,5,Good,13,0,0,0,6,23,52,Intersection,Medium
8,Wednesday,7,1,0,National Highway,Clear,6,10,80,Motorcycle,2,0,Wet,8,0,1,1,6,24,48,No Junction,Medium
16,Saturday,10,0,1,Urban Road,Clear,7,23,40,Car,2,9,Dry,7,0,0,0,5,31,100,Y-Junction,Low
20,Friday,11,1,0,Highway,Rainy,8,13,80,Car,2,6,Dry,3,0,0,0,8,26,68,Roundabout,Medium
12,Wednesday,2,0,0,Residential,Foggy,4,49,40,Car,1,0,Dry,3,0,0,3,2,28,86,Intersection,High
22,Saturday,12,0,1,Highway,Cloudy,3,58,80,Car,2,2,Wet,6,0,0,0,8,30,73,Intersection,Medium
13,Thursday,6,0,0,State Highway,Foggy,1,56,60,Car,2,3,Dry,9,0,0,1,2,24,92,Intersection,Medium
7,Tuesday,9,1,0,Urban Road,Clear,7,17,40,Truck,2,10,Under Construction,7,0,0,0,9,38,64,No Junction,Medium
11,Friday,6,0,0,Urban Road,Clear,3,15,40,Truck,2,3,Under Construction,11,0,1,0,7,13,66,T-Junction,Low
22,Saturday,3,0,1,State Highway,Clear,4,80,60,Car,2,3,Under Construction,9,1,0,3,6,23,61,T-Junction,High
10,Monday,1,1,0,Residential,Foggy,10,41,40,Car,2,7,Under Construction,5,0,1,0,4,32,89,No Junction,High
20,Wednesday,12,1,0,State Highway,Clear,6,44,60,Car,1,4,Dry,11,0,1,1,5,23,76,T-Junction,High
20,Saturday,12,1,1,Urban Road,Clear,3,61,40,Truck,2,4,Wet,9,0,0,1,9,27,100,Roundabout,High
11,Sunday,4,0,1,Urban Road,Clear,3,21,40,Motorcycle,1,11,Dry,3,0,0,1,9,35,61,No Junction,Low
6,Saturday,4,0,1,Urban Road,Clear,3,55,40,Motorcycle,3,7,Dry,5,0,0,1,8,30,45,T-Junction,Medium
18,Saturday,8,1,1,Highway,Clear,5,41,80,Car,3,3,Good,6,0,1,0,5,28,78,T-Junction,High
10,Sunday,10,1,1,Highway,Foggy,6,10,80,Bus,1,11,Wet,13,0,0,0,1,35,70,No Junction,High
19,Tuesday,10,1,0,Urban Road,Clear,6,32,40,Car,2,12,Dry,10,0,0,0,6,24,52,Roundabout,Medium
13,Sunday,7,0,1,State Highway,Clear,4,22,60,Motorcycle,3,8,Dry,4,0,0,0,7,30,40,Roundabout,Medium
14,Sunday,10,0,1,Residential,Cloudy,4,48,40,Motorcycle,3,8,Wet,17,0,1,1,7,31,72,Y-Junction,High
19,Monday,7,1,0,Highway,Clear,10,26,80,Auto,2,9,Dry,10,1,0,0,9,21,20,No Junction,Medium
11,Sunday,7,0,1,Urban Road,Rainy,5,35,40,Bus,1,5,Dry,4,0,0,0,7,22,59,T-Junction,Medium
13,Monday,12,0,0,National Highway,Clear,7,49,80,Car,2,11,Slippery,7,0,0,0,6,17,85,T-Junction,High
11,Thursday,2,0,0,Highway,Clear,3,61,80,Car,5,4,Good,6,0,0,1,8,29,65,Y-Junction,Medium
11,Sunday,9,0,1,Urban Road,Foggy,5,15,40,Motorcycle,2,4,Good,5,0,1,0,1,35,41,T-Junction,High
15,Tuesday,6,0,0,Urban Road,Clear,6,10,40,Car,2,0,Wet,11,0,0,1,9,23,62,T-Junction,Medium
19,Sunday,2,1,1,Residential,Clear,3,10,40,Car,3,1,Dry,7,0,1,1,6,13,59,No Junction,High
11,Saturday,1,0,1,Urban Road,Clear,2,82,40,Auto,1,3,Good,10,0,1,0,6,27,100,No Junction,Medium
15,Friday,11,0,0,National Highway,Clear,5,12,80,Truck,4,4,Slippery,7,0,0,2,7,35,100,No Junction,High
17,Tuesday,1,1,0,Urban Road,Foggy,7,13,40,Motorcycle,3,4,Wet,6,0,0,1,2,25,74,Intersection,High
9,Sunday,1,1,1,Urban Road,Clear,6,23,40,Motorcycle,2,14,Under Construction,6,1,0,0,5,31,75,Intersection,Medium
9,Tuesday,4,1,0,Urban Road,Clear,6,10,40,Car,2,4,Wet,8,0,0,0,9,14,45,T-Junction,Medium
22,Monday,4,0,0,Urban Road,Clear,5,29,40,Truck,4,6,Dry,5,1,0,0,9,31,43,T-Junction,High
18,Thursday,12,1,0,Highway,Rainy,6,10,80,Car,3,0,Good,7,0,1,0,6,37,64,No Junction,Medium
16,Thursday,9,0,0,National Highway,Foggy,5,58,80,Truck,3,2,Wet,6,0,1,0,4,39,69,Intersection,High
17,Tuesday,12,1,0,Highway,Clear,8,28,80,Auto,1,1,Slippery,3,0,0,0,7,33,73,Intersection,Medium
2,Tuesday,12,0,0,State Highway,Clear,4,67,60,Motorcycle,1,10,Dry,6,0,0,1,9,43,46,Intersection,Low
17,Sunday,1,1,1,Urban Road,Clear,7,11,40,Car,2,7,Dry,3,0,0,0,5,33,76,No Junction,Low
14,Wednesday,3,0,0,Urban Road,Foggy,5,28,40,Motorcycle,1,3,Dry,12,0,0,1,3,27,36,Intersection,High
15,Saturday,3,0,1,Highway,Clear,6,37,80,Car,2,10,Dry,9,0,0,0,8,25,56,Y-Junction,Medium
11,Monday,8,0,0,Urban Road,Rainy,5,26,40,Car,2,8,Dry,6,1,0,2,6,18,73,Intersection,Medium
6,Saturday,2,0,1,Residential,Rainy,5,21,40,Car,2,11,Dry,3,0,0,0,9,24,21,T-Junction,Low
8,Friday,6,1,0,State Highway,Rainy,1,10,60,Car,2,7,Wet,8,1,0,1,5,21,47,Roundabout,High
22,Friday,11,0,0,Residential,Clear,2,81,40,Auto,1,13,Good,8,0,0,1,5,32,63,Intersection,Medium
12,Thursday,4,0,0,Urban Road,Clear,5,18,40,Car,1,0,Under Construction,9,0,1,1,7,20,62,T-Junction,Medium
13,Monday,10,0,0,Highway,Clear,6,29,80,Motorcycle,2,6,Dry,5,0,0,0,8,21,42,No Junction,Medium
5,Saturday,6,0,1,National Highway,Clear,4,29,80,Motorcycle,1,7,Under Construction,8,0,1,3,9,33,41,Roundabout,Medium
3,Thursday,5,0,0,National Highway,Clear,4,35,80,Car,1,2,Wet,13,1,0,0,8,24,71,Intersection,Medium
18,Friday,12,1,0,Urban Road,Cloudy,4,12,40,Bus,2,7,Slippery,6,0,0,0,5,33,34,Y-Junction,Medium
15,Tuesday,9,0,0,Highway,Cloudy,4,30,80,Motorcycle,3,2,Dry,11,0,0,0,8,38,53,No Junction,Medium
14,Monday,9,0,0,Residential,Clear,6,69,40,Bus,1,0,Dry,7,0,1,0,5,22,72,Intersection,Medium
8,Monday,1,1,0,State Highway,Clear,7,33,60,Car,4,12,Under Construction,7,0,0,1,7,29,59,No Junction,Medium
18,Saturday,3,1,1,Urban Road,Clear,7,10,40,Car,3,6,Wet,8,0,0,0,6,45,60,Y-Junction,Medium
7,Sunday,1,1,1,Urban Road,Foggy,5,14,40,Motorcycle,2,3,Dry,6,0,0,0,4,31,80,No Junction,Medium
8,Wednesday,6,1,0,State Highway,Cloudy,7,10,60,Motorcycle,3,4,Dry,8,0,0,0,6,33,45,T-Junction,Medium
13,Saturday,12,0,1,Highway,Rainy,1,16,80,Motorcycle,5,0,Dry,10,0,1,0,8,27,49,No Junction,Medium
9,Tuesday,3,1,0,Urban Road,Rainy,5,44,40,Bus,4,13,Slippery,10,0,1,0,5,29,65,Roundabout,High
8,Sunday,1,1,1,Highway,Rainy,8,12,80,Auto,1,0,Good,11,0,0,0,6,32,50,T-Junction,Medium
17,Sunday,6,1,1,Highway,Clear,7,45,80,Car,2,5,Slippery,6,0,0,1,7,20,60,Intersection,High
17,Sunday,5,1,1,National Highway,Clear,7,10,80,Auto,3,6,Under Construction,8,0,1,2,8,19,48,T-Junction,High
19,Tuesday,12,1,0,Residential,Rainy,6,44,40,Car,1,5,Under Construction,14,0,0,0,8,30,54,T-Junction,Medium
12,Thursday,12,0,0,State Highway,Foggy,8,26,60,Car,1,0,Dry,5,0,0,0,4,26,78,T-Junction,Medium
6,Monday,8,0,0,Urban Road,Foggy,5,34,40,Motorcycle,2,13,Dry,7,1,1,0,3,20,51,No Junction,High
9,Thursday,2,1,0,State Highway,Cloudy,5,45,60,Truck,1,0,Wet,4,0,0,2,9,18,79,No Junction,Medium
23,Tuesday,8,0,0,Urban Road,Cloudy,5,40,40,Car,2,4,Dry,8,0,0,0,6,34,82,Roundabout,Medium
16,Wednesday,12,0,0,Highway,Clear,6,36,80,Car,2,4,Slippery,11,0,1,2,6,27,43,T-Junction,High
18,Monday,5,1,0,State Highway,Clear,8,29,60,Car,3,9,Dry,13,0,0,1,7,25,81,No Junction,Medium
0,Tuesday,8,0,0,Highway,Clear,3,10,80,Motorcycle,1,4,Wet,5,0,0,1,8,27,33,T-Junction,Low
14,Wednesday,12,0,0,Urban Road,Clear,5,47,40,Motorcycle,2,6,Dry,5,0,0,0,7,28,20,No Junction,Low
3,Saturday,10,0,1,Urban Road,Foggy,6,21,40,Car,5,12,Wet,12,0,1,0,3,26,88,T-Junction,High
16,Friday,4,0,0,Highway,Clear,4,15,80,Car,4,5,Wet,3,0,1,1,6,18,67,Y-Junction,High
21,Sunday,4,0,1,Highway,Cloudy,4,26,80,Car,3,3,Good,6,0,1,0,8,30,60,T-Junction,Medium
22,Tuesday,10,0,0,State Highway,Heavy Rain,2,28,60,Truck,5,10,Dry,10,0,0,1,3,22,71,Intersection,High
15,Friday,4,0,0,Urban Road,Clear,6,63,40,Motorcycle,1,5,Slippery,3,0,0,0,6,25,42,Intersection,Medium
13,Thursday,11,0,0,Urban Road,Clear,3,23,40,Car,1,14,Dry,4,0,0,3,8,30,60,T-Junction,Low
22,Friday,6,0,0,Residential,Cloudy,8,36,40,Motorcycle,1,1,Dry,11,0,0,0,7,32,83,Roundabout,Low
17,Tuesday,4,1,0,Urban Road,Clear,8,27,40,Auto,3,0,Dry,3,0,0,2,8,29,100,T-Junction,High
5,Friday,9,0,0,State Highway,Rainy,4,29,60,Car,4,4,Wet,3,1,0,1,7,28,66,No Junction,High
13,Sunday,9,0,1,State Highway,Foggy,1,33,60,Motorcycle,2,8,Wet,10,0,0,1,2,33,88,Intersection,Medium
8,Monday,3,1,0,Highway,Clear,6,21,80,Auto,1,6,Dry,12,0,1,0,7,30,51,Intersection,High
13,Tuesday,7,0,0,Residential,Clear,1,29,40,Motorcycle,1,6,Dry,12,0,0,0,5,22,86,Y-Junction,Low
13,Wednesday,12,0,0,Urban Road,Rainy,4,22,40,Auto,2,10,Dry,3,1,1,0,8,33,63,Roundabout,Medium
16,Friday,5,0,0,Residential,Rainy,8,46,40,Car,1,1,Slippery,12,0,0,0,5,32,65,T-Junction,High
11,Monday,12,0,0,Urban Road,Rainy,4,72,40,Car,1,4,Wet,8,1,0,0,9,29,61,Intersection,High
7,Sunday,9,1,1,Urban Road,Clear,4,28,40,Motorcycle,2,8,Slippery,5,0,0,2,7,31,41,Roundabout,Medium
14,Thursday,2,0,0,Highway,Rainy,4,11,80,Motorcycle,1,5,Wet,5,0,0,0,6,29,45,Roundabout,Medium
19,Thursday,3,1,0,Residential,Rainy,7,43,40,Bicycle,4,9,Wet,10,0,0,0,6,10,70,Intersection,High
17,Sunday,10,1,1,Highway,Rainy,6,32,80,Car,1,5,Dry,9,0,1,0,7,25,45,Y-Junction,Medium
10,Friday,5,1,0,Highway,Foggy,10,31,80,Bicycle,3,12,Dry,12,0,1,2,2,27,75,No Junction,High
22,Thursday,12,0,0,National Highway,Clear,5,27,80,Auto,2,5,Slippery,6,0,0,1,7,26,38,T-Junction,Medium
21,Wednesday,5,0,0,Urban Road,Clear,5,55,40,Car,1,10,Wet,6,0,0,0,6,25,43,Intersection,High
8,Tuesday,10,1,0,Residential,Rainy,6,16,40,Motorcycle,5,4,Good,10,0,0,0,6,27,71,Roundabout,High
3,Monday,12,0,0,Urban Road,Cloudy,4,20,40,Car,2,8,Good,5,0,0,0,6,32,78,Intersection,Low
18,Saturday,7,1,1,State Highway,Clear,9,10,60,Auto,1,5,Under Construction,10,0,0,1,7,29,95,T-Junction,Medium
19,Friday,8,1,0,Urban Road,Clear,8,15,40,Motorcycle,1,4,Good,4,0,1,0,9,26,56,T-Junction,Medium
22,Thursday,8,0,0,Urban Road,Clear,2,82,40,Car,1,9,Wet,14,0,0,0,9,16,82,No Junction,Medium
20,Tuesday,1,1,0,Residential,Rainy,8,30,40,Motorcycle,2,7,Dry,13,0,0,1,9,34,57,Roundabout,Medium
16,Saturday,1,0,1,State Highway,Clear,6,16,60,Car,2,4,Dry,5,0,1,0,6,25,99,No Junction,Medium
15,Wednesday,3,0,0,State Highway,Rainy,9,18,60,Motorcycle,2,5,Under Construction,8,0,0,0,8,38,45,Intersection,Low
2,Thursday,1,0,0,Urban Road,Clear,5,67,40,Motorcycle,3,8,Dry,8,0,0,0,7,22,61,Y-Junction,Medium
8,Thursday,1,1,0,State Highway,Clear,6,31,60,Car,1,5,Dry,7,0,0,0,6,32,47,No Junction,Medium
13,Monday,10,0,0,Residential,Clear,7,38,40,Motorcycle,1,0,Wet,4,0,0,0,9,27,79,No Junction,Medium
17,Wednesday,8,1,0,National Highway,Foggy,6,18,80,Car,3,3,Dry,8,1,0,0,4,20,78,No Junction,High
15,Wednesday,1,0,0,National Highway,Clear,6,15,80,Truck,1,3,Wet,3,0,0,2,9,33,96,T-Junction,Medium
18,Friday,9,1,0,Urban Road,Clear,10,55,40,Car,1,12,Wet,12,1,0,3,5,18,94,No Junction,High
9,Saturday,2,1,1,Residential,Rainy,6,10,40,Auto,2,3,Slippery,12,0,0,0,6,29,61,T-Junction,Medium
16,Monday,9,0,0,Residential,Clear,6,59,40,Truck,2,7,Wet,12,0,0,1,9,28,44,T-Junction,High
6,Friday,7,0,0,Residential,Clear,4,36,40,Car,2,2,Dry,12,0,0,0,5,23,100,T-Junction,Medium
12,Monday,9,0,0,Highway,Rainy,1,17,80,Car,1,5,Dry,10,0,1,0,9,35,79,Intersection,Medium
18,Wednesday,3,1,0,Highway,Rainy,8,25,80,Motorcycle,3,10,Good,5,0,1,0,6,29,70,Y-Junction,High
18,Monday,1,1,0,Highway,Clear,8,51,80,Car,1,9,Dry,4,0,1,0,8,38,53,No Junction,High
23,Monday,1,0,0,National Highway,Clear,6,26,80,Car,2,10,Wet,4,0,0,1,9,29,49,Intersection,Medium
9,Monday,11,1,0,Highway,Clear,5,15,80,Truck,1,4,Wet,9,0,0,0,9,31,69,No Junction,Medium
14,Tuesday,10,0,0,Highway,Cloudy,3,42,80,Car,5,7,Dry,3,0,0,1,5,15,77,No Junction,Medium
10,Tuesday,6,1,0,Urban Road,Rainy,7,10,40,Car,1,0,Dry,8,0,0,0,6,32,87,Roundabout,Medium
13,Saturday,7,0,1,Residential,Cloudy,4,26,40,Motorcycle,2,8,Dry,9,0,1,2,9,30,92,T-Junction,Medium
20,Saturday,9,1,1,National Highway,Foggy,3,59,80,Bicycle,2,1,Dry,7,1,0,0,3,24,69,No Junction,High
17,Sunday,6,1,1,Residential,Heavy Rain,3,24,40,Auto,2,3,Dry,8,0,0,0,2,23,58,No Junction,Medium
20,Wednesday,5,1,0,Urban Road,Heavy Rain,6,10,40,Car,1,1,Good,15,0,0,0,5,26,100,Y-Junction,Medium
8,Monday,2,1,0,National Highway,Clear,6,15,80,Car,2,9,Wet,7,0,1,1,5,33,65,No Junction,High
20,Wednesday,2,1,0,Highway,Clear,4,25,80,Car,2,11,Dry,9,0,0,0,5,21,33,Intersection,Medium
5,Tuesday,8,0,0,National Highway,Rainy,3,39,80,Car,2,0,Wet,11,0,1,0,6,20,52,Intersection,Medium
20,Monday,1,1,0,Highway,Clear,6,52,80,Car,2,2,Dry,10,1,0,0,6,32,39,No Junction,High
10,Friday,8,1,0,State Highway,Rainy,7,66,60,Motorcycle,2,4,Dry,10,0,1,1,9,25,64,T-Junction,High
10,Tuesday,11,1,0,Highway,Clear,4,32,80,Car,4,0,Under Construction,8,0,1,1,5,27,100,No Junction,High
14,Tuesday,10,0,0,National Highway,Cloudy,6,57,80,Car,1,9,Under Construction,8,0,0,2,5,27,83,No Junction,Medium
22,Tuesday,11,0,0,Highway,Foggy,5,38,80,Motorcycle,3,4,Slippery,3,1,0,0,2,29,82,No Junction,High
4,Sunday,7,0,1,Highway,Rainy,4,10,80,Truck,3,0,Good,13,0,0,0,6,35,73,No Junction,Low
11,Monday,7,0,0,State Highway,Rainy,7,10,60,Motorcycle,3,6,Good,6,0,0,0,7,21,100,No Junction,Medium
20,Saturday,5,1,1,Highway,Rainy,7,10,80,Truck,3,0,Wet,10,0,0,0,5,30,85,No Junction,High
12,Thursday,3,0,0,State Highway,Rainy,1,25,60,Car,2,3,Good,7,1,0,1,6,27,82,T-Junction,Medium
8,Friday,7,1,0,Residential,Rainy,4,10,40,Car,1,10,Wet,17,0,1,0,6,29,61,T-Junction,Medium
12,Friday,7,0,0,Residential,Rainy,6,10,40,Auto,2,2,Dry,5,1,0,0,9,41,27,Y-Junction,Medium
11,Wednesday,7,0,0,Urban Road,Rainy,3,77,40,Bicycle,4,8,Under Construction,15,0,0,0,5,20,25,No Junction,High
21,Monday,12,0,0,National Highway,Foggy,6,66,80,Bus,1,9,Dry,7,0,0,1,3,31,47,Roundabout,High
18,Saturday,11,1,1,State Highway,Rainy,6,30,60,Truck,3,15,Dry,10,0,0,0,6,34,100,Y-Junction,Medium
14,Tuesday,2,0,0,Urban Road,Clear,4,20,40,Car,1,8,Dry,8,0,0,0,9,21,46,No Junction,Low
23,Thursday,3,0,0,Urban Road,Clear,2,56,40,Bicycle,2,6,Under Construction,12,0,0,0,9,26,86,T-Junction,Medium
13,Monday,3,0,0,Urban Road,Clear,5,40,40,Car,1,4,Dry,8,0,0,0,8,24,72,T-Junction,Medium
5,Monday,4,0,0,Urban Road,Clear,2,57,40,Motorcycle,2,1,Wet,8,0,0,0,5,36,82,Y-Junction,Medium
9,Sunday,12,1,1,Urban Road,Foggy,7,11,40,Motorcycle,4,0,Wet,8,0,0,0,1,28,72,Intersection,High
12,Saturday,9,0,1,State Highway,Clear,6,10,60,Motorcycle,2,5,Wet,9,0,0,3,7,18,39,T-Junction,Medium
7,Thursday,10,1,0,State Highway,Clear,6,15,60,Bicycle,1,6,Dry,5,0,0,0,5,41,91,Intersection,Low
22,Tuesday,1,0,0,State Highway,Cloudy,5,30,60,Motorcycle,2,8,Wet,3,0,0,1,7,37,92,Roundabout,Medium
18,Monday,12,1,0,Urban Road,Rainy,9,14,40,Car,3,8,Good,9,0,0,0,9,33,80,T-Junction,Medium
9,Friday,7,1,0,Urban Road,Rainy,6,10,40,Motorcycle,2,0,Dry,14,0,0,0,5,26,82,Intersection,Medium
16,Friday,7,0,0,State Highway,Clear,3,35,60,Car,2,4,Under Construction,6,0,1,3,9,21,74,Intersection,Medium
18,Thursday,11,1,0,State Highway,Rainy,8,27,60,Truck,2,3,Dry,10,0,1,0,9,26,59,No Junction,Medium
22,Tuesday,4,0,0,Residential,Foggy,2,43,40,Car,2,7,Wet,3,0,0,0,1,33,78,Intersection,High
20,Thursday,11,1,0,Highway,Cloudy,3,45,80,Car,1,5,Slippery,6,0,0,2,6,26,69,T-Junction,Medium
14,Monday,1,0,0,Residential,Heavy Rain,1,16,40,Motorcycle,3,2,Good,8,0,0,1,3,24,52,Roundabout,Medium
19,Sunday,3,1,1,Urban Road,Cloudy,5,45,40,Bus,3,3,Dry,7,0,1,1,7,19,76,T-Junction,High
16,Sunday,5,0,1,Highway,Clear,4,18,80,Bus,1,2,Slippery,11,0,1,1,6,22,81,Intersection,High
15,Friday,12,0,0,Residential,Clear,3,49,40,Auto,2,0,Dry,3,0,1,0,7,19,68,Intersection,Medium
7,Sunday,2,1,1,Urban Road,Foggy,3,33,40,Motorcycle,3,12,Wet,7,0,0,1,3,28,71,Roundabout,High
7,Wednesday,7,1,0,National Highway,Clear,7,10,80,Motorcycle,1,7,Slippery,6,0,0,0,9,32,55,Y-Junction,Medium
15,Thursday,10,0,0,Urban Road,Clear,3,18,40,Motorcycle,3,1,Dry,5,0,0,0,6,20,62,No Junction,Low
9,Sunday,10,1,1,Residential,Foggy,7,10,40,Auto,2,9,Slippery,5,0,0,0,1,18,53,No Junction,High
2,Wednesday,7,0,0,State Highway,Cloudy,7,37,60,Bus,2,7,Dry,8,0,0,0,9,28,45,T-Junction,Medium
18,Wednesday,12,1,0,Urban Road,Foggy,9,30,40,Motorcycle,2,5,Wet,8,0,0,0,4,26,44,T-Junction,High
3,Saturday,10,0,1,State Highway,Clear,4,53,60,Motorcycle,2,3,Slippery,7,0,0,1,9,30,69,T-Junction,Medium
16,Friday,5,0,0,Residential,Clear,5,43,40,Auto,2,2,Wet,3,0,0,2,6,19,81,Roundabout,High
15,Thursday,12,0,0,National Highway,Clear,4,54,80,Bicycle,3,12,Dry,7,0,0,0,5,34,68,Roundabout,Medium
22,Wednesday,10,0,0,Urban Road,Foggy,5,25,40,Truck,2,7,Dry,11,0,0,1,2,30,84,T-Junction,High
14,Monday,6,0,0,Highway,Clear,6,12,80,Car,1,7,Under Construction,3,0,0,0,9,34,64,Intersection,Medium
5,Sunday,1,0,1,Urban Road,Clear,6,35,40,Auto,2,2,Good,5,0,0,0,5,25,77,Intersection,Medium
15,Saturday,4,0,1,State Highway,Cloudy,6,71,60,Motorcycle,3,3,Wet,4,0,0,2,5,34,77,Intersection,High
20,Tuesday,4,1,0,Urban Road,Clear,6,18,40,Motorcycle,2,6,Wet,4,1,1,1,6,24,63,Y-Junction,High
23,Sunday,11,0,1,Urban Road,Heavy Rain,6,34,40,Car,2,11,Slippery,7,1,0,3,3,33,24,No Junction,High
12,Sunday,8,0,1,Highway,Cloudy,3,49,80,Bus,2,10,Wet,6,0,0,0,5,24,72,Intersection,High
10,Sunday,2,1,1,Urban Road,Heavy Rain,7,17,40,Auto,3,8,Dry,5,0,0,2,4,16,47,T-Junction,High
21,Saturday,1,0,1,Residential,Cloudy,3,61,40,Truck,4,6,Slippery,8,0,0,1,8,33,56,Intersection,High
8,Tuesday,7,1,0,Highway,Clear,5,11,80,Car,3,10,Dry,3,0,0,0,6,24,99,Intersection,Medium
17,Friday,6,1,0,Urban Road,Clear,10,59,40,Bicycle,1,12,Under Construction,13,0,0,3,6,33,75,No Junction,High
12,Thursday,5,0,0,Highway,Cloudy,7,21,80,Motorcycle,1,9,Wet,6,0,0,0,6,18,53,Y-Junction,Medium
4,Thursday,12,0,0,Residential,Clear,2,71,40,Bus,5,9,Wet,6,0,0,2,7,17,74,Intersection,High
10,Tuesday,8,1,0,State Highway,Clear,7,57,60,Truck,3,7,Wet,6,0,1,0,6,25,61,Y-Junction,High
9,Sunday,11,1,1,Residential,Rainy,5,10,40,Car,4,5,Dry,5,1,0,1,7,28,47,No Junction,Medium
17,Monday,2,1,0,Highway,Clear,7,17,80,Auto,2,4,Wet,11,1,1,0,5,17,52,Intersection,High
22,Tuesday,2,0,0,Urban Road,Cloudy,6,51,40,Car,1,11,Slippery,8,1,0,0,9,24,79,Intersection,High
9,Tuesday,9,1,0,Urban Road,Clear,8,30,40,Bicycle,1,5,Dry,3,0,0,3,5,21,69,Roundabout,High
19,Thursday,1,1,0,Residential,Clear,4,22,40,Bicycle,5,2,Wet,4,0,0,2,9,28,39,Intersection,High
5,Wednesday,6,0,0,Urban Road,Clear,1,55,40,Car,2,6,Dry,6,0,1,1,6,41,74,Roundabout,Medium
15,Monday,3,0,0,National Highway,Clear,6,10,80,Car,2,7,Wet,9,0,0,0,5,25,58,Intersection,Medium
6,Thursday,5,0,0,National Highway,Rainy,2,49,80,Car,5,5,Dry,11,0,0,0,7,24,59,No Junction,Medium
22,Saturday,8,0,1,Highway,Heavy Rain,3,44,80,Motorcycle,2,2,Slippery,7,0,1,0,3,28,84,Intersection,High
18,Tuesday,7,1,0,Highway,Rainy,6,20,80,Truck,1,10,Dry,12,0,0,1,5,39,80,Intersection,Medium
17,Wednesday,12,1,0,Urban Road,Rainy,6,10,40,Motorcycle,2,10,Slippery,10,0,1,0,5,21,67,Intersection,Medium
19,Monday,4,1,0,Urban Road,Rainy,8,15,40,Auto,3,0,Slippery,14,0,0,1,7,28,78,T-Junction,High
17,Friday,8,1,0,Residential,Heavy Rain,3,10,40,Motorcycle,2,7,Slippery,6,1,0,0,3,42,62,T-Junction,High
22,Monday,11,0,0,State Highway,Rainy,2,56,60,Motorcycle,2,7,Under Construction,6,0,0,2,5,23,53,No Junction,Medium
18,Monday,11,1,0,Highway,Clear,5,32,80,Motorcycle,2,10,Dry,8,0,0,3,7,24,23,Intersection,High
21,Sunday,10,0,1,State Highway,Cloudy,3,40,60,Motorcycle,1,0,Good,5,0,0,1,8,33,82,T-Junction,Low
14,Tuesday,11,0,0,Residential,Rainy,2,24,40,Motorcycle,1,3,Dry,10,0,0,2,8,38,84,T-Junction,Low
7,Tuesday,2,1,0,National Highway,Clear,8,36,80,Car,1,10,Wet,4,0,1,0,7,39,89,Intersection,High
15,Friday,7,0,0,Residential,Clear,2,21,40,Motorcycle,2,7,Dry,3,0,0,3,5,27,48,No Junction,Medium
7,Friday,5,1,0,Residential,Clear,4,10,40,Car,2,6,Slippery,7,1,0,0,7,22,62,Y-Junction,Medium
16,Friday,11,0,0,Highway,Heavy Rain,6,94,80,Car,2,15,Under Construction,12,0,0,0,3,24,36,T-Junction,High
14,Thursday,6,0,0,State Highway,Clear,4,41,60,Car,1,12,Under Construction,9,0,0,3,9,21,75,Y-Junction,Medium
17,Thursday,3,1,0,Highway,Foggy,9,10,80,Bus,2,3,Dry,10,0,0,0,1,28,63,No Junction,High
1,Tuesday,11,0,0,Residential,Clear,1,54,40,Car,1,7,Dry,13,0,0,0,6,31,64,T-Junction,Medium
8,Tuesday,10,1,0,Highway,Clear,5,26,80,Car,3,2,Slippery,9,0,0,2,6,29,100,T-Junction,High
14,Friday,7,0,0,Highway,Clear,7,15,80,Car,2,7,Good,6,0,1,2,6,25,69,Intersection,High
22,Thursday,7,0,0,Highway,Clear,3,50,80,Bicycle,1,11,Dry,12,0,0,0,7,33,95,No Junction,Medium
11,Wednesday,2,0,0,Highway,Cloudy,6,34,80,Car,1,5,Good,10,0,0,0,6,31,74,T-Junction,Medium
12,Thursday,1,0,0,Urban Road,Rainy,3,16,40,Car,1,7,Wet,5,0,1,0,9,30,72,Y-Junction,Low
18,Tuesday,10,1,0,National Highway,Rainy,7,22,80,Bicycle,3,0,Slippery,5,1,0,2,7,32,36,No Junction,High
16,Thursday,2,0,0,Urban Road,Cloudy,4,32,40,Motorcycle,2,6,Wet,7,0,1,0,5,29,49,Intersection,Medium
9,Tuesday,12,1,0,State Highway,Rainy,10,10,60,Truck,2,5,Under Construction,10,0,0,0,5,27,41,Intersection,Medium
12,Friday,8,0,0,Highway,Rainy,5,34,80,Bus,2,7,Good,5,0,1,0,7,20,70,No Junction,Medium
8,Sunday,11,1,1,Urban Road,Cloudy,4,21,40,Motorcycle,2,3,Dry,8,0,0,2,8,26,21,Intersection,Medium
22,Friday,10,0,0,Highway,Foggy,3,48,80,Motorcycle,3,2,Dry,10,0,0,0,3,23,100,Roundabout,High
7,Friday,3,1,0,Highway,Rainy,8,18,80,Bicycle,3,10,Under Construction,7,0,0,0,5,38,70,No Junction,Medium
11,Wednesday,11,0,0,Highway,Foggy,7,10,80,Truck,3,1,Dry,8,0,0,2,3,37,38,T-Junction,High
2,Sunday,4,0,1,Urban Road,Clear,2,53,40,Truck,5,1,Wet,9,0,0,0,9,36,59,Intersection,Medium
8,Wednesday,8,1,0,Highway,Clear,9,25,80,Car,2,6,Dry,10,0,0,0,7,25,93,No Junction,Medium
19,Tuesday,3,1,0,National Highway,Rainy,8,10,80,Car,3,16,Wet,8,0,1,0,9,27,64,T-Junction,Medium
8,Monday,6,1,0,Urban Road,Clear,7,10,40,Motorcycle,2,6,Dry,7,0,0,0,9,24,51,Intersection,Low
6,Saturday,2,0,1,State Highway,Clear,3,40,60,Truck,4,3,Dry,11,1,1,1,9,20,71,No Junction,High
13,Wednesday,3,0,0,National Highway,Clear,7,23,80,Bus,2,3,Wet,3,0,0,1,7,33,62,Y-Junction,Medium
0,Tuesday,1,0,0,Residential,Foggy,5,48,40,Bus,2,7,Dry,10,1,0,0,2,23,70,No Junction,High
6,Sunday,9,0,1,National Highway,Foggy,4,23,80,Truck,1,8,Slippery,9,1,0,1,4,26,56,T-Junction,High
19,Thursday,4,1,0,Highway,Cloudy,5,29,80,Car,2,3,Dry,12,0,0,0,5,25,66,Intersection,Medium
19,Sunday,6,1,1,State Highway,Rainy,5,38,60,Bus,2,0,Under Construction,9,0,0,1,6,39,70,No Junction,Medium
21,Friday,7,0,0,Urban Road,Clear,8,35,40,Bus,1,4,Wet,4,0,0,0,5,28,77,Roundabout,Medium
20,Friday,2,1,0,Urban Road,Clear,6,10,40,Motorcycle,2,12,Wet,8,0,0,0,9,33,83,Y-Junction,Medium
17,Friday,8,1,0,Residential,Foggy,10,10,40,Motorcycle,2,3,Wet,5,0,0,3,4,25,42,No Junction,High
5,Tuesday,12,0,0,National Highway,Clear,1,34,80,Motorcycle,2,5,Dry,11,0,0,3,9,23,44,T-Junction,Medium
19,Friday,9,1,0,National Highway,Cloudy,5,27,80,Bicycle,3,0,Slippery,3,1,0,0,5,30,47,No Junction,High
20,Wednesday,10,1,0,Highway,Cloudy,8,22,80,Truck,3,7,Good,3,0,1,0,7,34,100,Intersection,High
19,Thursday,11,1,0,Urban Road,Clear,8,41,40,Bus,1,3,Wet,4,0,0,0,6,24,42,No Junction,Medium
14,Friday,2,0,0,State Highway,Clear,3,34,60,Car,2,5,Dry,3,0,1,3,9,32,78,T-Junction,Medium
8,Tuesday,5,1,0,Residential,Cloudy,10,28,40,Motorcycle,2,3,Slippery,7,0,0,0,8,26,48,Roundabout,Medium
20,Thursday,2,1,0,Highway,Clear,10,29,80,Motorcycle,3,0,Slippery,6,0,0,0,9,17,62,T-Junction,High
18,Friday,11,1,0,Urban Road,Foggy,10,10,40,Car,2,4,Slippery,10,0,0,0,2,23,65,No Junction,High
23,Monday,5,0,0,State Highway,Clear,7,15,60,Car,2,13,Good,3,0,0,1,5,27,21,Y-Junction,Medium
7,Friday,7,1,0,Residential,Foggy,4,26,40,Car,2,10,Wet,6,0,0,0,1,29,92,T-Junction,High
8,Saturday,6,1,1,Urban Road,Clear,7,33,40,Auto,2,6,Dry,8,0,0,3,6,31,79,T-Junction,High
8,Sunday,4,1,1,Residential,Cloudy,6,23,40,Bus,1,3,Dry,5,0,0,2,8,36,70,No Junction,Low
19,Wednesday,2,1,0,Residential,Heavy Rain,8,10,40,Motorcycle,2,4,Wet,3,0,0,0,5,28,82,Intersection,Medium
8,Thursday,7,1,0,National Highway,Foggy,4,30,80,Bus,2,10,Slippery,10,1,0,0,3,19,41,No Junction,High
5,Wednesday,12,0,0,Residential,Clear,5,16,40,Motorcycle,1,6,Dry,9,0,0,2,8,29,42,No Junction,Low
23,Monday,10,0,0,Urban Road,Rainy,4,35,40,Auto,2,4,Dry,3,0,0,1,7,25,65,T-Junction,Medium
2,Monday,9,0,0,State Highway,Rainy,4,74,60,Car,1,4,Good,6,0,0,0,6,21,74,Y-Junction,Medium
19,Saturday,1,1,1,Highway,Clear,6,46,80,Car,2,5,Dry,6,0,0,1,9,28,32,No Junction,Medium
11,Wednesday,3,0,0,National Highway,Clear,1,38,80,Car,1,16,Wet,13,0,0,1,8,32,91,No Junction,Medium
20,Thursday,7,1,0,Residential,Cloudy,9,16,40,Motorcycle,3,2,Dry,3,0,0,2,9,31,86,Roundabout,Medium
15,Monday,9,0,0,National Highway,Cloudy,6,50,80,Car,2,5,Dry,6,0,0,0,9,22,49,T-Junction,Medium
21,Monday,5,0,0,Urban Road,Clear,4,23,40,Bicycle,1,6,Wet,10,1,0,0,8,35,78,Intersection,Medium
21,Friday,7,0,0,Residential,Clear,2,101,40,Auto,1,10,Good,7,0,0,1,9,31,60,Intersection,Medium
0,Saturday,10,0,1,State Highway,Heavy Rain,1,16,60,Motorcycle,1,15,Under Construction,11,0,0,1,4,37,55,No Junction,Low
6,Sunday,7,0,1,Residential,Clear,5,43,40,Car,5,10,Dry,3,1,0,0,9,40,64,Roundabout,High
8,Tuesday,4,1,0,Urban Road,Foggy,5,19,40,Car,2,2,Wet,4,1,0,2,3,31,37,No Junction,High
17,Sunday,5,1,1,Urban Road,Clear,4,30,40,Car,4,8,Slippery,7,0,0,1,7,35,74,T-Junction,High
20,Sunday,2,1,1,Residential,Cloudy,3,37,40,Motorcycle,5,10,Dry,9,0,0,1,6,31,79,Intersection,High
13,Monday,8,0,0,Urban Road,Rainy,5,37,40,Bus,2,4,Dry,8,0,0,0,9,18,76,T-Junction,Low
16,Thursday,12,0,0,Residential,Clear,3,17,40,Auto,1,2,Good,9,0,0,0,7,13,93,No Junction,Low
8,Thursday,1,1,0,Urban Road,Clear,5,15,40,Bicycle,3,7,Slippery,6,0,1,1,7,24,47,No Junction,Medium
19,Friday,2,1,0,State Highway,Clear,8,10,60,Motorcycle,2,7,Wet,4,0,1,3,7,30,76,Intersection,High
22,Thursday,12,0,0,Urban Road,Cloudy,4,27,40,Auto,1,6,Wet,9,0,1,2,5,19,100,Intersection,High
9,Friday,3,1,0,Highway,Clear,3,35,80,Truck,2,0,Wet,3,0,0,0,9,27,96,T-Junction,Medium
14,Monday,7,0,0,Highway,Clear,4,50,80,Motorcycle,2,7,Wet,5,0,0,1,6,32,90,No Junction,High
6,Monday,6,0,0,Residential,Clear,5,19,40,Car,2,10,Wet,3,1,1,3,7,18,76,Y-Junction,High
15,Sunday,7,0,1,Urban Road,Clear,4,40,40,Auto,2,8,Dry,8,0,1,0,8,33,67,T-Junction,Medium
14,Monday,11,0,0,Urban Road,Rainy,8,16,40,Auto,4,3,Dry,7,0,1,1,5,29,69,T-Junction,High
7,Monday,5,1,0,State Highway,Heavy Rain,8,25,60,Auto,1,7,Good,4,0,1,0,5,27,66,Intersection,High
13,Tuesday,4,0,0,Urban Road,Clear,5,29,40,Bicycle,2,10,Dry,5,0,0,0,6,20,80,No Junction,Medium
10,Saturday,7,1,1,National Highway,Foggy,8,25,80,Bus,1,6,Wet,6,0,1,3,4,32,84,Roundabout,High
15,Sunday,3,0,1,National Highway,Clear,5,32,80,Car,2,5,Good,9,0,1,0,8,28,39,Intersection,Medium
16,Sunday,10,0,1,Highway,Heavy Rain,1,67,80,Truck,1,5,Dry,8,0,0,1,2,15,47,No Junction,Medium
0,Saturday,7,0,1,State Highway,Rainy,2,68,60,Motorcycle,1,7,Dry,8,0,0,1,8,29,46,Intersection,Medium
18,Tuesday,2,1,0,Residential,Cloudy,6,10,40,Auto,1,2,Good,9,0,0,1,8,22,56,Roundabout,Low
18,Monday,12,1,0,Urban Road,Clear,3,30,40,Bus,3,10,Under Construction,7,0,0,0,5,23,63,Y-Junction,Medium
11,Thursday,12,0,0,Residential,Cloudy,3,29,40,Bus,2,7,Slippery,8,0,1,1,8,28,69,No Junction,Medium
5,Friday,8,0,0,State Highway,Clear,6,41,60,Car,2,9,Wet,7,0,0,0,7,30,74,Intersection,Medium
18,Sunday,12,1,1,National Highway,Clear,5,10,80,Motorcycle,1,4,Dry,12,0,0,1,5,34,81,T-Junction,Medium
22,Saturday,6,0,1,Residential,Foggy,4,26,40,Motorcycle,3,8,Wet,9,0,1,0,2,22,69,T-Junction,High
8,Wednesday,12,1,0,Highway,Clear,7,29,80,Motorcycle,1,8,Slippery,13,1,0,0,5,28,62,No Junction,High
10,Friday,3,1,0,Residential,Cloudy,9,20,40,Bus,3,9,Dry,11,0,1,0,6,16,48,Intersection,High
8,Wednesday,3,1,0,Highway,Rainy,6,18,80,Car,3,4,Dry,7,0,0,0,7,30,54,No Junction,Medium
16,Wednesday,5,0,0,Residential,Clear,7,10,40,Car,1,3,Dry,7,0,0,0,9,25,55,Intersection,Low
7,Sunday,3,1,1,State Highway,Clear,8,19,60,Auto,2,3,Dry,3,1,0,3,7,31,80,T-Junction,Medium
11,Monday,6,0,0,Urban Road,Clear,2,61,40,Bus,1,5,Good,4,0,0,0,7,26,75,Intersection,Low
18,Wednesday,2,1,0,Highway,Rainy,7,11,80,Truck,1,8,Slippery,11,0,0,1,5,24,69,No Junction,Medium
16,Monday,8,0,0,Residential,Cloudy,4,43,40,Car,1,6,Dry,10,0,0,1,9,26,75,No Junction,Low
11,Tuesday,11,0,0,Urban Road,Foggy,4,31,40,Truck,5,9,Under Construction,3,0,0,1,2,14,61,Roundabout,High
12,Thursday,12,0,0,Urban Road,Rainy,8,10,40,Car,2,7,Dry,11,1,0,2,6,32,53,T-Junction,High
16,Wednesday,11,0,0,Residential,Clear,5,16,40,Motorcycle,1,6,Good,11,0,0,2,6,32,31,T-Junction,Medium
0,Sunday,9,0,1,National Highway,Cloudy,1,56,80,Bus,1,11,Slippery,11,0,0,1,6,32,56,Intersection,Medium
6,Thursday,7,0,0,Residential,Heavy Rain,5,52,40,Car,1,2,Under Construction,9,0,0,0,3,27,33,No Junction,High
20,Monday,3,1,0,Urban Road,Clear,7,10,40,Motorcycle,3,9,Dry,9,0,0,0,5,34,69,Roundabout,Medium
6,Wednesday,11,0,0,Residential,Clear,3,35,40,Motorcycle,2,11,Dry,7,0,1,0,6,23,44,No Junction,Low
18,Friday,10,1,0,Highway,Clear,8,18,80,Motorcycle,2,4,Dry,6,0,0,3,5,22,60,No Junction,High
21,Sunday,4,0,1,State Highway,Cloudy,5,10,60,Car,3,10,Dry,11,0,1,0,8,32,60,Y-Junction,Low
9,Tuesday,12,1,0,Residential,Clear,3,37,40,Car,2,7,Slippery,7,1,0,0,8,24,20,T-Junction,High
11,Saturday,10,0,1,National Highway,Rainy,4,34,80,Bus,3,0,Dry,3,0,0,0,8,37,26,Intersection,Medium
16,Tuesday,2,0,0,National Highway,Rainy,3,25,80,Car,1,6,Wet,9,1,0,0,7,35,77,No Junction,Medium
20,Wednesday,9,1,0,Urban Road,Clear,7,39,40,Bicycle,4,8,Wet,4,0,0,2,9,28,66,No Junction,High
22,Sunday,5,0,1,National Highway,Clear,2,43,80,Car,5,9,Dry,8,0,0,3,9,20,92,T-Junction,High
18,Tuesday,12,1,0,National Highway,Foggy,7,17,80,Truck,2,17,Dry,12,0,0,0,2,23,75,T-Junction,High
6,Saturday,2,0,1,Residential,Clear,5,48,40,Motorcycle,2,7,Under Construction,14,0,0,0,6,26,54,No Junction,Medium
17,Friday,10,1,0,Urban Road,Foggy,6,13,40,Motorcycle,2,6,Dry,10,0,1,0,3,43,24,No Junction,High
12,Thursday,6,0,0,State Highway,Foggy,3,24,60,Auto,2,5,Dry,11,0,0,0,3,29,80,No Junction,Medium
13,Friday,7,0,0,Urban Road,Clear,4,20,40,Car,1,9,Slippery,10,0,1,2,5,32,93,No Junction,Medium
4,Tuesday,2,0,0,Residential,Clear,5,10,40,Bus,1,10,Wet,10,1,0,3,7,22,24,Intersection,Medium
8,Saturday,1,1,1,Highway,Clear,5,51,80,Truck,2,4,Slippery,10,0,0,1,7,28,67,T-Junction,High
19,Thursday,7,1,0,Residential,Rainy,6,48,40,Bus,2,5,Under Construction,4,1,0,3,8,23,60,Intersection,High
13,Sunday,1,0,1,National Highway,Clear,1,16,80,Auto,1,11,Under Construction,4,0,0,0,5,24,21,No Junction,Low
9,Saturday,3,1,1,Urban Road,Foggy,6,26,40,Motorcycle,1,8,Dry,11,0,0,3,3,17,39,Intersection,High
11,Friday,4,0,0,State Highway,Clear,3,18,60,Truck,5,0,Wet,8,0,0,1,6,29,72,No Junction,High
20,Monday,2,1,0,Urban Road,Rainy,7,10,40,Motorcycle,2,0,Slippery,8,1,0,0,6,32,94,T-Junction,High
18,Monday,7,1,0,Residential,Clear,7,10,40,Motorcycle,1,7,Slippery,6,0,0,0,9,19,66,No Junction,Medium
9,Thursday,5,1,0,Residential,Rainy,8,24,40,Car,3,1,Wet,6,0,0,3,9,20,66,T-Junction,High
7,Thursday,1,1,0,Highway,Cloudy,6,10,80,Bicycle,1,7,Wet,11,1,0,0,8,19,62,Intersection,Medium
8,Thursday,12,1,0,Residential,Cloudy,5,10,40,Car,2,11,Slippery,5,0,1,0,9,28,77,T-Junction,Medium
21,Monday,12,0,0,State Highway,Clear,7,61,60,Motorcycle,2,9,Dry,8,0,0,1,8,27,55,Y-Junction,High
16,Friday,8,0,0,Urban Road,Rainy,7,31,40,Truck,1,7,Under Construction,5,0,0,0,7,33,69,Intersection,Low
15,Thursday,10,0,0,Residential,Rainy,4,47,40,Car,2,6,Dry,3,0,1,1,6,21,97,No Junction,High
16,Monday,7,0,0,Residential,Rainy,7,42,40,Car,2,8,Under Construction,8,0,0,0,5,25,43,T-Junction,Medium
11,Thursday,4,0,0,Urban Road,Clear,6,15,40,Auto,3,7,Wet,10,0,0,0,5,23,67,Y-Junction,Medium
19,Thursday,2,1,0,National Highway,Clear,10,25,80,Motorcycle,4,10,Wet,4,0,0,1,7,31,60,No Junction,High
15,Saturday,7,0,1,Residential,Rainy,5,17,40,Car,3,3,Wet,5,0,0,0,8,27,57,Intersection,Low
7,Thursday,11,1,0,Urban Road,Clear,7,20,40,Auto,2,3,Dry,4,0,0,1,6,24,56,Y-Junction,Medium
7,Monday,2,1,0,Highway,Foggy,6,11,80,Car,2,6,Under Construction,8,0,0,1,2,23,62,Intersection,High
15,Friday,6,0,0,Urban Road,Foggy,5,37,40,Truck,2,3,Dry,6,0,1,1,3,30,61,Intersection,High
22,Monday,1,0,0,Residential,Clear,3,34,40,Auto,4,4,Dry,3,0,0,0,7,34,53,Intersection,Medium
9,Monday,7,1,0,Residential,Rainy,8,17,40,Motorcycle,2,2,Dry,6,0,1,2,7,30,75,Intersection,High
20,Thursday,7,1,0,Residential,Rainy,5,35,40,Car,5,8,Dry,11,1,0,0,9,25,57,T-Junction,High
18,Saturday,12,1,1,State Highway,Cloudy,7,10,60,Motorcycle,2,2,Dry,11,0,0,0,7,19,53,No Junction,Medium
8,Wednesday,4,1,0,Urban Road,Heavy Rain,6,35,40,Motorcycle,2,4,Dry,11,0,0,1,4,35,49,Intersection,High
3,Sunday,4,0,1,Urban Road,Clear,5,28,40,Motorcycle,4,4,Wet,5,0,0,1,5,27,79,Y-Junction,High
6,Wednesday,10,0,0,National Highway,Rainy,6,33,80,Car,2,6,Wet,4,0,0,0,9,32,35,T-Junction,Medium
18,Wednesday,5,1,0,National Highway,Cloudy,8,10,80,Motorcycle,3,11,Under Construction,6,0,0,1,9,32,69,T-Junction,Medium
8,Monday,2,1,0,Urban Road,Foggy,6,19,40,Car,2,4,Dry,10,0,1,2,2,34,74,T-Junction,High
11,Thursday,9,0,0,Residential,Rainy,6,46,40,Motorcycle,2,1,Dry,10,0,1,0,6,37,20,Intersection,Medium
14,Sunday,10,0,1,Urban Road,Clear,1,50,40,Car,1,5,Dry,8,0,0,0,8,14,48,No Junction,Low
18,Wednesday,4,1,0,Highway,Rainy,9,11,80,Car,4,9,Slippery,11,0,0,1,8,28,84,Roundabout,High
7,Tuesday,11,1,0,State Highway,Clear,8,50,60,Car,1,12,Wet,9,0,0,0,7,35,100,Y-Junction,Medium
12,Tuesday,9,0,0,Urban Road,Clear,2,30,40,Bus,5,1,Wet,6,0,0,1,7,28,49,No Junction,Medium
14,Tuesday,3,0,0,Highway,Clear,7,63,80,Car,2,3,Dry,6,1,0,0,6,29,47,Y-Junction,High
15,Friday,9,0,0,State Highway,Clear,1,58,60,Motorcycle,2,8,Dry,4,0,1,0,7,28,50,Y-Junction,Medium
19,Thursday,1,1,0,National Highway,Foggy,8,51,80,Motorcycle,2,2,Dry,7,0,1,1,2,26,76,Y-Junction,High
7,Monday,7,1,0,National Highway,Foggy,5,10,80,Car,2,6,Under Construction,6,0,1,0,4,21,66,T-Junction,High
19,Monday,4,1,0,Residential,Rainy,7,10,40,Motorcycle,2,1,Dry,4,0,0,0,9,24,68,T-Junction,Medium
18,Thursday,7,1,0,Urban Road,Clear,7,38,40,Bicycle,2,6,Good,5,0,0,0,7,20,80,Intersection,Medium
15,Saturday,10,0,1,Highway,Cloudy,6,19,80,Car,1,8,Good,12,0,0,3,8,31,97,T-Junction,Medium
18,Sunday,6,1,1,State Highway,Clear,6,16,60,Auto,3,11,Wet,6,0,1,0,5,30,26,No Junction,High
12,Saturday,4,0,1,National Highway,Clear,3,87,80,Motorcycle,2,0,Good,12,0,0,0,5,27,77,Y-Junction,High
7,Friday,4,1,0,State Highway,Rainy,4,10,60,Bus,3,8,Dry,8,0,0,1,9,13,88,Roundabout,Medium
17,Thursday,8,1,0,State Highway,Cloudy,7,18,60,Motorcycle,4,11,Dry,7,0,1,0,8,25,77,No Junction,Medium
15,Saturday,7,0,1,Highway,Rainy,1,23,80,Car,3,8,Dry,9,1,0,1,9,21,57,No Junction,Medium
17,Sunday,4,1,1,Urban Road,Clear,7,37,40,Motorcycle,2,7,Dry,3,1,1,3,8,21,89,Intersection,High
10,Friday,11,1,0,Urban Road,Clear,7,10,40,Motorcycle,2,5,Dry,14,0,0,0,5,29,56,Intersection,Medium
21,Wednesday,6,0,0,State Highway,Clear,5,29,60,Motorcycle,2,0,Wet,10,0,1,0,7,33,69,T-Junction,Medium
16,Wednesday,6,0,0,Highway,Rainy,7,54,80,Motorcycle,1,0,Dry,8,1,0,2,6,36,41,No Junction,High
6,Friday,1,0,0,Urban Road,Clear,6,16,40,Truck,2,9,Wet,10,0,0,0,7,29,61,Roundabout,Low
13,Thursday,2,0,0,Highway,Clear,7,26,80,Truck,2,5,Dry,8,0,0,1,8,36,90,No Junction,Medium
18,Wednesday,4,1,0,Residential,Clear,5,10,40,Motorcycle,2,9,Dry,6,1,0,1,9,20,86,No Junction,Medium
19,Thursday,6,1,0,State Highway,Rainy,7,10,60,Bus,1,0,Slippery,7,0,0,1,9,22,76,T-Junction,Medium
14,Saturday,6,0,1,Residential,Foggy,2,10,40,Truck,2,9,Slippery,6,0,0,1,4,27,100,T-Junction,Medium
21,Wednesday,1,0,0,State Highway,Cloudy,2,10,60,Car,3,3,Slippery,5,1,0,1,5,31,82,T-Junction,High
9,Sunday,8,1,1,Residential,Rainy,4,10,40,Auto,1,6,Good,6,0,0,1,7,30,56,Intersection,Low
12,Sunday,2,0,1,Highway,Clear,3,19,80,Car,2,5,Wet,8,0,0,0,7,32,71,T-Junction,Medium
21,Saturday,5,0,1,Urban Road,Rainy,5,42,40,Motorcycle,5,11,Slippery,9,0,0,2,6,29,68,Y-Junction,High
21,Sunday,4,0,1,National Highway,Rainy,3,22,80,Motorcycle,4,8,Dry,12,1,0,2,8,28,51,Intersection,High
17,Thursday,5,1,0,Urban Road,Foggy,8,10,40,Motorcycle,1,0,Wet,7,0,0,0,1,37,65,Intersection,High
20,Thursday,5,1,0,Highway,Rainy,10,13,80,Motorcycle,2,1,Wet,5,1,0,3,7,30,68,No Junction,High
6,Sunday,10,0,1,Urban Road,Heavy Rain,1,56,40,Bus,1,14,Wet,4,0,1,1,3,28,84,Intersection,High
20,Tuesday,8,1,0,Urban Road,Foggy,8,27,40,Truck,1,7,Slippery,9,0,0,0,2,28,90,Y-Junction,Medium
10,Friday,10,1,0,Urban Road,Foggy,5,31,40,Motorcycle,3,7,Slippery,12,0,0,0,4,23,39,T-Junction,High
7,Monday,7,1,0,Residential,Cloudy,8,38,40,Car,3,3,Slippery,6,0,0,0,6,32,73,T-Junction,High
8,Friday,12,1,0,National Highway,Rainy,8,24,80,Car,2,4,Dry,6,0,0,0,7,21,70,No Junction,Medium
12,Sunday,9,0,1,State Highway,Clear,1,35,60,Truck,1,9,Dry,10,1,0,1,7,17,88,No Junction,Medium
8,Thursday,12,1,0,Highway,Cloudy,5,62,80,Truck,1,7,Wet,4,0,0,0,7,38,53,T-Junction,High
10,Thursday,11,1,0,Residential,Rainy,10,45,40,Car,2,5,Wet,12,0,0,0,9,36,59,No Junction,High
7,Friday,1,1,0,State Highway,Rainy,4,10,60,Bicycle,4,0,Dry,7,0,0,3,8,30,70,No Junction,Medium
9,Thursday,6,1,0,State Highway,Clear,4,34,60,Truck,1,7,Good,9,1,0,0,5,30,71,T-Junction,High
16,Saturday,6,0,1,Urban Road,Clear,5,28,40,Truck,2,4,Good,8,0,0,3,5,26,79,Intersection,Medium
13,Wednesday,2,0,0,Urban Road,Rainy,4,55,40,Motorcycle,2,0,Slippery,3,0,1,1,5,25,86,Intersection,High
10,Thursday,11,1,0,State Highway,Rainy,4,42,60,Motorcycle,1,2,Dry,7,0,0,0,6,17,60,Y-Junction,Low
18,Sunday,8,1,1,State Highway,Clear,7,10,60,Bicycle,2,6,Wet,6,1,1,2,9,21,47,T-Junction,High
21,Sunday,6,0,1,Urban Road,Clear,5,59,40,Bus,2,12,Wet,9,0,1,2,6,22,46,Roundabout,High
18,Friday,11,1,0,Highway,Clear,3,40,80,Motorcycle,1,0,Wet,11,0,0,0,8,28,92,Intersection,Medium
10,Friday,10,1,0,Residential,Clear,10,27,40,Car,1,7,Dry,9,0,0,1,5,38,45,Intersection,High
18,Friday,9,1,0,Highway,Cloudy,9,35,80,Bus,2,6,Wet,6,0,0,2,5,18,84,No Junction,High
7,Sunday,10,1,1,Highway,Clear,6,23,80,Auto,1,12,Slippery,12,0,1,1,5,31,23,T-Junction,High
7,Tuesday,5,1,0,Urban Road,Rainy,5,31,40,Motorcycle,3,13,Good,8,0,0,0,7,32,77,Y-Junction,Medium
10,Sunday,7,1,1,Urban Road,Clear,4,32,40,Auto,3,5,Wet,11,0,0,0,7,17,62,No Junction,Medium
19,Saturday,6,1,1,Urban Road,Rainy,3,33,40,Motorcycle,1,6,Good,10,0,0,1,5,19,80,No Junction,Low
8,Sunday,11,1,1,Urban Road,Heavy Rain,3,19,40,Car,4,6,Good,5,1,1,0,3,29,60,T-Junction,High
5,Saturday,5,0,1,Highway,Clear,4,35,80,Motorcycle,5,0,Wet,11,0,1,3,7,29,62,Y-Junction,High
7,Sunday,6,1,1,Highway,Rainy,5,18,80,Motorcycle,1,6,Slippery,10,0,0,0,6,35,69,No Junction,Medium
20,Sunday,4,1,1,Highway,Clear,7,59,80,Car,1,13,Dry,8,0,0,0,9,30,42,Intersection,Medium
17,Tuesday,3,1,0,Urban Road,Clear,8,10,40,Truck,4,0,Wet,6,0,0,0,6,20,67,No Junction,High
8,Saturday,1,1,1,Urban Road,Clear,6,24,40,Bus,1,11,Dry,10,0,0,0,9,28,66,T-Junction,Low
15,Tuesday,1,0,0,Urban Road,Clear,5,34,40,Car,1,6,Dry,10,0,0,0,7,23,98,T-Junction,Medium
15,Saturday,6,0,1,Urban Road,Rainy,2,54,40,Bus,2,3,Under Construction,6,0,0,3,5,15,82,No Junction,High
17,Tuesday,9,1,0,Urban Road,Rainy,8,17,40,Car,1,0,Under Construction,9,0,0,1,5,32,81,Y-Junction,Medium
8,Tuesday,8,1,0,Urban Road,Rainy,7,50,40,Car,2,9,Dry,6,0,0,0,5,31,69,Intersection,High
20,Saturday,12,1,1,State Highway,Cloudy,5,32,60,Truck,4,11,Wet,6,0,0,2,6,27,81,T-Junction,High
9,Tuesday,2,1,0,Urban Road,Clear,6,41,40,Motorcycle,4,11,Wet,9,1,1,0,5,38,33,No Junction,High
18,Sunday,9,1,1,State Highway,Cloudy,5,24,60,Car,1,11,Wet,10,0,0,0,9,20,83,T-Junction,Low
1,Saturday,8,0,1,Urban Road,Rainy,2,10,40,Bus,4,2,Dry,9,0,0,2,5,34,48,Intersection,Medium
11,Tuesday,12,0,0,National Highway,Cloudy,7,15,80,Car,3,2,Slippery,7,0,0,1,7,23,39,No Junction,Medium
11,Sunday,9,0,1,Urban Road,Clear,1,64,40,Auto,5,6,Dry,4,0,1,0,5,30,62,T-Junction,High
15,Sunday,4,0,1,Residential,Rainy,4,51,40,Car,1,10,Dry,7,0,0,2,6,33,76,T-Junction,Medium
6,Friday,9,0,0,Urban Road,Clear,5,53,40,Car,1,5,Slippery,9,0,1,1,6,22,100,No Junction,Medium
19,Monday,2,1,0,National Highway,Clear,7,34,80,Auto,2,3,Under Construction,14,0,0,3,7,24,24,No Junction,High
8,Saturday,1,1,1,Urban Road,Clear,5,25,40,Car,5,7,Good,5,0,0,2,8,30,53,Roundabout,Medium
17,Tuesday,9,1,0,State Highway,Rainy,7,32,60,Truck,2,1,Slippery,7,1,0,0,6,21,67,T-Junction,High
19,Friday,10,1,0,Residential,Rainy,9,36,40,Motorcycle,2,3,Dry,7,0,0,1,8,31,53,Intersection,Medium
16,Monday,8,0,0,Residential,Rainy,3,73,40,Motorcycle,2,7,Wet,3,0,0,1,7,28,100,Y-Junction,High
18,Tuesday,7,1,0,State Highway,Clear,9,44,60,Bus,4,12,Good,6,0,0,0,5,30,75,T-Junction,High
17,Monday,8,1,0,National Highway,Rainy,6,69,80,Auto,4,13,Dry,4,0,0,0,8,23,61,T-Junction,High
11,Saturday,12,0,1,Residential,Clear,5,10,40,Truck,5,8,Good,6,0,0,0,7,23,40,Roundabout,Medium
19,Sunday,1,1,1,Urban Road,Rainy,3,22,40,Motorcycle,2,0,Dry,12,0,0,0,8,19,52,Intersection,Low
9,Sunday,9,1,1,Urban Road,Clear,8,10,40,Motorcycle,2,9,Slippery,9,0,0,0,8,29,79,No Junction,Medium
16,Monday,12,0,0,Urban Road,Heavy Rain,9,10,40,Car,1,6,Dry,8,1,0,1,3,20,53,No Junction,High
18,Sunday,10,1,1,Highway,Clear,4,49,80,Motorcycle,2,9,Slippery,13,0,0,0,6,26,78,Intersection,High
11,Wednesday,11,0,0,Highway,Cloudy,4,37,80,Bus,2,3,Dry,12,0,0,0,8,32,75,No Junction,Medium
9,Thursday,9,1,0,Residential,Clear,9,34,40,Car,2,7,Dry,5,0,0,3,9,39,72,Roundabout,High
13,Sunday,12,0,1,State Highway,Clear,1,40,60,Car,1,10,Slippery,3,1,0,3,5,30,76,Roundabout,Medium
19,Wednesday,11,1,0,Highway,Clear,8,42,80,Car,2,3,Wet,3,1,1,2,9,28,80,No Junction,High
21,Saturday,9,0,1,Residential,Clear,1,51,40,Motorcycle,1,10,Under Construction,5,1,0,0,5,19,63,Intersection,Medium
15,Saturday,6,0,1,Urban Road,Cloudy,2,48,40,Car,5,2,Wet,6,0,0,1,5,25,60,Intersection,High
17,Monday,4,1,0,State Highway,Foggy,8,30,60,Motorcycle,1,11,Good,12,1,1,2,2,25,62,No Junction,High
21,Sunday,2,0,1,Highway,Clear,6,30,80,Car,1,5,Dry,11,0,0,0,9,30,36,Intersection,Medium
6,Sunday,11,0,1,Residential,Clear,5,17,40,Bus,2,2,Slippery,10,0,1,0,8,26,89,No Junction,Medium
8,Sunday,4,1,1,National Highway,Clear,6,10,80,Motorcycle,4,9,Good,6,0,1,1,5,40,34,Intersection,High
18,Friday,7,1,0,Urban Road,Rainy,5,58,40,Motorcycle,1,4,Wet,7,0,0,0,9,31,27,Roundabout,Medium
19,Tuesday,1,1,0,Residential,Foggy,7,15,40,Car,4,1,Good,6,0,0,0,3,32,100,Roundabout,High
20,Thursday,9,1,0,State Highway,Rainy,6,10,60,Auto,1,2,Slippery,14,0,0,1,6,31,85,No Junction,Medium
12,Sunday,3,0,1,Highway,Rainy,5,31,80,Bicycle,1,0,Wet,6,0,0,0,9,22,62,T-Junction,Medium
6,Tuesday,4,0,0,National Highway,Heavy Rain,5,13,80,Bus,1,5,Wet,5,0,0,0,5,24,95,Y-Junction,Medium
12,Friday,12,0,0,State Highway,Clear,4,47,60,Car,1,3,Under Construction,9,0,0,2,9,25,55,T-Junction,Medium
8,Saturday,5,1,1,Highway,Heavy Rain,7,24,80,Bus,3,1,Good,5,0,0,0,5,35,86,Roundabout,High
9,Thursday,12,1,0,Urban Road,Clear,6,32,40,Truck,2,11,Wet,9,0,0,1,5,34,58,Y-Junction,Medium
19,Wednesday,3,1,0,Residential,Clear,5,19,40,Car,3,10,Dry,8,0,0,2,9,29,75,T-Junction,Medium
6,Saturday,4,0,1,State Highway,Foggy,4,68,60,Car,2,10,Dry,5,0,0,1,3,29,65,T-Junction,High
19,Saturday,5,1,1,Highway,Clear,4,39,80,Car,2,6,Wet,6,0,1,1,7,32,33,Intersection,High
12,Monday,12,0,0,Residential,Foggy,3,69,40,Auto,2,2,Dry,5,1,0,1,3,19,51,Y-Junction,High
16,Friday,1,0,0,Urban Road,Clear,7,11,40,Car,2,1,Wet,11,0,1,0,8,28,57,T-Junction,Medium
6,Monday,9,0,0,State Highway,Cloudy,2,68,60,Bus,2,8,Under Construction,7,0,0,0,8,19,70,Roundabout,Medium
10,Monday,10,1,0,Residential,Clear,10,10,40,Car,2,15,Wet,7,1,1,0,9,26,65,Y-Junction,High
6,Tuesday,10,0,0,Urban Road,Cloudy,7,29,40,Truck,3,12,Wet,10,0,0,1,8,33,30,No Junction,Medium
22,Saturday,4,0,1,Residential,Foggy,1,50,40,Auto,2,8,Dry,10,0,0,0,1,22,48,No Junction,Medium
19,Friday,9,1,0,State Highway,Clear,7,15,60,Bus,1,7,Slippery,8,1,1,2,7,35,90,T-Junction,High
13,Monday,4,0,0,Urban Road,Clear,5,55,40,Motorcycle,1,4,Wet,11,0,0,2,6,32,59,No Junction,Medium
8,Wednesday,1,1,0,State Highway,Clear,7,28,60,Car,2,9,Dry,7,0,0,0,6,28,37,Roundabout,Medium
22,Thursday,12,0,0,Highway,Rainy,4,10,80,Car,5,3,Wet,5,0,1,1,5,27,85,Intersection,High
10,Sunday,5,1,1,Residential,Heavy Rain,5,59,40,Bus,2,0,Dry,8,1,1,3,2,22,60,No Junction,High
7,Friday,9,1,0,State Highway,Clear,5,43,60,Car,1,2,Wet,7,0,0,0,9,21,83,Intersection,Low
16,Tuesday,3,0,0,Urban Road,Clear,4,69,40,Bicycle,2,5,Under Construction,12,0,1,2,5,22,51,No Junction,High
22,Friday,5,0,0,State Highway,Foggy,7,27,60,Bicycle,2,0,Dry,7,0,1,0,2,24,48,T-Junction,High
0,Saturday,3,0,1,Residential,Rainy,7,24,40,Car,2,10,Good,12,0,0,0,5,30,47,T-Junction,Medium
8,Tuesday,12,1,0,National Highway,Clear,3,20,80,Car,1,2,Wet,4,1,0,2,6,22,67,Intersection,High
22,Thursday,3,0,0,Highway,Rainy,5,35,80,Truck,2,9,Wet,7,0,1,0,5,25,100,No Junction,Medium
7,Wednesday,1,1,0,Highway,Clear,7,31,80,Car,1,8,Dry,7,0,0,0,5,32,56,No Junction,Medium
7,Monday,2,1,0,State Highway,Clear,7,17,60,Truck,3,5,Slippery,7,0,0,1,7,19,69,Y-Junction,High
16,Friday,2,0,0,State Highway,Cloudy,4,25,60,Car,1,7,Wet,11,0,1,1,8,20,100,Y-Junction,Medium
20,Tuesday,9,1,0,Urban Road,Clear,8,32,40,Motorcycle,5,8,Slippery,6,0,0,0,9,26,66,No Junction,High
13,Thursday,7,0,0,National Highway,Foggy,7,25,80,Motorcycle,2,5,Dry,10,0,0,0,4,28,43,No Junction,Medium
23,Monday,8,0,0,Residential,Clear,6,39,40,Car,1,13,Slippery,7,0,1,2,7,27,63,Roundabout,Medium
17,Sunday,2,1,1,National Highway,Clear,1,10,80,Bicycle,5,0,Good,7,0,1,1,7,35,69,Roundabout,High
6,Thursday,9,0,0,Urban Road,Rainy,4,17,40,Car,2,4,Dry,3,0,1,1,9,22,44,Y-Junction,Low
23,Wednesday,3,0,0,Urban Road,Clear,4,22,40,Auto,2,5,Good,11,0,0,1,5,20,56,No Junction,Medium
12,Monday,10,0,0,Urban Road,Clear,4,35,40,Car,2,14,Wet,12,1,0,0,8,16,49,No Junction,Medium
9,Monday,2,1,0,National Highway,Foggy,7,10,80,Truck,2,2,Dry,4,0,0,3,4,26,100,Roundabout,High
15,Sunday,12,0,1,Urban Road,Clear,1,46,40,Bicycle,2,12,Dry,12,1,0,3,5,30,38,Roundabout,High
9,Monday,1,1,0,National Highway,Rainy,10,10,80,Car,1,3,Dry,3,1,0,1,5,30,52,Intersection,High
6,Tuesday,9,0,0,State Highway,Clear,9,63,60,Motorcycle,2,9,Dry,7,0,1,0,6,26,34,Intersection,High
0,Monday,8,0,0,Urban Road,Clear,6,46,40,Car,4,5,Dry,7,0,0,0,7,25,49,Roundabout,High
13,Thursday,12,0,0,Urban Road,Clear,4,33,40,Car,1,1,Dry,7,1,0,3,9,29,59,No Junction,Medium
19,Tuesday,11,1,0,Residential,Rainy,9,36,40,Car,2,11,Dry,11,0,1,0,9,29,77,Roundabout,Medium
16,Monday,4,0,0,Residential,Foggy,3,48,40,Bus,4,5,Dry,10,0,0,0,4,22,80,T-Junction,High
23,Thursday,7,0,0,Highway,Rainy,7,28,80,Truck,3,2,Dry,3,0,1,3,9,31,55,T-Junction,High
9,Thursday,12,1,0,National Highway,Clear,10,10,80,Motorcycle,5,4,Good,12,0,0,0,5,31,72,Y-Junction,High
9,Friday,3,1,0,Residential,Cloudy,6,23,40,Car,3,0,Good,13,0,0,0,5,18,23,Roundabout,Medium
7,Thursday,3,1,0,National Highway,Clear,8,13,80,Car,1,3,Under Construction,10,0,0,0,8,25,69,No Junction,Medium
7,Sunday,4,1,1,Residential,Rainy,8,45,40,Truck,1,6,Dry,6,0,0,3,5,21,54,T-Junction,High
9,Saturday,2,1,1,Urban Road,Rainy,5,10,40,Car,4,7,Dry,8,1,1,0,5,26,61,No Junction,High
19,Wednesday,10,1,0,Residential,Clear,6,19,40,Motorcycle,5,10,Dry,7,1,0,1,9,23,86,No Junction,Medium
21,Monday,4,0,0,State Highway,Heavy Rain,4,23,60,Car,2,7,Dry,10,0,1,1,2,29,59,Intersection,High
23,Sunday,10,0,1,Urban Road,Rainy,5,27,40,Motorcycle,2,0,Good,3,0,0,1,9,21,78,Roundabout,Low
8,Monday,3,1,0,National Highway,Rainy,6,10,80,Bus,2,8,Under Construction,9,0,1,0,6,30,26,T-Junction,Medium
20,Monday,8,1,0,Urban Road,Clear,6,20,40,Auto,4,1,Dry,11,0,1,0,8,41,68,T-Junction,Medium
10,Thursday,11,1,0,National Highway,Clear,10,10,80,Motorcycle,2,7,Wet,7,0,0,0,5,29,98,T-Junction,High
7,Thursday,2,1,0,State Highway,Foggy,7,14,60,Motorcycle,2,7,Under Construction,9,0,0,0,1,35,57,No Junction,High
20,Monday,11,1,0,State Highway,Clear,6,39,60,Motorcycle,1,10,Slippery,3,0,1,0,9,26,43,No Junction,Low
17,Saturday,9,1,1,Urban Road,Clear,8,19,40,Motorcycle,2,9,Dry,5,0,1,1,5,21,80,Intersection,High
7,Tuesday,3,1,0,Residential,Clear,6,27,40,Motorcycle,1,3,Dry,9,1,1,1,8,25,79,Intersection,High
12,Tuesday,4,0,0,State Highway,Clear,5,51,60,Bus,1,12,Wet,9,0,0,2,9,31,75,Y-Junction,Medium
9,Wednesday,10,1,0,Urban Road,Cloudy,7,33,40,Car,2,3,Dry,6,0,0,0,7,27,24,Intersection,Medium
18,Friday,10,1,0,Residential,Cloudy,7,10,40,Motorcycle,2,2,Under Construction,8,1,0,1,5,25,51,Roundabout,High
13,Sunday,3,0,1,State Highway,Rainy,1,60,60,Motorcycle,1,9,Dry,7,0,0,0,8,32,49,No Junction,Low
23,Wednesday,3,0,0,Urban Road,Cloudy,5,27,40,Car,1,8,Dry,3,0,0,1,6,27,61,No Junction,Low
5,Monday,8,0,0,Urban Road,Rainy,6,53,40,Motorcycle,2,5,Dry,7,0,0,3,5,18,42,Roundabout,Medium
11,Sunday,8,0,1,Highway,Rainy,5,50,80,Motorcycle,2,9,Dry,10,0,0,2,6,31,77,T-Junction,High
14,Monday,6,0,0,Urban Road,Cloudy,9,12,40,Motorcycle,3,5,Wet,11,0,1,0,5,29,72,Intersection,High
14,Monday,4,0,0,National Highway,Clear,3,12,80,Truck,1,6,Dry,7,0,0,0,9,34,100,T-Junction,Low
10,Friday,1,1,0,State Highway,Clear,5,38,60,Motorcycle,3,11,Dry,9,0,0,0,8,30,77,Y-Junction,Medium
18,Thursday,4,1,0,Highway,Clear,8,17,80,Motorcycle,1,7,Slippery,8,0,0,0,7,24,48,T-Junction,Medium
20,Friday,8,1,0,State Highway,Clear,5,44,60,Car,1,3,Dry,9,0,0,0,6,29,51,T-Junction,Low
22,Wednesday,6,0,0,Highway,Cloudy,7,29,80,Motorcycle,2,4,Dry,6,0,0,0,6,27,88,Intersection,Medium
19,Thursday,2,1,0,Urban Road,Cloudy,8,10,40,Motorcycle,3,13,Dry,7,1,0,0,5,29,23,T-Junction,Medium
20,Thursday,3,1,0,Highway,Foggy,8,10,80,Truck,1,3,Dry,9,0,0,0,4,34,41,Intersection,Medium
15,Wednesday,12,0,0,National Highway,Clear,5,20,80,Motorcycle,1,5,Wet,9,1,0,0,5,25,75,No Junction,High
19,Thursday,7,1,0,National Highway,Cloudy,6,48,80,Motorcycle,2,2,Dry,9,1,0,0,5,26,79,Intersection,High
9,Sunday,11,1,1,Residential,Clear,7,16,40,Motorcycle,2,0,Wet,10,1,0,0,6,13,63,No Junction,Medium
12,Tuesday,11,0,0,Urban Road,Rainy,6,47,40,Bicycle,2,4,Wet,8,0,0,1,6,37,58,No Junction,High
10,Wednesday,4,1,0,Urban Road,Foggy,8,10,40,Auto,2,3,Slippery,8,1,0,0,4,27,54,Intersection,High
13,Wednesday,4,0,0,State Highway,Clear,4,10,60,Car,1,6,Good,6,0,0,1,9,24,50,No Junction,Low
9,Tuesday,5,1,0,Urban Road,Cloudy,3,38,40,Auto,2,0,Dry,10,0,0,0,9,33,60,No Junction,Medium
22,Friday,8,0,0,Urban Road,Foggy,4,55,40,Motorcycle,2,5,Slippery,4,0,0,0,3,35,100,Intersection,High
10,Friday,7,1,0,Residential,Rainy,6,74,40,Car,1,2,Under Construction,9,0,0,1,7,18,20,Y-Junction,Medium
6,Friday,9,0,0,Urban Road,Clear,6,10,40,Car,2,6,Good,8,0,0,0,9,24,45,No Junction,Low
15,Thursday,5,0,0,Highway,Rainy,8,10,80,Auto,3,0,Wet,5,0,0,2,9,29,99,T-Junction,High
5,Tuesday,1,0,0,Urban Road,Clear,2,63,40,Auto,2,10,Dry,5,0,0,2,5,21,84,Intersection,Medium
7,Sunday,4,1,1,Residential,Foggy,5,10,40,Auto,2,6,Dry,8,0,0,1,3,24,37,Intersection,Medium
8,Wednesday,6,1,0,National Highway,Clear,5,33,80,Bus,1,10,Dry,7,0,0,2,6,20,61,Y-Junction,Medium
13,Wednesday,6,0,0,Highway,Rainy,3,44,80,Car,1,4,Good,6,0,0,0,8,28,80,No Junction,Medium
12,Wednesday,9,0,0,Urban Road,Clear,6,55,40,Car,1,6,Wet,9,0,0,2,6,22,85,Roundabout,High
19,Thursday,10,1,0,Urban Road,Clear,8,41,40,Auto,2,0,Wet,3,0,1,0,5,42,45,No Junction,High
18,Thursday,5,1,0,Urban Road,Rainy,6,29,40,Motorcycle,2,2,Wet,8,0,0,0,8,38,50,T-Junction,Medium
12,Saturday,5,0,1,Residential,Clear,5,60,40,Car,3,1,Dry,6,0,0,0,9,21,44,No Junction,Medium
10,Sunday,6,1,1,Highway,Cloudy,10,19,80,Car,2,2,Dry,4,1,0,2,7,17,59,No Junction,High
10,Friday,11,1,0,Urban Road,Foggy,8,10,40,Car,4,1,Good,6,0,0,0,2,19,74,T-Junction,High
19,Saturday,6,1,1,State Highway,Clear,2,10,60,Car,2,12,Slippery,4,1,0,0,9,25,90,No Junction,Medium
5,Saturday,3,0,1,Urban Road,Clear,4,23,40,Motorcycle,2,0,Wet,11,0,1,1,6,29,37,Intersection,High
1,Thursday,6,0,0,National Highway,Clear,6,16,80,Car,2,3,Dry,10,0,1,1,6,19,85,Intersection,High
19,Friday,8,1,0,Urban Road,Clear,5,76,40,Car,3,6,Wet,10,0,0,0,9,26,68,No Junction,High
13,Friday,12,0,0,Urban Road,Rainy,5,44,40,Motorcycle,2,12,Dry,9,0,1,3,9,26,60,Intersection,High
7,Wednesday,6,1,0,Urban Road,Rainy,8,10,40,Bus,1,6,Dry,3,0,0,2,7,20,100,Y-Junction,Low
8,Thursday,12,1,0,Urban Road,Clear,7,17,40,Motorcycle,2,10,Dry,4,0,0,0,6,36,98,T-Junction,Medium
22,Friday,11,0,0,National Highway,Heavy Rain,7,10,80,Car,1,11,Wet,10,0,1,2,2,29,28,T-Junction,High
20,Saturday,5,1,1,Residential,Cloudy,6,12,40,Truck,2,6,Dry,13,1,0,0,8,30,99,No Junction,High
18,Tuesday,3,1,0,Urban Road,Rainy,7,10,40,Truck,2,2,Dry,9,0,0,0,5,42,65,No Junction,Medium
14,Tuesday,1,0,0,Residential,Clear,2,41,40,Car,2,9,Slippery,12,0,0,0,5,21,38,T-Junction,Medium
15,Thursday,5,0,0,National Highway,Cloudy,2,10,80,Car,1,2,Under Construction,5,0,0,1,5,33,90,No Junction,Medium
23,Wednesday,6,0,0,Highway,Clear,2,33,80,Motorcycle,4,6,Dry,6,1,1,0,6,38,91,T-Junction,Medium
22,Wednesday,6,0,0,Urban Road,Clear,6,16,40,Bus,5,3,Dry,10,0,0,2,8,37,66,No Junction,Medium
8,Friday,6,1,0,Urban Road,Clear,6,10,40,Car,2,6,Slippery,5,0,0,2,6,31,73,T-Junction,Medium
19,Sunday,3,1,1,State Highway,Clear,3,10,60,Motorcycle,1,1,Under Construction,3,0,0,0,9,17,67,T-Junction,Low
8,Thursday,4,1,0,Highway,Clear,6,21,80,Truck,1,6,Wet,10,0,1,0,7,30,63,T-Junction,Medium
8,Sunday,3,1,1,Urban Road,Rainy,5,50,40,Motorcycle,1,3,Slippery,5,1,0,0,5,24,97,T-Junction,High
17,Tuesday,2,1,0,Urban Road,Cloudy,5,59,40,Bus,2,0,Dry,3,0,0,0,9,29,59,T-Junction,Medium
12,Saturday,8,0,1,Residential,Cloudy,4,10,40,Motorcycle,3,11,Under Construction,11,1,0,0,9,34,91,Intersection,Medium
22,Friday,7,0,0,State Highway,Foggy,8,12,60,Auto,1,5,Under Construction,9,0,0,0,2,30,76,Intersection,Medium
6,Saturday,11,0,1,Urban Road,Clear,1,66,40,Car,2,8,Slippery,10,0,0,0,8,21,40,T-Junction,Medium
14,Sunday,8,0,1,Urban Road,Clear,4,25,40,Car,5,9,Good,10,0,1,1,8,19,62,Y-Junction,Medium
21,Friday,6,0,0,National Highway,Clear,2,58,80,Bus,2,3,Dry,10,0,1,0,9,23,64,Intersection,Medium
21,Monday,11,0,0,Urban Road,Rainy,7,34,40,Car,4,8,Dry,9,0,1,0,7,27,54,No Junction,Medium
7,Saturday,12,1,1,Urban Road,Rainy,3,36,40,Bicycle,1,3,Dry,3,1,0,0,8,36,55,No Junction,Medium
11,Thursday,7,0,0,Residential,Rainy,1,11,40,Car,2,4,Dry,4,0,0,0,5,29,78,No Junction,Low
17,Saturday,1,1,1,State Highway,Clear,6,44,60,Bus,1,8,Under Construction,11,0,1,1,6,27,82,T-Junction,Medium
7,Saturday,10,1,1,Urban Road,Rainy,4,53,40,Car,1,3,Slippery,9,0,1,0,7,26,77,T-Junction,High
22,Friday,5,0,0,Urban Road,Rainy,9,16,40,Car,1,13,Slippery,7,0,0,0,9,26,68,T-Junction,Medium
21,Tuesday,4,0,0,State Highway,Cloudy,2,48,60,Motorcycle,1,13,Dry,3,0,1,0,6,33,57,Intersection,Medium
7,Sunday,10,1,1,Residential,Foggy,2,28,40,Car,1,12,Slippery,5,0,1,0,2,21,57,No Junction,Medium
7,Monday,3,1,0,State Highway,Clear,7,19,60,Car,1,7,Dry,7,0,1,1,8,34,70,T-Junction,Medium
6,Saturday,2,0,1,State Highway,Clear,1,65,60,Auto,5,4,Dry,5,1,1,0,7,32,79,T-Junction,High
21,Sunday,9,0,1,Urban Road,Clear,1,31,40,Truck,1,6,Wet,4,0,0,3,6,26,97,Y-Junction,Medium
8,Sunday,8,1,1,State Highway,Clear,3,43,60,Car,5,7,Dry,9,0,0,3,8,44,72,No Junction,High
12,Tuesday,10,0,0,Highway,Clear,2,58,80,Motorcycle,2,7,Good,12,0,1,0,7,34,78,No Junction,Medium
13,Wednesday,2,0,0,State Highway,Clear,3,60,60,Bus,2,3,Dry,9,1,0,0,6,26,33,No Junction,Medium
16,Monday,6,0,0,State Highway,Clear,3,41,60,Car,1,13,Wet,6,0,0,0,9,32,29,T-Junction,Medium
6,Monday,3,0,0,Residential,Heavy Rain,3,20,40,Bus,1,4,Under Construction,7,0,0,0,5,26,51,T-Junction,Medium
8,Sunday,3,1,1,Residential,Rainy,7,13,40,Bus,1,0,Wet,9,1,0,0,8,23,75,Intersection,High
22,Friday,5,0,0,Highway,Foggy,4,41,80,Car,2,5,Wet,6,0,0,1,1,25,54,T-Junction,High
21,Saturday,7,0,1,Highway,Clear,4,59,80,Bicycle,2,0,Dry,8,0,0,1,5,27,20,No Junction,Medium
19,Wednesday,7,1,0,Urban Road,Clear,6,33,40,Motorcycle,2,5,Dry,6,0,0,0,8,17,61,T-Junction,Medium
1,Friday,11,0,0,State Highway,Clear,4,13,60,Auto,2,5,Wet,6,0,0,0,5,19,98,Intersection,Medium
10,Thursday,10,1,0,Urban Road,Clear,7,10,40,Auto,1,9,Good,3,0,0,2,6,30,88,T-Junction,Medium
17,Tuesday,1,1,0,Urban Road,Cloudy,8,10,40,Truck,3,10,Good,8,0,1,1,7,25,35,Intersection,High
9,Tuesday,11,1,0,State Highway,Rainy,9,10,60,Car,2,3,Wet,9,0,0,1,8,39,64,T-Junction,Medium
21,Friday,7,0,0,Urban Road,Clear,6,14,40,Truck,2,1,Wet,10,0,0,1,9,32,57,No Junction,Low
17,Sunday,7,1,1,State Highway,Rainy,10,10,60,Car,1,6,Under Construction,3,0,0,2,6,30,60,Intersection,High
6,Tuesday,6,0,0,Urban Road,Clear,3,23,40,Car,2,4,Slippery,10,1,0,0,6,30,74,No Junction,Medium
21,Saturday,6,0,1,Urban Road,Cloudy,2,45,40,Car,1,3,Under Construction,10,0,0,1,6,26,60,No Junction,Low
22,Tuesday,2,0,0,Urban Road,Clear,6,56,40,Motorcycle,2,4,Slippery,12,1,0,0,5,32,92,No Junction,High
6,Saturday,3,0,1,National Highway,Rainy,2,70,80,Motorcycle,2,12,Good,6,0,0,0,5,27,36,No Junction,Medium
15,Thursday,3,0,0,Highway,Cloudy,5,53,80,Motorcycle,1,0,Under Construction,8,0,0,0,6,30,79,T-Junction,Medium
9,Wednesday,3,1,0,Highway,Cloudy,10,13,80,Motorcycle,3,3,Under Construction,4,0,1,0,8,26,85,T-Junction,Medium
12,Monday,2,0,0,Residential,Clear,8,62,40,Car,2,2,Dry,7,0,0,0,5,35,59,T-Junction,Medium
7,Friday,9,1,0,State Highway,Foggy,5,21,60,Car,1,8,Dry,7,0,0,0,3,23,69,T-Junction,Medium
16,Friday,6,0,0,Highway,Heavy Rain,2,55,80,Car,2,7,Slippery,8,1,0,3,5,15,100,Roundabout,High
22,Saturday,2,0,1,Residential,Rainy,1,42,40,Motorcycle,1,5,Dry,7,0,1,0,8,25,65,No Junction,Medium
14,Thursday,3,0,0,Residential,Cloudy,5,34,40,Truck,5,7,Dry,10,1,0,1,7,37,80,Roundabout,High
6,Thursday,10,0,0,Residential,Rainy,4,53,40,Motorcycle,2,0,Good,7,0,0,0,5,33,84,T-Junction,Medium
17,Sunday,6,1,1,Urban Road,Foggy,5,10,40,Auto,1,9,Wet,11,0,0,1,1,35,43,Intersection,High
10,Monday,4,1,0,Urban Road,Cloudy,6,37,40,Motorcycle,2,2,Dry,3,1,0,0,6,28,100,Roundabout,High
20,Wednesday,7,1,0,Urban Road,Foggy,6,10,40,Car,2,3,Wet,11,0,0,0,4,28,60,Roundabout,High
12,Friday,6,0,0,Residential,Clear,4,42,40,Motorcycle,2,8,Dry,3,1,0,3,6,24,61,Intersection,High
8,Saturday,6,1,1,Highway,Clear,6,30,80,Motorcycle,2,0,Slippery,10,1,0,0,7,24,77,T-Junction,High
8,Thursday,12,1,0,Residential,Cloudy,9,26,40,Motorcycle,2,5,Under Construction,10,0,0,0,7,28,68,T-Junction,Medium
18,Friday,3,1,0,Urban Road,Clear,2,31,40,Car,2,6,Slippery,4,0,0,3,8,28,58,Roundabout,High
9,Saturday,11,1,1,Urban Road,Cloudy,5,10,40,Bus,1,6,Dry,11,0,0,0,7,27,78,T-Junction,Medium
18,Tuesday,8,1,0,Residential,Clear,4,53,40,Car,1,8,Dry,4,0,0,0,5,29,39,T-Junction,Medium
8,Friday,9,1,0,State Highway,Cloudy,8,19,60,Car,1,7,Dry,4,0,1,0,5,25,95,No Junction,Medium
10,Wednesday,6,1,0,Residential,Cloudy,6,10,40,Motorcycle,4,5,Dry,6,0,0,0,9,30,72,No Junction,Medium
13,Saturday,2,0,1,Urban Road,Cloudy,6,85,40,Truck,2,0,Slippery,6,0,1,0,6,35,76,Intersection,High
22,Wednesday,1,0,0,Highway,Clear,6,50,80,Car,4,1,Wet,6,0,0,3,9,40,57,No Junction,High
22,Friday,3,0,0,Residential,Cloudy,3,68,40,Motorcycle,2,4,Dry,8,0,1,0,8,23,54,No Junction,Medium
8,Tuesday,3,1,0,Urban Road,Rainy,7,15,40,Motorcycle,3,0,Dry,9,0,0,0,8,35,40,Y-Junction,Medium
11,Wednesday,8,0,0,Residential,Clear,7,62,40,Motorcycle,1,0,Dry,7,0,0,0,5,32,80,No Junction,Medium
7,Thursday,5,1,0,Urban Road,Cloudy,6,10,40,Car,4,11,Under Construction,4,0,0,2,8,35,32,T-Junction,Medium
14,Saturday,1,0,1,State Highway,Clear,3,45,60,Motorcycle,4,8,Dry,5,0,1,0,5,40,69,Intersection,Medium
13,Friday,11,0,0,National Highway,Clear,3,50,80,Car,5,3,Dry,14,0,1,1,6,37,54,No Junction,High
21,Tuesday,4,0,0,Highway,Foggy,4,19,80,Motorcycle,2,7,Dry,4,1,0,0,4,20,69,Y-Junction,High
22,Thursday,7,0,0,Residential,Rainy,5,25,40,Motorcycle,3,0,Wet,4,0,0,0,8,28,46,No Junction,Medium
11,Friday,5,0,0,Highway,Cloudy,6,30,80,Bus,1,8,Dry,3,0,0,3,6,23,89,No Junction,Medium
14,Sunday,10,0,1,Urban Road,Clear,5,10,40,Motorcycle,1,5,Slippery,10,0,0,0,8,29,44,No Junction,Low
21,Tuesday,6,0,0,Urban Road,Clear,4,45,40,Bus,2,12,Slippery,10,1,1,0,7,40,20,T-Junction,High
19,Thursday,10,1,0,Residential,Heavy Rain,5,14,40,Bus,3,9,Dry,9,0,0,3,4,32,58,Y-Junction,High
0,Wednesday,4,0,0,Urban Road,Clear,4,36,40,Motorcycle,2,4,Dry,11,0,0,0,6,28,47,Intersection,Medium
10,Friday,2,1,0,State Highway,Clear,9,31,60,Auto,1,13,Good,5,1,0,0,8,23,59,Roundabout,Medium
12,Friday,9,0,0,Urban Road,Heavy Rain,7,42,40,Bicycle,2,9,Slippery,4,0,1,0,3,26,48,No Junction,High
8,Wednesday,2,1,0,Urban Road,Rainy,6,10,40,Car,1,9,Dry,8,0,0,0,8,34,69,Intersection,Low
8,Sunday,2,1,1,Urban Road,Clear,6,14,40,Bus,3,5,Dry,9,0,1,0,6,23,37,Intersection,Medium
3,Monday,12,0,0,Residential,Cloudy,5,25,40,Car,2,12,Dry,8,0,0,0,5,37,65,No Junction,Medium
17,Thursday,2,1,0,Highway,Cloudy,7,10,80,Truck,2,5,Slippery,7,0,0,0,6,32,58,Intersection,High
9,Wednesday,1,1,0,Urban Road,Cloudy,2,26,40,Truck,1,5,Good,11,0,0,0,5,21,45,Intersection,Low
5,Friday,12,0,0,Urban Road,Clear,2,35,40,Bus,1,10,Wet,7,0,0,0,5,36,41,Intersection,Medium
8,Thursday,12,1,0,Urban Road,Clear,8,10,40,Car,1,5,Dry,8,0,1,1,9,20,91,No Junction,Medium
19,Sunday,3,1,1,Highway,Clear,6,10,80,Auto,2,5,Slippery,7,0,0,1,6,18,39,Y-Junction,High
20,Thursday,6,1,0,Highway,Clear,9,16,80,Motorcycle,1,11,Good,6,0,0,0,9,31,49,No Junction,Medium
14,Monday,7,0,0,Urban Road,Clear,4,25,40,Car,1,5,Dry,4,0,0,2,5,33,88,Intersection,Low
12,Friday,1,0,0,Urban Road,Foggy,2,26,40,Bus,4,13,Good,9,0,0,0,4,26,67,No Junction,Medium
23,Tuesday,5,0,0,Urban Road,Clear,4,21,40,Auto,4,5,Slippery,3,0,1,0,5,23,69,Y-Junction,High
8,Monday,5,1,0,Residential,Rainy,8,17,40,Bicycle,3,4,Dry,6,0,0,2,6,26,48,T-Junction,High
8,Monday,1,1,0,Urban Road,Heavy Rain,7,10,40,Motorcycle,3,7,Dry,6,0,0,1,3,29,60,T-Junction,High
9,Tuesday,4,1,0,Urban Road,Clear,3,65,40,Car,1,8,Dry,4,0,0,0,6,28,100,No Junction,Medium
7,Tuesday,10,1,0,State Highway,Rainy,5,35,60,Car,1,2,Slippery,7,0,0,1,6,23,86,T-Junction,Medium
11,Sunday,1,0,1,Residential,Rainy,2,34,40,Auto,1,0,Wet,9,1,1,0,8,20,43,Y-Junction,Medium
21,Sunday,1,0,1,National Highway,Clear,1,20,80,Bus,2,2,Wet,8,0,0,0,9,25,57,Y-Junction,Medium
17,Monday,12,1,0,Urban Road,Foggy,6,38,40,Motorcycle,3,7,Dry,6,0,0,1,3,22,20,No Junction,High
12,Thursday,7,0,0,State Highway,Clear,6,21,60,Car,5,6,Good,9,0,0,0,9,30,78,T-Junction,Medium
22,Wednesday,7,0,0,Residential,Clear,2,17,40,Motorcycle,3,8,Dry,8,0,0,0,5,34,43,No Junction,Medium
4,Wednesday,3,0,0,State Highway,Cloudy,6,16,60,Truck,1,2,Dry,4,0,0,0,6,24,74,T-Junction,Low
8,Monday,7,1,0,National Highway,Clear,7,10,80,Motorcycle,4,10,Dry,5,0,1,0,6,33,64,Intersection,High
16,Thursday,3,0,0,Highway,Foggy,3,46,80,Car,2,9,Dry,3,0,0,0,2,37,56,Intersection,High
17,Tuesday,2,1,0,Highway,Cloudy,7,10,80,Bus,1,12,Good,6,0,0,0,9,23,60,T-Junction,Medium
3,Saturday,10,0,1,Residential,Clear,3,55,40,Car,2,6,Dry,5,0,0,0,5,30,60,T-Junction,Medium
12,Monday,4,0,0,Urban Road,Foggy,6,25,40,Bicycle,3,6,Dry,7,0,1,0,2,28,41,Intersection,High
17,Friday,10,1,0,State Highway,Rainy,10,13,60,Auto,4,5,Wet,13,0,1,2,7,21,81,No Junction,High
18,Thursday,3,1,0,Highway,Rainy,10,10,80,Bicycle,3,7,Wet,3,0,0,3,7,28,66,No Junction,High
17,Friday,12,1,0,State Highway,Clear,2,30,60,Motorcycle,2,2,Dry,3,0,0,0,5,25,89,No Junction,Medium
10,Friday,7,1,0,Highway,Clear,6,15,80,Motorcycle,5,4,Dry,12,0,0,0,7,24,33,No Junction,Medium
6,Monday,12,0,0,Urban Road,Clear,3,40,40,Motorcycle,1,12,Dry,9,0,0,0,7,26,84,T-Junction,Low
12,Thursday,12,0,0,National Highway,Clear,6,22,80,Car,1,6,Under Construction,10,0,0,3,9,24,53,Y-Junction,Medium
7,Friday,1,1,0,Highway,Clear,8,10,80,Bus,2,6,Slippery,6,0,0,0,6,35,55,No Junction,Medium
22,Sunday,6,0,1,Urban Road,Cloudy,5,24,40,Motorcycle,3,5,Good,10,0,0,0,9,15,85,Intersection,Low
13,Sunday,2,0,1,Highway,Rainy,4,14,80,Motorcycle,1,6,Dry,7,0,1,3,7,22,87,T-Junction,Medium
10,Thursday,8,1,0,State Highway,Clear,5,30,60,Auto,2,8,Wet,10,0,1,0,8,27,95,Roundabout,Medium
18,Wednesday,5,1,0,Residential,Cloudy,9,10,40,Car,1,1,Slippery,11,0,0,1,5,22,64,No Junction,Medium
14,Saturday,3,0,1,State Highway,Foggy,2,10,60,Motorcycle,2,2,Dry,10,0,1,0,4,32,59,No Junction,Medium
10,Friday,10,1,0,Urban Road,Rainy,4,32,40,Truck,2,5,Slippery,6,0,0,1,7,29,92,No Junction,Medium
19,Friday,7,1,0,Urban Road,Rainy,3,10,40,Car,2,4,Wet,8,0,0,2,9,27,78,Intersection,Medium
20,Thursday,11,1,0,Highway,Cloudy,6,10,80,Truck,1,3,Wet,5,0,1,1,5,28,69,Intersection,High
17,Sunday,2,1,1,Urban Road,Rainy,8,81,40,Car,3,5,Wet,9,1,0,3,6,27,24,Y-Junction,High
4,Saturday,5,0,1,Urban Road,Rainy,1,57,40,Bus,2,3,Wet,9,0,0,1,5,21,58,T-Junction,Medium
16,Wednesday,11,0,0,Residential,Foggy,6,20,40,Bus,3,3,Under Construction,3,0,0,0,3,31,56,T-Junction,High
18,Friday,8,1,0,Urban Road,Rainy,5,25,40,Car,2,1,Good,9,0,0,0,9,20,59,T-Junction,Low
7,Monday,11,1,0,Highway,Clear,5,18,80,Motorcycle,2,9,Wet,9,0,0,0,8,28,48,No Junction,Medium
8,Sunday,1,1,1,Urban Road,Heavy Rain,2,94,40,Bus,1,6,Dry,9,0,1,0,3,29,57,T-Junction,High
20,Thursday,1,1,0,Urban Road,Clear,8,22,40,Car,4,10,Slippery,8,0,0,0,5,25,94,Intersection,High
2,Thursday,3,0,0,Highway,Rainy,3,51,80,Motorcycle,2,4,Dry,9,0,0,0,5,24,83,T-Junction,Medium
18,Sunday,3,1,1,Highway,Rainy,6,10,80,Car,2,13,Dry,8,1,1,3,8,24,74,Intersection,High
13,Friday,7,0,0,Highway,Clear,4,35,80,Motorcycle,2,9,Wet,5,0,0,1,5,18,71,T-Junction,High
13,Wednesday,6,0,0,State Highway,Heavy Rain,4,18,60,Auto,2,2,Wet,9,0,1,1,2,38,44,T-Junction,High
0,Friday,7,0,0,Urban Road,Clear,5,55,40,Motorcycle,2,4,Under Construction,5,0,0,0,9,32,75,Roundabout,Low
19,Sunday,4,1,1,State Highway,Rainy,7,46,60,Motorcycle,1,11,Good,4,0,1,0,5,29,76,No Junction,High
11,Tuesday,11,0,0,Urban Road,Foggy,6,11,40,Bicycle,3,4,Under Construction,8,0,0,0,4,23,65,Y-Junction,Medium
15,Friday,2,0,0,Residential,Clear,3,18,40,Motorcycle,2,15,Good,3,0,0,0,8,27,39,Intersection,Medium
17,Saturday,2,1,1,Highway,Clear,4,10,80,Car,1,10,Wet,5,0,0,1,7,25,93,Intersection,Medium
18,Sunday,10,1,1,Residential,Clear,10,48,40,Bicycle,1,6,Dry,7,1,0,0,8,37,62,Y-Junction,High
22,Saturday,1,0,1,Urban Road,Heavy Rain,3,27,40,Truck,2,7,Wet,11,0,0,2,3,16,73,No Junction,High
15,Sunday,9,0,1,Highway,Rainy,5,28,80,Motorcycle,1,11,Wet,7,0,0,0,9,19,81,T-Junction,Medium
12,Tuesday,7,0,0,National Highway,Foggy,3,52,80,Truck,3,14,Wet,13,0,0,1,3,18,35,Intersection,High
22,Saturday,10,0,1,Residential,Rainy,1,10,40,Bus,4,8,Wet,3,1,0,0,7,32,95,T-Junction,Medium
17,Saturday,3,1,1,Urban Road,Clear,4,43,40,Car,3,6,Under Construction,9,0,0,1,7,23,39,No Junction,Medium
9,Monday,2,1,0,Urban Road,Heavy Rain,6,29,40,Car,3,5,Dry,9,0,0,1,5,31,62,No Junction,High
7,Thursday,3,1,0,Urban Road,Heavy Rain,7,10,40,Car,1,5,Dry,5,1,0,0,2,27,94,T-Junction,High
20,Saturday,7,1,1,Residential,Cloudy,10,10,40,Car,1,6,Wet,7,0,0,2,8,33,40,Intersection,Medium
11,Thursday,5,0,0,Residential,Cloudy,5,20,40,Bus,3,5,Good,7,0,0,0,8,33,58,No Junction,Low
17,Sunday,12,1,1,Highway,Rainy,4,38,80,Motorcycle,2,5,Dry,11,0,0,0,5,29,81,T-Junction,High
13,Wednesday,3,0,0,Highway,Clear,4,60,80,Truck,4,5,Good,3,0,1,2,9,33,90,No Junction,High
8,Friday,9,1,0,Urban Road,Clear,5,22,40,Car,3,0,Good,13,0,0,0,7,21,38,T-Junction,Medium
16,Monday,2,0,0,Urban Road,Cloudy,1,63,40,Bicycle,2,0,Dry,3,0,1,0,8,14,43,Intersection,Medium
5,Sunday,7,0,1,Urban Road,Heavy Rain,3,25,40,Car,2,11,Under Construction,9,0,0,0,4,30,60,Roundabout,Medium
12,Tuesday,10,0,0,Residential,Clear,2,44,40,Motorcycle,4,6,Dry,5,0,0,1,8,27,77,T-Junction,Medium
15,Wednesday,6,0,0,Residential,Rainy,6,22,40,Motorcycle,2,2,Wet,9,0,1,0,6,23,62,No Junction,Medium
12,Monday,6,0,0,Urban Road,Cloudy,4,35,40,Truck,2,6,Wet,6,1,1,2,5,26,65,No Junction,High
18,Monday,7,1,0,State Highway,Foggy,7,10,60,Car,2,8,Good,12,0,1,2,2,17,61,No Junction,High
19,Sunday,6,1,1,Highway,Cloudy,5,10,80,Car,3,9,Wet,8,0,0,0,6,23,67,Intersection,Medium
19,Tuesday,2,1,0,Residential,Rainy,8,21,40,Motorcycle,2,7,Wet,6,0,0,2,9,36,71,No Junction,Medium
3,Tuesday,11,0,0,National Highway,Rainy,8,20,80,Motorcycle,2,11,Wet,4,0,0,0,7,32,76,T-Junction,Medium
8,Thursday,5,1,0,Urban Road,Clear,4,19,40,Car,2,1,Dry,9,1,0,1,8,33,96,Intersection,Medium
15,Friday,3,0,0,Urban Road,Clear,5,31,40,Bus,3,4,Wet,9,0,0,1,5,25,72,Intersection,Medium
22,Sunday,9,0,1,Highway,Clear,6,51,80,Car,2,2,Good,6,0,1,2,8,31,78,Roundabout,Medium
19,Wednesday,8,1,0,State Highway,Clear,10,10,60,Motorcycle,3,1,Dry,8,0,1,1,5,36,80,Roundabout,High
20,Friday,10,1,0,Urban Road,Clear,8,69,40,Car,2,10,Wet,8,0,0,1,6,33,81,No Junction,High
9,Wednesday,11,1,0,Residential,Rainy,7,10,40,Motorcycle,2,8,Dry,9,0,0,1,5,32,71,No Junction,Medium
12,Monday,2,0,0,Highway,Clear,5,24,80,Car,2,7,Under Construction,5,0,0,0,9,13,97,T-Junction,Medium
13,Saturday,1,0,1,Highway,Clear,2,69,80,Bus,2,9,Dry,6,1,0,1,5,31,26,T-Junction,High
7,Saturday,4,1,1,Urban Road,Clear,3,58,40,Car,2,4,Dry,9,1,0,1,7,26,63,No Junction,High
3,Sunday,4,0,1,Urban Road,Rainy,3,10,40,Car,1,0,Under Construction,7,1,0,1,6,22,71,Intersection,Medium
22,Tuesday,12,0,0,State Highway,Rainy,5,17,60,Motorcycle,2,3,Wet,3,1,0,0,5,31,52,Intersection,High
8,Tuesday,10,1,0,State Highway,Clear,6,26,60,Car,4,0,Slippery,12,1,1,1,8,28,93,T-Junction,High
8,Monday,11,1,0,Urban Road,Rainy,7,10,40,Motorcycle,2,7,Under Construction,10,0,0,1,9,30,23,No Junction,Medium
6,Monday,2,0,0,Highway,Clear,4,47,80,Auto,2,5,Dry,3,0,0,0,7,24,57,Roundabout,Medium
21,Wednesday,7,0,0,Urban Road,Rainy,7,25,40,Motorcycle,4,1,Dry,6,0,0,3,5,19,30,T-Junction,High
16,Monday,3,0,0,Residential,Clear,6,10,40,Car,2,0,Dry,12,0,0,1,5,39,56,No Junction,Medium
17,Sunday,7,1,1,Highway,Clear,2,57,80,Auto,2,3,Wet,9,0,0,0,7,21,48,Intersection,High
21,Wednesday,7,0,0,Residential,Clear,4,53,40,Motorcycle,4,8,Dry,3,0,1,1,7,24,71,T-Junction,High
10,Friday,1,1,0,Highway,Rainy,6,25,80,Bicycle,5,0,Wet,3,0,0,0,5,33,100,No Junction,High
17,Tuesday,6,1,0,Residential,Foggy,10,46,40,Auto,2,8,Dry,3,0,0,0,2,36,91,T-Junction,High
3,Tuesday,4,0,0,State Highway,Clear,4,48,60,Auto,2,6,Dry,6,0,0,0,8,29,37,Intersection,Medium
8,Saturday,11,1,1,Urban Road,Rainy,7,10,40,Car,2,5,Dry,10,0,0,0,8,33,74,Intersection,Medium
19,Saturday,8,1,1,State Highway,Cloudy,2,10,60,Motorcycle,3,5,Wet,3,0,0,1,5,31,54,Intersection,Medium
18,Sunday,8,1,1,State Highway,Clear,5,10,60,Bus,3,1,Dry,9,0,1,0,6,22,82,T-Junction,Medium
11,Tuesday,3,0,0,Residential,Rainy,6,10,40,Bus,2,5,Dry,5,0,0,1,5,21,80,Intersection,Low
11,Sunday,4,0,1,Urban Road,Clear,5,40,40,Motorcycle,1,5,Slippery,3,1,0,0,6,34,92,Intersection,Medium
15,Friday,1,0,0,Urban Road,Clear,8,22,40,Bicycle,2,6,Dry,6,0,0,1,8,31,97,T-Junction,Medium
0,Friday,10,0,0,State Highway,Clear,6,24,60,Auto,1,3,Good,13,0,0,1,5,44,85,T-Junction,Low
8,Thursday,2,1,0,Residential,Clear,8,20,40,Motorcycle,2,2,Wet,12,0,0,3,8,23,61,Intersection,High
8,Wednesday,7,1,0,State Highway,Rainy,6,26,60,Car,3,7,Dry,6,0,0,0,5,28,61,Y-Junction,Medium
8,Saturday,11,1,1,Residential,Cloudy,6,43,40,Motorcycle,2,3,Good,8,0,1,0,8,28,38,Y-Junction,Medium
19,Wednesday,12,1,0,Highway,Rainy,8,30,80,Car,2,8,Wet,6,0,0,0,7,19,72,No Junction,Medium
9,Saturday,7,1,1,National Highway,Clear,8,13,80,Motorcycle,2,3,Wet,3,1,0,1,5,24,74,Y-Junction,High
8,Thursday,9,1,0,Highway,Clear,6,16,80,Truck,2,4,Dry,6,0,1,0,6,31,29,T-Junction,Medium
14,Tuesday,10,0,0,National Highway,Cloudy,5,53,80,Car,1,5,Dry,9,1,0,0,8,30,87,T-Junction,High
20,Sunday,9,1,1,Urban Road,Rainy,6,26,40,Car,2,11,Slippery,4,0,0,0,9,24,59,Y-Junction,Medium
8,Wednesday,9,1,0,Urban Road,Clear,8,10,40,Auto,2,5,Dry,11,0,0,1,6,27,43,Intersection,Medium
6,Saturday,6,0,1,Urban Road,Rainy,4,10,40,Motorcycle,2,10,Wet,11,0,1,0,9,39,69,Intersection,Low
11,Wednesday,8,0,0,National Highway,Rainy,2,74,80,Truck,1,2,Slippery,6,0,0,1,8,27,36,Intersection,Medium
18,Tuesday,9,1,0,State Highway,Rainy,8,38,60,Car,1,0,Dry,8,0,0,0,5,24,51,Intersection,Medium
15,Sunday,12,0,1,State Highway,Cloudy,7,15,60,Motorcycle,1,0,Under Construction,11,0,0,0,5,40,47,T-Junction,Medium
19,Monday,7,1,0,Urban Road,Cloudy,4,31,40,Auto,2,4,Dry,9,0,0,0,5,29,47,Y-Junction,Medium
22,Saturday,4,0,1,Highway,Rainy,7,44,80,Bus,1,0,Dry,12,0,0,0,9,22,44,Y-Junction,Medium
19,Monday,4,1,0,Residential,Heavy Rain,6,45,40,Bus,2,0,Good,3,0,1,0,3,34,60,T-Junction,High
16,Thursday,6,0,0,Urban Road,Heavy Rain,3,40,40,Auto,1,5,Dry,6,0,0,1,5,21,81,T-Junction,Medium
14,Sunday,11,0,1,State Highway,Heavy Rain,3,11,60,Car,4,10,Under Construction,7,0,0,0,5,22,44,T-Junction,Medium
4,Friday,4,0,0,State Highway,Clear,4,54,60,Bicycle,5,4,Slippery,11,0,0,1,8,24,51,Intersection,Medium
23,Wednesday,11,0,0,Urban Road,Clear,4,15,40,Motorcycle,2,6,Wet,8,0,0,1,7,22,44,Intersection,Medium
11,Saturday,7,0,1,Residential,Rainy,4,26,40,Bus,3,9,Wet,5,0,1,0,7,23,82,Y-Junction,Medium
7,Wednesday,8,1,0,State Highway,Foggy,3,29,60,Car,4,3,Dry,7,0,0,0,4,21,57,T-Junction,High
17,Thursday,8,1,0,National Highway,Clear,8,19,80,Truck,3,10,Slippery,9,0,0,0,5,28,72,Intersection,High
9,Thursday,8,1,0,Residential,Rainy,10,11,40,Car,2,2,Good,7,0,1,0,5,20,56,Intersection,Medium
16,Wednesday,2,0,0,State Highway,Rainy,1,87,60,Bicycle,2,6,Dry,10,1,0,1,6,19,94,No Junction,High
16,Saturday,10,0,1,Urban Road,Rainy,4,40,40,Car,2,4,Dry,8,0,0,1,8,30,61,Roundabout,Low
13,Sunday,2,0,1,Highway,Rainy,1,27,80,Truck,1,5,Wet,7,0,0,0,7,26,87,T-Junction,Medium
19,Tuesday,2,1,0,Highway,Clear,4,10,80,Car,5,13,Dry,11,0,0,1,9,28,83,Intersection,Medium
9,Sunday,2,1,1,Highway,Heavy Rain,7,14,80,Motorcycle,1,3,Slippery,12,1,0,0,2,26,58,Intersection,High
13,Tuesday,4,0,0,Highway,Clear,8,29,80,Car,1,0,Slippery,11,0,0,0,5,41,51,Intersection,Medium
15,Friday,5,0,0,Highway,Clear,4,76,80,Car,2,13,Dry,5,0,0,0,6,28,56,T-Junction,High
17,Sunday,4,1,1,State Highway,Rainy,7,10,60,Truck,1,6,Wet,11,0,1,0,9,26,58,No Junction,Medium
19,Wednesday,5,1,0,Residential,Clear,2,64,40,Motorcycle,3,4,Dry,11,0,0,0,5,30,92,Intersection,High
12,Wednesday,4,0,0,Urban Road,Clear,2,60,40,Car,1,1,Dry,4,0,1,0,6,29,84,T-Junction,Medium
17,Saturday,7,1,1,Urban Road,Rainy,3,51,40,Motorcycle,4,6,Under Construction,6,0,0,1,9,33,72,No Junction,Medium
7,Wednesday,10,1,0,Urban Road,Clear,9,20,40,Car,4,12,Dry,11,0,0,1,7,29,54,T-Junction,High
22,Saturday,1,0,1,Highway,Rainy,6,10,80,Motorcycle,2,0,Wet,10,0,1,0,9,30,48,No Junction,Medium
11,Wednesday,1,0,0,Urban Road,Clear,7,10,40,Car,2,0,Wet,6,0,0,0,9,32,35,Intersection,Low
18,Thursday,2,1,0,State Highway,Clear,7,10,60,Auto,2,3,Wet,4,0,0,0,9,34,58,Intersection,Medium
2,Monday,1,0,0,Residential,Cloudy,2,64,40,Motorcycle,1,0,Dry,11,0,0,0,9,25,53,Roundabout,Low
8,Wednesday,12,1,0,Residential,Rainy,5,26,40,Motorcycle,2,5,Under Construction,9,0,1,1,5,19,90,Intersection,High
14,Monday,10,0,0,Urban Road,Cloudy,9,22,40,Truck,2,5,Good,8,0,0,1,8,18,74,T-Junction,Medium
20,Tuesday,12,1,0,Urban Road,Clear,4,35,40,Car,1,2,Wet,5,0,0,1,7,31,64,No Junction,Medium
15,Friday,12,0,0,Urban Road,Rainy,2,58,40,Car,1,0,Dry,10,1,0,0,8,29,81,Intersection,Medium
21,Sunday,10,0,1,Residential,Cloudy,3,31,40,Car,2,7,Under Construction,4,0,0,1,5,20,90,T-Junction,Medium
14,Sunday,11,0,1,Residential,Rainy,6,25,40,Motorcycle,2,13,Good,5,0,1,3,9,28,61,No Junction,Medium
14,Tuesday,3,0,0,Highway,Rainy,8,17,80,Motorcycle,1,4,Slippery,9,0,0,2,6,25,61,Intersection,High
7,Wednesday,6,1,0,State Highway,Clear,7,10,60,Truck,3,8,Dry,10,0,1,0,6,23,37,T-Junction,Medium
19,Sunday,10,1,1,Urban Road,Clear,6,10,40,Auto,3,3,Dry,8,0,0,0,8,16,92,No Junction,Medium
8,Saturday,11,1,1,Urban Road,Rainy,5,45,40,Car,2,5,Dry,6,1,0,1,6,25,84,No Junction,High
21,Tuesday,6,0,0,Residential,Rainy,4,60,40,Truck,5,9,Dry,10,0,0,3,8,30,53,Y-Junction,High
21,Thursday,1,0,0,Urban Road,Rainy,5,49,40,Bus,2,5,Dry,4,0,1,0,7,38,84,T-Junction,Medium
22,Monday,6,0,0,Residential,Foggy,4,10,40,Truck,3,14,Good,5,0,1,1,4,19,20,No Junction,Medium
15,Saturday,5,0,1,Highway,Cloudy,8,19,80,Auto,1,7,Wet,11,0,0,2,9,25,55,Intersection,Medium
17,Sunday,7,1,1,Urban Road,Clear,3,10,40,Motorcycle,3,0,Dry,4,0,0,0,5,37,66,Intersection,Medium
19,Saturday,6,1,1,Urban Road,Rainy,3,29,40,Bus,2,9,Wet,3,0,0,0,7,33,71,T-Junction,Medium
7,Wednesday,12,1,0,Highway,Clear,6,31,80,Car,2,1,Dry,5,1,0,0,6,32,83,No Junction,High
16,Thursday,12,0,0,Highway,Clear,2,54,80,Motorcycle,1,6,Wet,11,0,0,0,6,28,47,T-Junction,Medium
3,Monday,7,0,0,Residential,Rainy,7,10,40,Auto,3,11,Dry,10,0,0,3,8,32,76,No Junction,Medium
14,Thursday,2,0,0,Highway,Foggy,5,65,80,Motorcycle,2,2,Dry,3,0,0,2,4,23,81,Roundabout,High
7,Tuesday,12,1,0,Highway,Clear,8,10,80,Car,1,12,Dry,5,0,0,0,5,22,60,T-Junction,Medium
8,Wednesday,1,1,0,Residential,Rainy,5,24,40,Motorcycle,1,7,Slippery,3,0,1,3,5,18,55,T-Junction,High
11,Saturday,7,0,1,National Highway,Clear,1,65,80,Auto,4,0,Wet,9,0,0,0,8,27,40,Roundabout,Medium
12,Saturday,9,0,1,State Highway,Rainy,4,47,60,Car,2,5,Wet,4,0,0,3,8,31,53,Roundabout,Medium
17,Tuesday,2,1,0,National Highway,Cloudy,7,21,80,Motorcycle,1,8,Under Construction,9,0,0,0,8,30,24,Y-Junction,Medium
6,Saturday,12,0,1,Residential,Rainy,6,33,40,Auto,1,3,Slippery,7,0,0,0,6,38,60,Roundabout,Medium
14,Friday,7,0,0,Urban Road,Clear,5,18,40,Bus,2,1,Wet,8,0,0,0,7,23,66,T-Junction,Medium
8,Wednesday,3,1,0,Residential,Clear,7,42,40,Motorcycle,4,0,Good,3,0,0,1,5,34,59,Intersection,High
16,Tuesday,6,0,0,Urban Road,Clear,7,20,40,Motorcycle,2,4,Dry,10,0,0,1,9,28,56,No Junction,Low
17,Wednesday,3,1,0,Highway,Clear,6,10,80,Car,1,8,Dry,12,0,0,3,5,34,63,No Junction,Medium
15,Monday,10,0,0,Urban Road,Rainy,4,27,40,Auto,3,5,Good,12,0,1,3,7,27,68,Intersection,High
18,Wednesday,11,1,0,Urban Road,Clear,4,26,40,Car,2,6,Under Construction,8,0,1,2,8,27,76,T-Junction,Medium
10,Wednesday,11,1,0,Residential,Clear,7,20,40,Motorcycle,2,4,Dry,3,1,0,0,6,29,35,T-Junction,High
18,Monday,11,1,0,Residential,Clear,5,36,40,Motorcycle,1,2,Good,6,0,0,2,5,28,55,Intersection,Medium
12,Tuesday,5,0,0,Highway,Clear,7,45,80,Bus,3,8,Dry,8,0,0,1,9,36,35,Roundabout,Medium
14,Wednesday,2,0,0,National Highway,Clear,5,10,80,Motorcycle,4,9,Under Construction,8,0,0,2,6,15,55,Intersection,Medium
17,Thursday,8,1,0,Residential,Foggy,4,17,40,Auto,3,3,Dry,3,0,0,0,1,24,85,Intersection,High
1,Wednesday,8,0,0,Urban Road,Heavy Rain,3,23,40,Car,1,8,Dry,10,1,0,0,2,24,69,No Junction,High
17,Tuesday,7,1,0,National Highway,Foggy,7,25,80,Car,2,4,Wet,10,0,1,2,3,33,57,Intersection,High
17,Saturday,6,1,1,Highway,Clear,3,20,80,Car,2,2,Under Construction,10,0,0,1,9,25,50,Y-Junction,Medium
9,Sunday,1,1,1,State Highway,Rainy,7,31,60,Car,3,12,Slippery,5,0,0,0,6,27,55,T-Junction,High
6,Monday,8,0,0,Urban Road,Foggy,4,22,40,Car,5,6,Good,3,0,0,1,3,25,53,Intersection,High
6,Saturday,1,0,1,Residential,Foggy,2,51,40,Car,4,9,Wet,6,1,1,2,4,32,71,Roundabout,High
21,Tuesday,8,0,0,National Highway,Foggy,9,12,80,Motorcycle,1,7,Wet,11,0,0,0,1,27,46,No Junction,High
17,Friday,11,1,0,Urban Road,Rainy,6,46,40,Car,3,3,Dry,5,0,0,0,5,33,56,No Junction,High
7,Sunday,2,1,1,Highway,Clear,8,17,80,Motorcycle,4,6,Dry,5,0,0,0,8,33,51,T-Junction,Medium
11,Saturday,8,0,1,Highway,Clear,6,10,80,Motorcycle,2,12,Wet,4,0,0,1,9,39,41,T-Junction,Medium
16,Wednesday,10,0,0,Urban Road,Clear,7,31,40,Car,4,5,Slippery,6,0,0,0,5,33,34,T-Junction,Medium
19,Sunday,12,1,1,State Highway,Clear,4,10,60,Car,4,1,Under Construction,9,0,0,0,6,30,64,Y-Junction,Medium
4,Wednesday,4,0,0,Urban Road,Cloudy,4,59,40,Truck,2,5,Dry,10,0,0,1,7,38,38,No Junction,Medium
8,Monday,7,1,0,Urban Road,Rainy,9,11,40,Motorcycle,4,10,Slippery,4,0,0,0,8,34,63,T-Junction,Medium
20,Wednesday,5,1,0,State Highway,Rainy,6,22,60,Auto,3,9,Under Construction,11,0,0,1,8,28,84,T-Junction,Medium
0,Sunday,8,0,1,Highway,Clear,2,10,80,Bicycle,2,3,Dry,11,0,0,1,8,26,63,Y-Junction,Low
8,Thursday,12,1,0,State Highway,Foggy,9,10,60,Motorcycle,2,10,Slippery,7,1,0,0,1,35,59,T-Junction,High
22,Thursday,6,0,0,Urban Road,Clear,4,10,40,Motorcycle,2,10,Wet,3,0,0,2,9,25,33,Intersection,Medium
17,Saturday,5,1,1,Highway,Foggy,8,24,80,Motorcycle,2,9,Good,11,0,1,1,2,30,50,Intersection,High
9,Tuesday,1,1,0,Highway,Clear,7,12,80,Car,2,0,Dry,9,0,0,1,7,18,46,Roundabout,Medium
5,Monday,3,0,0,National Highway,Foggy,4,37,80,Truck,2,0,Wet,13,0,1,2,1,26,52,No Junction,High
2,Friday,10,0,0,Urban Road,Foggy,1,51,40,Motorcycle,4,15,Dry,3,0,1,3,3,36,65,No Junction,High
8,Saturday,9,1,1,Urban Road,Clear,5,36,40,Motorcycle,5,5,Under Construction,8,0,0,2,8,21,76,No Junction,High
20,Tuesday,9,1,0,Urban Road,Cloudy,8,34,40,Motorcycle,3,2,Dry,12,0,0,1,5,32,20,No Junction,High
12,Monday,5,0,0,Residential,Rainy,3,35,40,Car,2,3,Wet,9,0,0,0,6,14,88,T-Junction,Medium
18,Sunday,3,1,1,Urban Road,Clear,3,26,40,Truck,4,6,Slippery,3,0,0,0,6,35,40,Roundabout,Medium
21,Monday,6,0,0,Residential,Rainy,5,56,40,Motorcycle,3,0,Wet,3,0,0,0,6,23,100,No Junction,Medium
12,Sunday,5,0,1,Urban Road,Foggy,2,62,40,Motorcycle,3,8,Wet,13,0,0,1,4,25,53,No Junction,High
8,Saturday,1,1,1,Highway,Heavy Rain,3,42,80,Car,2,7,Dry,6,0,0,2,5,36,70,Intersection,High
14,Tuesday,2,0,0,Urban Road,Clear,7,34,40,Truck,2,6,Dry,9,0,0,0,6,25,66,No Junction,Medium
21,Tuesday,12,0,0,Highway,Rainy,5,62,80,Motorcycle,2,9,Good,4,0,1,2,5,33,55,No Junction,High
19,Wednesday,5,1,0,National Highway,Rainy,8,10,80,Car,1,4,Wet,6,0,0,1,9,32,82,Y-Junction,Medium
5,Friday,9,0,0,Highway,Clear,3,59,80,Truck,3,8,Under Construction,10,0,0,2,9,35,89,No Junction,High
18,Thursday,12,1,0,State Highway,Foggy,6,10,60,Car,2,0,Wet,8,0,1,2,2,33,59,T-Junction,High
16,Wednesday,4,0,0,Urban Road,Clear,6,11,40,Car,2,4,Dry,6,0,0,0,8,27,46,No Junction,Low
21,Monday,9,0,0,State Highway,Clear,4,83,60,Truck,2,7,Dry,10,0,0,0,5,35,39,Intersection,Medium
7,Friday,3,1,0,Highway,Foggy,2,56,80,Motorcycle,2,2,Dry,7,0,1,1,2,29,86,Roundabout,High
15,Friday,1,0,0,National Highway,Rainy,4,33,80,Car,3,7,Slippery,11,0,1,2,6,29,38,No Junction,High
20,Tuesday,6,1,0,Highway,Clear,6,10,80,Motorcycle,1,0,Wet,6,0,0,2,8,38,67,Roundabout,Medium
12,Friday,10,0,0,State Highway,Cloudy,6,10,60,Auto,4,2,Wet,8,0,0,1,9,30,75,No Junction,Medium
14,Saturday,7,0,1,Urban Road,Foggy,4,49,40,Car,2,0,Under Construction,13,0,0,0,2,27,50,T-Junction,High
6,Friday,4,0,0,Urban Road,Rainy,4,52,40,Car,2,9,Wet,8,0,0,0,6,38,77,Intersection,Medium
9,Monday,10,1,0,Urban Road,Rainy,5,28,40,Bus,2,2,Good,10,0,0,1,6,28,63,No Junction,Medium
10,Saturday,5,1,1,State Highway,Rainy,8,25,60,Car,3,6,Dry,3,1,0,0,6,21,59,T-Junction,High
22,Saturday,4,0,1,Highway,Rainy,6,10,80,Car,2,3,Good,8,0,0,2,8,18,36,T-Junction,Medium
9,Wednesday,3,1,0,Residential,Foggy,4,27,40,Motorcycle,3,11,Under Construction,8,1,1,1,2,27,53,Y-Junction,High
13,Friday,1,0,0,Urban Road,Foggy,6,55,40,Auto,5,10,Dry,4,0,1,3,3,25,49,Y-Junction,High
17,Tuesday,6,1,0,National Highway,Clear,4,24,80,Car,3,7,Wet,7,0,0,0,6,34,79,Intersection,High
7,Sunday,10,1,1,Residential,Clear,7,38,40,Bus,3,13,Under Construction,7,0,0,3,7,24,69,Intersection,High
14,Wednesday,5,0,0,Highway,Clear,5,73,80,Car,1,5,Wet,4,0,0,0,5,20,48,Roundabout,High
18,Tuesday,11,1,0,Urban Road,Clear,9,10,40,Motorcycle,2,2,Dry,6,0,0,0,5,28,31,Intersection,Medium
20,Friday,1,1,0,Highway,Clear,8,31,80,Motorcycle,2,10,Good,14,0,0,1,7,18,78,T-Junction,Medium
17,Wednesday,5,1,0,Urban Road,Clear,3,24,40,Motorcycle,1,0,Wet,8,0,0,2,6,28,84,Roundabout,Medium
17,Friday,6,1,0,Urban Road,Rainy,7,14,40,Auto,2,6,Wet,8,1,0,3,8,28,84,Intersection,High
7,Monday,10,1,0,State Highway,Rainy,9,24,60,Car,1,7,Dry,13,0,0,0,6,25,71,Y-Junction,Low
22,Wednesday,5,0,0,State Highway,Cloudy,7,28,60,Auto,2,7,Dry,3,1,0,0,7,20,44,No Junction,Medium
7,Tuesday,1,1,0,Highway,Foggy,4,70,80,Bus,1,11,Slippery,14,1,0,0,2,23,51,No Junction,High
19,Monday,5,1,0,Urban Road,Clear,5,10,40,Bus,1,13,Wet,10,0,0,0,6,26,20,Y-Junction,Medium
9,Thursday,10,1,0,Urban Road,Rainy,9,19,40,Car,2,3,Good,4,0,0,1,5,20,67,Roundabout,High
22,Tuesday,1,0,0,Urban Road,Rainy,5,36,40,Motorcycle,2,7,Slippery,4,0,0,0,9,30,77,Y-Junction,Medium
18,Sunday,11,1,1,Highway,Clear,7,52,80,Motorcycle,2,7,Good,10,0,0,1,8,31,46,Intersection,Medium
18,Friday,3,1,0,Residential,Clear,7,21,40,Car,2,8,Dry,10,0,0,0,6,28,47,Intersection,Medium
8,Tuesday,12,1,0,National Highway,Cloudy,4,25,80,Motorcycle,2,7,Dry,9,0,0,1,5,23,20,T-Junction,High
13,Thursday,2,0,0,Urban Road,Clear,5,40,40,Car,1,3,Dry,5,0,0,0,9,26,74,No Junction,Low
17,Tuesday,1,1,0,Urban Road,Rainy,9,39,40,Car,1,4,Dry,8,0,0,0,5,36,88,Roundabout,Medium
18,Monday,4,1,0,Urban Road,Cloudy,6,20,40,Auto,2,0,Wet,6,0,0,1,6,31,63,Intersection,Medium
6,Saturday,2,0,1,National Highway,Foggy,4,25,80,Car,2,2,Slippery,7,0,1,1,4,27,50,Intersection,High
22,Tuesday,5,0,0,Highway,Clear,1,21,80,Motorcycle,3,1,Wet,5,0,0,0,9,32,47,T-Junction,Medium
21,Wednesday,10,0,0,Residential,Cloudy,3,33,40,Auto,3,4,Dry,5,0,0,0,6,14,54,Intersection,Medium
9,Sunday,1,1,1,State Highway,Clear,6,22,60,Bus,2,11,Dry,3,0,0,2,7,43,80,Intersection,Medium
19,Thursday,12,1,0,Highway,Cloudy,6,10,80,Car,2,4,Dry,12,0,0,0,6,20,55,Y-Junction,Medium
14,Tuesday,10,0,0,Residential,Clear,3,18,40,Car,3,11,Slippery,5,0,1,0,5,29,43,No Junction,Medium
13,Thursday,1,0,0,Highway,Clear,2,47,80,Truck,2,0,Dry,12,0,0,0,6,22,100,No Junction,Medium
10,Saturday,11,1,1,State Highway,Clear,2,10,60,Motorcycle,1,4,Good,6,0,1,0,7,21,40,T-Junction,Medium
16,Monday,10,0,0,Urban Road,Clear,9,33,40,Bus,2,5,Slippery,6,0,0,1,7,34,42,T-Junction,Medium
18,Wednesday,4,1,0,National Highway,Clear,8,10,80,Car,2,11,Under Construction,3,0,1,0,6,27,47,Y-Junction,Medium
12,Friday,7,0,0,National Highway,Rainy,5,16,80,Motorcycle,2,9,Dry,13,0,0,0,7,29,67,No Junction,Medium
17,Tuesday,2,1,0,Residential,Foggy,5,32,40,Bus,1,10,Good,11,0,0,0,1,29,57,Y-Junction,Medium
18,Monday,2,1,0,Urban Road,Rainy,5,27,40,Motorcycle,5,6,Slippery,5,0,0,1,7,31,54,Y-Junction,High
18,Thursday,1,1,0,State Highway,Heavy Rain,6,26,60,Truck,2,6,Dry,10,1,0,0,3,31,63,No Junction,High
5,Saturday,5,0,1,Highway,Clear,1,51,80,Car,5,12,Dry,11,0,1,1,8,33,41,Intersection,High
20,Sunday,6,1,1,Urban Road,Clear,6,17,40,Truck,3,5,Under Construction,8,0,0,0,5,16,70,T-Junction,High
13,Thursday,6,0,0,Highway,Foggy,4,10,80,Car,1,5,Dry,8,0,0,2,2,23,81,Intersection,Medium
9,Sunday,2,1,1,Residential,Clear,7,10,40,Bus,4,3,Dry,7,0,0,0,6,22,50,No Junction,Medium
8,Saturday,12,1,1,State Highway,Clear,2,10,60,Motorcycle,1,8,Dry,5,0,0,0,7,34,68,Y-Junction,Low
14,Sunday,12,0,1,National Highway,Foggy,4,47,80,Motorcycle,1,4,Dry,6,0,1,3,3,32,59,Roundabout,High
20,Saturday,7,1,1,Residential,Clear,5,17,40,Car,2,7,Dry,5,0,0,2,9,31,74,Intersection,Medium
11,Monday,6,0,0,Residential,Foggy,5,28,40,Truck,1,5,Wet,11,1,1,1,1,22,62,Intersection,High
18,Tuesday,8,1,0,State Highway,Clear,5,10,60,Car,1,9,Wet,12,1,0,1,9,20,83,T-Junction,Medium
6,Friday,6,0,0,National Highway,Cloudy,3,12,80,Car,2,4,Slippery,9,0,0,0,9,18,100,No Junction,Low
13,Tuesday,9,0,0,Urban Road,Clear,2,18,40,Car,1,5,Dry,6,0,1,1,7,30,78,No Junction,Low
23,Wednesday,10,0,0,Highway,Foggy,1,20,80,Car,4,8,Dry,6,0,0,0,3,18,81,T-Junction,High
19,Tuesday,2,1,0,Urban Road,Cloudy,9,10,40,Truck,2,8,Dry,9,0,0,0,8,32,54,Intersection,Medium
8,Saturday,7,1,1,Residential,Clear,9,10,40,Motorcycle,5,8,Slippery,9,1,0,1,7,23,51,No Junction,High
14,Saturday,5,0,1,Residential,Clear,4,65,40,Motorcycle,1,7,Dry,8,0,1,0,8,24,67,Y-Junction,Medium
8,Wednesday,1,1,0,National Highway,Rainy,9,26,80,Motorcycle,2,7,Slippery,5,0,1,1,6,26,40,Intersection,High
12,Thursday,3,0,0,National Highway,Rainy,3,81,80,Motorcycle,3,5,Dry,11,0,0,0,9,20,85,T-Junction,Medium
19,Saturday,4,1,1,Urban Road,Rainy,5,27,40,Motorcycle,2,12,Slippery,8,0,1,0,7,33,78,No Junction,Medium
19,Wednesday,12,1,0,Highway,Rainy,6,10,80,Car,1,4,Wet,9,0,0,2,5,21,52,Y-Junction,Medium
8,Saturday,2,1,1,Urban Road,Cloudy,5,95,40,Car,2,8,Dry,3,1,0,1,9,26,75,No Junction,High
21,Friday,7,0,0,Highway,Rainy,6,20,80,Car,2,7,Slippery,7,0,0,0,6,34,100,T-Junction,Medium
16,Saturday,1,0,1,Urban Road,Clear,4,47,40,Bus,2,0,Wet,10,0,0,1,9,16,68,No Junction,Medium
11,Monday,3,0,0,State Highway,Foggy,6,47,60,Bicycle,1,4,Slippery,4,1,0,0,4,19,78,Y-Junction,High
14,Wednesday,12,0,0,Urban Road,Clear,8,32,40,Truck,4,11,Under Construction,3,0,1,1,8,24,69,Roundabout,Medium
16,Sunday,9,0,1,Residential,Foggy,1,22,40,Car,5,7,Dry,11,0,0,0,3,27,70,T-Junction,High
15,Tuesday,11,0,0,Highway,Clear,2,38,80,Motorcycle,2,13,Wet,8,0,0,0,5,31,62,No Junction,Medium
14,Wednesday,2,0,0,Urban Road,Foggy,4,13,40,Car,2,4,Dry,8,0,0,0,4,28,100,T-Junction,Medium
14,Thursday,5,0,0,State Highway,Rainy,5,33,60,Car,1,6,Dry,9,1,1,0,9,30,24,No Junction,Medium
7,Saturday,4,1,1,State Highway,Foggy,8,10,60,Car,1,8,Dry,8,0,0,0,3,30,72,Intersection,High
19,Wednesday,12,1,0,Highway,Rainy,7,18,80,Motorcycle,2,3,Dry,3,0,0,1,5,31,60,T-Junction,High
15,Friday,3,0,0,State Highway,Cloudy,3,39,60,Motorcycle,4,4,Dry,6,0,0,3,7,19,86,Intersection,Medium
7,Wednesday,5,1,0,Urban Road,Cloudy,3,62,40,Car,3,1,Wet,7,0,0,0,7,24,86,No Junction,High
18,Friday,6,1,0,Residential,Foggy,6,31,40,Bus,2,4,Wet,8,0,0,1,4,27,80,T-Junction,High
22,Saturday,1,0,1,Highway,Foggy,5,35,80,Bus,1,7,Slippery,8,0,1,0,3,29,47,No Junction,High
22,Tuesday,2,0,0,Residential,Clear,3,27,40,Bus,1,13,Wet,6,0,0,0,9,26,91,Intersection,Low
11,Saturday,1,0,1,Highway,Clear,4,32,80,Motorcycle,4,8,Slippery,10,1,1,1,5,26,56,Intersection,High
7,Thursday,3,1,0,Residential,Clear,9,10,40,Car,1,0,Dry,7,0,0,0,7,24,88,No Junction,Medium
14,Monday,8,0,0,Residential,Rainy,1,61,40,Auto,1,6,Dry,8,0,0,0,6,27,71,No Junction,Medium
7,Tuesday,8,1,0,Urban Road,Clear,9,20,40,Auto,3,2,Good,12,0,0,0,6,41,69,Intersection,Medium
22,Tuesday,4,0,0,National Highway,Clear,8,10,80,Motorcycle,3,1,Wet,3,0,0,1,5,28,57,No Junction,High
8,Monday,6,1,0,Highway,Clear,4,42,80,Auto,2,10,Dry,3,1,0,2,9,21,23,T-Junction,High
8,Wednesday,12,1,0,State Highway,Cloudy,9,13,60,Car,1,5,Dry,9,0,0,0,6,33,100,T-Junction,Medium
12,Saturday,9,0,1,Urban Road,Rainy,4,74,40,Motorcycle,1,3,Dry,9,0,0,0,7,17,72,No Junction,Medium
11,Wednesday,7,0,0,Residential,Clear,5,10,40,Truck,3,11,Good,14,0,0,0,8,29,56,Roundabout,Low
19,Wednesday,2,1,0,Residential,Clear,2,78,40,Motorcycle,2,2,Slippery,8,0,0,1,9,28,74,T-Junction,Medium
13,Saturday,11,0,1,Highway,Clear,3,54,80,Bus,2,3,Wet,7,0,0,0,7,37,56,T-Junction,Medium
7,Thursday,2,1,0,Urban Road,Cloudy,6,31,40,Motorcycle,3,13,Good,6,0,0,2,9,29,47,T-Junction,Medium
9,Tuesday,3,1,0,Urban Road,Clear,9,10,40,Car,1,9,Wet,11,0,1,0,7,36,51,Intersection,Medium
14,Friday,8,0,0,State Highway,Cloudy,4,10,60,Bus,1,7,Slippery,9,0,0,0,5,28,55,No Junction,Low
7,Monday,10,1,0,National Highway,Clear,5,27,80,Truck,2,10,Wet,10,0,0,1,5,30,53,T-Junction,High
17,Tuesday,9,1,0,Highway,Cloudy,4,43,80,Motorcycle,2,5,Wet,8,0,1,3,5,24,68,No Junction,High
16,Wednesday,3,0,0,Urban Road,Cloudy,4,47,40,Motorcycle,2,0,Dry,10,0,0,1,5,25,88,Intersection,Medium
18,Monday,9,1,0,Residential,Rainy,7,18,40,Truck,1,6,Slippery,12,0,1,0,7,31,72,No Junction,Medium
22,Friday,12,0,0,Urban Road,Cloudy,6,35,40,Truck,2,1,Dry,9,0,0,2,6,35,61,Intersection,Medium
21,Tuesday,12,0,0,National Highway,Foggy,3,28,80,Car,3,7,Slippery,6,0,0,0,4,17,20,Roundabout,High
22,Tuesday,10,0,0,Highway,Clear,3,40,80,Truck,2,14,Dry,5,0,1,0,7,40,73,Intersection,Medium
8,Thursday,12,1,0,Urban Road,Heavy Rain,9,10,40,Auto,2,5,Dry,8,0,0,3,4,30,50,Roundabout,High
7,Tuesday,8,1,0,Residential,Clear,8,10,40,Car,2,6,Good,12,1,1,1,8,25,69,Roundabout,High
9,Tuesday,5,1,0,Urban Road,Rainy,8,10,40,Motorcycle,3,8,Wet,8,0,0,0,7,30,73,Intersection,Medium
21,Friday,11,0,0,Residential,Clear,1,47,40,Car,1,9,Dry,3,0,0,1,5,24,58,Roundabout,Medium
23,Friday,10,0,0,Highway,Clear,3,59,80,Car,1,12,Good,13,0,0,1,8,32,48,Intersection,Medium
20,Monday,3,1,0,Urban Road,Foggy,7,10,40,Car,2,8,Wet,9,0,0,0,3,32,71,No Junction,High
7,Wednesday,11,1,0,Residential,Clear,7,36,40,Bus,2,15,Dry,7,0,0,1,7,28,40,T-Junction,Medium
22,Friday,7,0,0,Urban Road,Rainy,3,48,40,Car,2,4,Dry,7,0,1,0,9,22,100,Intersection,Low
12,Monday,9,0,0,Highway,Clear,6,45,80,Motorcycle,1,5,Wet,3,0,0,0,8,28,65,Intersection,Medium
0,Tuesday,12,0,0,National Highway,Cloudy,5,14,80,Motorcycle,1,4,Dry,5,0,0,3,5,29,76,Intersection,Medium
13,Monday,6,0,0,National Highway,Clear,5,31,80,Motorcycle,1,8,Good,5,0,0,3,7,33,62,Roundabout,Medium
4,Monday,3,0,0,National Highway,Clear,4,39,80,Motorcycle,3,14,Dry,9,0,1,0,9,24,48,Y-Junction,Medium
15,Monday,5,0,0,National Highway,Clear,3,58,80,Motorcycle,2,4,Dry,7,0,0,1,6,25,100,No Junction,Medium
10,Saturday,7,1,1,Highway,Foggy,7,10,80,Bus,4,7,Dry,11,0,0,0,1,35,41,No Junction,High
13,Monday,8,0,0,Highway,Clear,5,37,80,Car,4,3,Dry,3,0,0,0,5,38,64,No Junction,Medium
17,Friday,12,1,0,Highway,Rainy,4,33,80,Car,1,2,Wet,14,0,0,1,7,28,59,Y-Junction,Medium
20,Sunday,4,1,1,State Highway,Foggy,6,50,60,Car,2,6,Under Construction,11,0,0,1,3,35,56,T-Junction,High
17,Sunday,2,1,1,State Highway,Clear,5,10,60,Truck,2,7,Dry,9,0,1,0,5,27,50,Intersection,Medium
12,Sunday,10,0,1,Residential,Cloudy,2,33,40,Car,2,1,Dry,6,1,0,1,5,20,57,No Junction,High
19,Sunday,2,1,1,National Highway,Clear,5,44,80,Bus,1,9,Under Construction,10,1,1,1,7,24,74,No Junction,High
21,Saturday,12,0,1,Residential,Foggy,3,47,40,Truck,4,5,Dry,8,0,0,0,4,23,69,Roundabout,High
7,Wednesday,3,1,0,Highway,Foggy,6,44,80,Car,3,9,Wet,7,0,0,0,3,25,72,T-Junction,High
15,Monday,8,0,0,Highway,Clear,8,27,80,Car,1,12,Dry,10,1,1,0,6,25,58,No Junction,High
9,Thursday,1,1,0,Highway,Rainy,7,23,80,Motorcycle,1,6,Dry,10,0,0,0,8,40,81,T-Junction,Low
4,Sunday,7,0,1,Urban Road,Rainy,6,10,40,Truck,3,13,Dry,9,0,0,0,8,23,33,No Junction,Low
17,Tuesday,6,1,0,Urban Road,Clear,5,10,40,Motorcycle,1,7,Dry,6,0,0,0,6,21,61,T-Junction,Medium
20,Sunday,2,1,1,State Highway,Clear,4,15,60,Car,2,5,Wet,7,0,0,0,9,35,59,No Junction,Medium
7,Sunday,9,1,1,Highway,Cloudy,7,16,80,Car,2,3,Dry,3,0,0,1,7,18,59,Roundabout,High
19,Tuesday,12,1,0,Residential,Clear,2,31,40,Car,1,2,Dry,3,0,0,0,7,29,59,No Junction,Low
20,Saturday,5,1,1,Urban Road,Foggy,4,22,40,Car,2,6,Wet,6,0,1,3,2,27,61,T-Junction,High
21,Tuesday,2,0,0,National Highway,Clear,6,48,80,Car,1,6,Slippery,10,0,0,0,5,25,76,No Junction,Medium
9,Tuesday,3,1,0,State Highway,Foggy,7,24,60,Motorcycle,1,1,Slippery,8,0,0,0,4,22,55,T-Junction,High
21,Saturday,7,0,1,National Highway,Clear,3,47,80,Truck,1,0,Dry,10,0,0,1,9,21,55,T-Junction,Medium
10,Tuesday,7,1,0,Urban Road,Cloudy,7,14,40,Auto,1,2,Dry,11,0,0,0,7,31,88,Intersection,Medium
15,Monday,10,0,0,Highway,Rainy,3,10,80,Truck,2,6,Slippery,9,0,0,0,6,34,83,Roundabout,Medium
5,Sunday,1,0,1,Urban Road,Rainy,6,50,40,Truck,4,0,Wet,4,0,0,0,5,24,65,Y-Junction,High
4,Wednesday,10,0,0,Highway,Clear,7,26,80,Bus,2,3,Slippery,10,0,0,0,8,26,68,Y-Junction,Medium
18,Saturday,11,1,1,Urban Road,Rainy,3,10,40,Auto,2,5,Dry,4,0,0,0,5,21,34,Intersection,Medium
13,Thursday,11,0,0,Urban Road,Clear,2,84,40,Car,5,0,Dry,6,0,0,0,9,28,60,Intersection,High
8,Saturday,12,1,1,Urban Road,Clear,9,37,40,Motorcycle,1,7,Under Construction,12,0,0,2,8,24,77,Roundabout,Medium
8,Friday,4,1,0,National Highway,Clear,6,23,80,Car,3,7,Under Construction,7,0,0,1,5,29,77,Intersection,High
17,Thursday,6,1,0,Urban Road,Cloudy,8,10,40,Bicycle,1,4,Dry,9,0,0,2,9,27,42,Roundabout,Medium
0,Friday,8,0,0,National Highway,Rainy,3,10,80,Auto,1,1,Good,3,0,0,0,9,20,37,T-Junction,Low
19,Saturday,3,1,1,Urban Road,Clear,4,31,40,Motorcycle,2,6,Dry,7,0,1,2,9,28,78,T-Junction,High
6,Friday,3,0,0,Urban Road,Foggy,4,16,40,Motorcycle,1,5,Under Construction,8,0,0,2,1,27,85,Roundabout,Medium
8,Thursday,8,1,0,Urban Road,Rainy,7,17,40,Motorcycle,1,5,Wet,8,1,0,0,9,24,79,Intersection,Medium
11,Monday,8,0,0,State Highway,Rainy,5,38,60,Bus,2,12,Wet,10,0,0,1,7,33,100,T-Junction,Medium
14,Saturday,8,0,1,Residential,Rainy,1,60,40,Motorcycle,2,3,Wet,6,0,0,2,9,27,92,No Junction,Medium
11,Saturday,1,0,1,Residential,Clear,2,60,40,Car,2,4,Dry,11,0,0,1,5,30,50,T-Junction,Medium
10,Tuesday,8,1,0,Urban Road,Clear,5,10,40,Motorcycle,1,4,Dry,6,0,0,1,7,38,91,Y-Junction,Medium
22,Saturday,8,0,1,Highway,Cloudy,3,64,80,Car,1,2,Wet,8,0,0,0,8,39,49,No Junction,Medium
17,Sunday,2,1,1,Highway,Heavy Rain,6,22,80,Bus,3,0,Dry,5,0,0,3,5,20,72,Roundabout,High
2,Sunday,12,0,1,Urban Road,Clear,3,25,40,Car,2,6,Wet,9,0,0,2,5,32,39,Y-Junction,Medium
12,Saturday,9,0,1,National Highway,Clear,1,63,80,Motorcycle,1,6,Wet,5,1,0,1,8,26,86,T-Junction,High
20,Monday,7,1,0,National Highway,Rainy,7,52,80,Car,2,6,Dry,8,0,1,0,5,29,55,Intersection,High
9,Tuesday,8,1,0,Urban Road,Clear,6,31,40,Motorcycle,1,0,Slippery,10,0,0,2,5,34,100,Intersection,High
6,Wednesday,2,0,0,Residential,Clear,7,31,40,Bicycle,1,7,Dry,10,0,0,2,6,32,72,T-Junction,Medium
18,Friday,4,1,0,Residential,Clear,6,40,40,Auto,4,10,Dry,15,0,0,0,6,27,64,No Junction,High
16,Thursday,7,0,0,Highway,Clear,3,11,80,Motorcycle,5,10,Slippery,8,0,0,1,5,34,47,No Junction,Medium
16,Wednesday,6,0,0,Urban Road,Clear,3,12,40,Motorcycle,2,2,Wet,7,0,1,0,9,25,74,T-Junction,Low
5,Tuesday,7,0,0,Urban Road,Clear,6,48,40,Motorcycle,2,4,Dry,6,0,0,0,6,29,72,Y-Junction,Medium
7,Sunday,1,1,1,Residential,Clear,3,52,40,Car,2,2,Dry,9,0,0,0,5,32,53,No Junction,Medium
17,Sunday,8,1,1,Urban Road,Clear,4,10,40,Car,4,0,Wet,7,0,0,0,7,32,97,Y-Junction,Medium
8,Sunday,7,1,1,National Highway,Clear,5,10,80,Car,2,7,Dry,5,0,0,0,5,17,51,No Junction,Medium
14,Monday,4,0,0,Urban Road,Rainy,6,17,40,Motorcycle,4,10,Good,5,0,1,3,5,23,36,Y-Junction,High
15,Sunday,1,0,1,Urban Road,Foggy,4,55,40,Car,1,11,Under Construction,11,0,0,2,1,23,62,No Junction,High
9,Thursday,8,1,0,Urban Road,Rainy,6,12,40,Motorcycle,1,8,Dry,10,0,0,1,6,26,65,Roundabout,Medium
22,Friday,10,0,0,State Highway,Heavy Rain,6,18,60,Auto,5,9,Under Construction,11,0,1,0,4,32,59,No Junction,High
20,Saturday,7,1,1,Residential,Cloudy,4,12,40,Motorcycle,2,11,Dry,3,0,0,0,9,29,78,No Junction,Low
18,Saturday,8,1,1,Residential,Clear,7,24,40,Motorcycle,2,7,Wet,6,0,1,0,5,33,68,No Junction,Medium
6,Wednesday,10,0,0,Urban Road,Cloudy,6,10,40,Motorcycle,2,5,Dry,5,0,0,0,6,38,93,No Junction,Low
6,Friday,1,0,0,Urban Road,Clear,7,29,40,Car,1,2,Dry,8,1,0,0,6,28,88,No Junction,High
14,Tuesday,5,0,0,Urban Road,Clear,10,10,40,Car,3,4,Under Construction,5,0,1,0,6,29,79,Roundabout,High
7,Friday,9,1,0,Highway,Foggy,8,10,80,Bus,1,9,Wet,12,0,0,1,3,35,80,T-Junction,High
23,Monday,5,0,0,Residential,Clear,6,26,40,Car,2,7,Wet,6,0,1,0,5,22,34,Intersection,Medium
7,Wednesday,10,1,0,Urban Road,Rainy,5,64,40,Car,3,11,Dry,13,0,0,0,7,30,81,Intersection,High
14,Wednesday,12,0,0,Urban Road,Clear,6,10,40,Car,2,3,Good,10,0,0,1,8,28,79,Intersection,Low
11,Monday,3,0,0,Urban Road,Clear,8,42,40,Truck,2,0,Dry,10,0,0,0,8,19,96,Intersection,Medium
17,Friday,9,1,0,Urban Road,Clear,4,30,40,Car,1,8,Wet,13,0,0,3,5,33,53,Intersection,High
7,Sunday,9,1,1,State Highway,Rainy,8,36,60,Motorcycle,2,10,Dry,8,1,0,1,9,35,50,T-Junction,High
12,Monday,4,0,0,State Highway,Clear,6,63,60,Car,1,10,Under Construction,10,0,0,1,6,33,57,T-Junction,Medium
9,Sunday,4,1,1,State Highway,Foggy,7,20,60,Motorcycle,1,12,Dry,8,0,0,1,1,23,65,T-Junction,High
20,Thursday,11,1,0,Residential,Cloudy,7,10,40,Auto,3,9,Dry,5,0,0,0,5,41,44,T-Junction,Medium
4,Monday,8,0,0,Urban Road,Clear,2,85,40,Car,3,1,Wet,6,0,0,2,5,34,38,T-Junction,High
21,Sunday,7,0,1,Residential,Clear,1,64,40,Motorcycle,1,3,Slippery,7,0,0,1,6,32,53,T-Junction,Medium
19,Friday,11,1,0,Highway,Rainy,7,10,80,Auto,5,0,Dry,9,0,0,3,6,33,36,No Junction,High
9,Sunday,5,1,1,State Highway,Rainy,3,63,60,Car,1,9,Slippery,10,0,0,3,5,31,29,No Junction,High
19,Monday,6,1,0,State Highway,Rainy,10,10,60,Car,2,1,Dry,9,0,1,1,7,26,51,Intersection,High
3,Tuesday,3,0,0,Residential,Rainy,2,52,40,Motorcycle,1,3,Slippery,9,0,1,0,8,30,66,No Junction,Medium
22,Saturday,6,0,1,Highway,Cloudy,6,65,80,Bicycle,1,0,Slippery,7,0,1,1,7,31,60,No Junction,High
15,Monday,8,0,0,National Highway,Heavy Rain,5,25,80,Motorcycle,5,1,Slippery,3,0,0,0,3,28,80,No Junction,High
9,Saturday,10,1,1,State Highway,Clear,7,17,60,Auto,2,6,Wet,10,0,0,1,5,23,34,T-Junction,Medium
11,Monday,11,0,0,Residential,Rainy,3,54,40,Car,2,7,Dry,5,0,0,0,6,29,83,T-Junction,Medium
5,Friday,9,0,0,Highway,Clear,8,10,80,Truck,2,4,Under Construction,14,0,0,1,8,33,60,T-Junction,Medium
23,Thursday,3,0,0,Urban Road,Clear,4,77,40,Car,1,6,Wet,9,0,0,2,7,27,96,No Junction,High
3,Thursday,8,0,0,Highway,Heavy Rain,9,31,80,Motorcycle,5,8,Dry,12,0,0,1,5,34,67,No Junction,High
17,Saturday,12,1,1,Urban Road,Clear,6,91,40,Auto,2,8,Dry,4,0,0,0,6,26,63,No Junction,High
13,Friday,3,0,0,Residential,Clear,3,61,40,Car,2,12,Slippery,11,0,1,2,6,27,60,T-Junction,High
22,Sunday,2,0,1,State Highway,Rainy,5,61,60,Car,3,6,Wet,10,0,0,0,8,17,70,T-Junction,High
8,Friday,5,1,0,Urban Road,Foggy,8,10,40,Motorcycle,2,5,Dry,9,0,0,2,1,30,85,Intersection,High
15,Friday,4,0,0,Residential,Foggy,4,47,40,Car,1,1,Good,4,0,1,0,3,15,81,T-Junction,High
14,Tuesday,5,0,0,Highway,Foggy,5,48,80,Car,1,8,Dry,5,0,1,2,2,28,70,Roundabout,High
18,Wednesday,6,1,0,Urban Road,Foggy,8,27,40,Car,2,0,Wet,9,0,0,1,3,30,61,Roundabout,High
5,Monday,3,0,0,National Highway,Foggy,3,11,80,Car,2,13,Wet,5,0,1,2,3,28,68,T-Junction,High
8,Friday,1,1,0,Residential,Rainy,5,28,40,Car,3,13,Good,5,0,0,1,5,20,100,Y-Junction,Medium
8,Friday,4,1,0,Urban Road,Rainy,4,16,40,Car,1,0,Dry,6,0,0,2,5,32,78,No Junction,Medium
18,Friday,6,1,0,Urban Road,Foggy,10,10,40,Car,2,4,Wet,9,1,1,1,1,37,86,No Junction,High
8,Thursday,2,1,0,Urban Road,Foggy,6,39,40,Motorcycle,3,5,Wet,12,0,0,0,1,40,77,No Junction,High
16,Friday,2,0,0,Highway,Clear,8,18,80,Motorcycle,5,3,Dry,9,0,1,0,7,28,73,Intersection,High
8,Monday,1,1,0,Urban Road,Clear,7,58,40,Motorcycle,4,8,Good,11,0,0,0,6,26,20,Y-Junction,High
20,Sunday,9,1,1,Highway,Clear,1,54,80,Motorcycle,2,0,Slippery,7,0,0,2,6,20,45,Intersection,High
22,Sunday,3,0,1,State Highway,Rainy,5,43,60,Auto,4,2,Slippery,14,0,0,3,8,30,66,T-Junction,High
14,Friday,2,0,0,Highway,Rainy,6,39,80,Motorcycle,4,0,Under Construction,11,0,0,0,7,37,66,Y-Junction,Medium
11,Monday,4,0,0,Highway,Clear,4,41,80,Car,1,12,Slippery,10,0,0,3,8,27,70,No Junction,Medium
8,Tuesday,6,1,0,Residential,Cloudy,6,54,40,Truck,2,9,Wet,9,0,0,0,9,33,77,Intersection,High
4,Sunday,1,0,1,National Highway,Rainy,6,10,80,Bicycle,2,4,Dry,9,0,0,0,5,11,39,Y-Junction,Medium
9,Wednesday,9,1,0,National Highway,Clear,6,39,80,Car,2,0,Slippery,3,0,0,0,8,22,69,Intersection,Medium
17,Thursday,9,1,0,State Highway,Clear,6,10,60,Car,4,10,Wet,3,0,0,0,9,31,67,No Junction,Medium
15,Monday,8,0,0,Urban Road,Clear,1,42,40,Car,1,4,Wet,9,0,1,3,7,18,74,Intersection,High
22,Sunday,6,0,1,Urban Road,Clear,5,37,40,Car,1,7,Wet,8,0,0,0,5,23,40,No Junction,Medium
12,Sunday,4,0,1,State Highway,Clear,4,23,60,Bus,2,5,Slippery,9,0,1,3,9,23,66,No Junction,Medium
18,Saturday,2,1,1,State Highway,Clear,6,31,60,Motorcycle,2,6,Good,4,0,1,0,8,31,25,Intersection,High
14,Tuesday,8,0,0,Residential,Cloudy,6,78,40,Bus,2,4,Slippery,12,0,1,0,9,28,33,No Junction,High
14,Wednesday,7,0,0,Urban Road,Foggy,5,47,40,Motorcycle,1,10,Dry,7,0,1,1,4,24,100,No Junction,High
9,Wednesday,12,1,0,Urban Road,Rainy,4,23,40,Car,2,7,Wet,9,0,0,0,5,24,62,Roundabout,Medium
13,Wednesday,4,0,0,State Highway,Clear,3,15,60,Motorcycle,3,5,Slippery,6,1,0,0,6,21,43,Roundabout,Medium
13,Monday,3,0,0,Urban Road,Clear,5,13,40,Truck,1,0,Dry,8,0,0,2,9,28,27,No Junction,Low
18,Tuesday,6,1,0,Residential,Clear,7,10,40,Car,3,7,Good,15,0,0,1,5,30,59,No Junction,Medium
22,Friday,1,0,0,National Highway,Cloudy,1,43,80,Motorcycle,1,8,Dry,11,0,0,1,5,32,97,Intersection,Medium
10,Saturday,2,1,1,Residential,Clear,4,33,40,Bus,1,10,Wet,6,0,1,1,7,38,63,No Junction,High
4,Tuesday,7,0,0,Urban Road,Cloudy,7,22,40,Bicycle,2,5,Good,4,0,0,0,7,31,75,Roundabout,Medium
14,Tuesday,11,0,0,Urban Road,Foggy,1,36,40,Truck,2,17,Slippery,9,0,1,0,1,21,49,Y-Junction,Medium
15,Sunday,3,0,1,Highway,Clear,1,53,80,Car,3,0,Slippery,7,0,1,1,8,31,48,T-Junction,High
7,Tuesday,1,1,0,Residential,Clear,6,31,40,Car,2,0,Good,5,0,0,1,9,19,66,No Junction,Medium
18,Monday,2,1,0,Urban Road,Rainy,7,24,40,Motorcycle,4,10,Slippery,13,0,0,0,9,27,60,T-Junction,Medium
23,Saturday,10,0,1,Urban Road,Clear,3,38,40,Auto,1,9,Good,3,0,0,0,5,28,61,Roundabout,Medium
22,Monday,10,0,0,Urban Road,Clear,6,19,40,Car,4,1,Slippery,10,0,0,2,5,32,69,Intersection,High
8,Saturday,9,1,1,Highway,Clear,10,35,80,Car,3,6,Slippery,13,0,0,0,5,32,79,Roundabout,High
20,Saturday,7,1,1,National Highway,Rainy,7,11,80,Motorcycle,4,1,Slippery,4,0,0,0,7,26,23,No Junction,Medium
18,Sunday,7,1,1,State Highway,Clear,2,54,60,Motorcycle,1,1,Dry,6,0,0,1,5,28,54,No Junction,Medium
13,Monday,10,0,0,Urban Road,Clear,3,34,40,Auto,1,0,Under Construction,7,0,0,0,6,33,78,T-Junction,Medium
15,Saturday,8,0,1,National Highway,Clear,4,38,80,Car,5,0,Good,12,0,1,1,5,21,52,Intersection,High
20,Tuesday,12,1,0,Residential,Cloudy,3,36,40,Motorcycle,2,5,Wet,7,0,0,2,8,34,94,Roundabout,Medium
14,Monday,12,0,0,State Highway,Rainy,5,26,60,Motorcycle,1,12,Dry,14,0,0,1,5,30,78,No Junction,Low
11,Saturday,8,0,1,Residential,Foggy,5,13,40,Truck,3,5,Dry,10,0,1,0,2,16,48,Intersection,High
14,Wednesday,9,0,0,State Highway,Clear,1,10,60,Motorcycle,2,8,Dry,6,0,1,1,9,29,53,Roundabout,Low
16,Monday,2,0,0,Highway,Cloudy,5,26,80,Motorcycle,2,4,Wet,4,0,1,0,5,34,57,Intersection,High
8,Sunday,8,1,1,Residential,Clear,6,23,40,Motorcycle,1,12,Wet,4,0,0,0,9,40,47,T-Junction,Medium
21,Thursday,8,0,0,State Highway,Clear,2,57,60,Car,2,4,Good,9,0,0,1,5,24,54,T-Junction,Medium
17,Monday,5,1,0,Highway,Rainy,6,58,80,Motorcycle,2,2,Good,15,0,1,1,5,31,44,T-Junction,High
17,Monday,5,1,0,Highway,Clear,8,27,80,Motorcycle,1,12,Dry,6,0,1,0,7,31,60,Intersection,Medium
6,Monday,4,0,0,Urban Road,Clear,3,44,40,Car,3,4,Slippery,6,0,0,0,7,31,74,Intersection,Medium
16,Saturday,5,0,1,Urban Road,Rainy,6,28,40,Motorcycle,1,7,Wet,9,0,1,2,9,26,76,Intersection,Medium
7,Monday,2,1,0,Highway,Cloudy,4,35,80,Truck,1,12,Dry,7,0,1,2,9,27,68,No Junction,High
6,Thursday,2,0,0,Residential,Clear,4,53,40,Motorcycle,2,0,Good,6,1,0,0,6,26,26,Roundabout,High
15,Friday,5,0,0,Urban Road,Foggy,4,76,40,Car,4,6,Dry,12,0,0,2,3,29,70,T-Junction,High
12,Monday,11,0,0,Highway,Rainy,4,42,80,Motorcycle,2,10,Under Construction,12,0,0,0,5,31,55,Intersection,Medium
16,Wednesday,3,0,0,National Highway,Clear,5,23,80,Car,1,4,Wet,8,0,0,2,6,23,67,No Junction,Medium
6,Thursday,1,0,0,Residential,Clear,3,34,40,Car,3,2,Wet,6,0,1,0,8,30,49,No Junction,Medium
12,Friday,9,0,0,Urban Road,Cloudy,3,22,40,Car,2,10,Under Construction,9,0,0,1,7,30,47,No Junction,Medium
7,Saturday,2,1,1,Urban Road,Clear,3,87,40,Car,5,8,Wet,11,0,0,0,9,28,59,No Junction,High
23,Monday,12,0,0,Residential,Clear,5,10,40,Auto,1,3,Under Construction,12,0,0,0,6,24,85,No Junction,Low
16,Friday,10,0,0,State Highway,Clear,6,25,60,Car,3,10,Wet,11,0,0,1,8,21,20,No Junction,Medium
17,Wednesday,2,1,0,Highway,Cloudy,6,19,80,Motorcycle,1,0,Good,3,0,0,1,6,18,77,T-Junction,Medium
10,Thursday,4,1,0,National Highway,Rainy,5,29,80,Bus,4,5,Slippery,9,0,0,0,9,20,87,No Junction,High
6,Thursday,2,0,0,State Highway,Clear,3,37,60,Motorcycle,3,4,Dry,10,1,0,0,6,20,25,Intersection,High
23,Saturday,7,0,1,State Highway,Foggy,5,26,60,Motorcycle,2,2,Slippery,10,0,0,1,1,31,57,No Junction,Medium
9,Saturday,12,1,1,Highway,Rainy,1,28,80,Car,1,9,Wet,9,1,0,0,6,12,47,Y-Junction,Medium
12,Saturday,10,0,1,Highway,Heavy Rain,3,51,80,Car,2,12,Under Construction,8,0,0,0,2,28,51,Intersection,High
17,Friday,1,1,0,Urban Road,Rainy,5,28,40,Auto,2,7,Under Construction,7,0,0,0,6,20,59,No Junction,Medium
2,Monday,11,0,0,Highway,Rainy,3,41,80,Motorcycle,3,7,Wet,5,0,0,0,9,32,67,No Junction,Medium
19,Tuesday,2,1,0,Highway,Clear,8,10,80,Car,3,6,Under Construction,6,0,0,3,6,37,56,No Junction,High
15,Thursday,11,0,0,Highway,Clear,4,31,80,Truck,3,3,Wet,12,0,0,1,8,30,32,Roundabout,Medium
9,Tuesday,5,1,0,Residential,Foggy,5,52,40,Car,1,0,Dry,10,0,0,3,3,33,41,Roundabout,High
5,Sunday,2,0,1,Highway,Clear,4,46,80,Motorcycle,2,3,Slippery,10,1,0,0,5,31,60,T-Junction,Medium
7,Thursday,9,1,0,Highway,Foggy,7,33,80,Car,2,2,Slippery,6,0,0,1,1,19,64,No Junction,High
21,Saturday,4,0,1,National Highway,Foggy,6,65,80,Motorcycle,3,0,Dry,9,0,0,1,1,32,53,T-Junction,High
17,Monday,9,1,0,Highway,Cloudy,7,47,80,Motorcycle,2,10,Slippery,13,0,0,3,5,30,37,T-Junction,High
8,Monday,11,1,0,Urban Road,Clear,5,18,40,Motorcycle,4,4,Wet,8,0,0,3,9,30,47,Y-Junction,Medium
5,Thursday,12,0,0,Residential,Clear,8,17,40,Motorcycle,1,8,Dry,10,0,0,1,9,28,65,T-Junction,Low
18,Friday,1,1,0,National Highway,Clear,9,10,80,Car,5,6,Wet,6,1,0,0,8,24,29,No Junction,High
16,Sunday,1,0,1,State Highway,Clear,8,12,60,Car,1,1,Dry,6,0,0,1,8,29,60,No Junction,Low
12,Saturday,1,0,1,Urban Road,Cloudy,6,50,40,Motorcycle,2,13,Dry,8,1,0,0,8,34,24,Roundabout,Medium
11,Monday,4,0,0,National Highway,Foggy,6,33,80,Car,2,8,Under Construction,5,1,1,0,1,23,43,T-Junction,High
8,Sunday,9,1,1,Urban Road,Rainy,1,35,40,Motorcycle,2,6,Dry,5,0,1,1,6,27,85,No Junction,Medium
17,Sunday,8,1,1,Residential,Clear,9,26,40,Truck,2,9,Wet,7,0,1,1,7,26,43,No Junction,High
23,Monday,7,0,0,Urban Road,Foggy,5,60,40,Motorcycle,3,11,Wet,8,0,1,0,2,29,96,T-Junction,High
7,Wednesday,1,1,0,Residential,Foggy,6,47,40,Auto,1,3,Good,6,0,0,3,4,32,62,Roundabout,High
16,Sunday,3,0,1,Urban Road,Clear,4,62,40,Truck,4,0,Slippery,8,0,1,0,7,29,95,No Junction,High
12,Monday,9,0,0,Residential,Foggy,3,22,40,Auto,2,6,Dry,4,0,0,0,4,36,20,Intersection,Medium
13,Wednesday,9,0,0,Residential,Clear,7,51,40,Car,2,3,Good,8,0,1,1,7,25,94,T-Junction,High
8,Monday,5,1,0,Highway,Clear,3,22,80,Car,2,11,Wet,3,0,1,0,9,32,61,T-Junction,Medium
19,Monday,12,1,0,Urban Road,Clear,9,25,40,Car,2,8,Dry,11,0,0,0,8,25,61,Intersection,Medium
14,Sunday,6,0,1,Residential,Cloudy,5,41,40,Car,3,4,Dry,3,0,0,0,9,21,48,T-Junction,Medium
15,Friday,11,0,0,Highway,Clear,5,10,80,Car,2,9,Good,12,0,1,0,5,36,60,Intersection,Medium
9,Friday,6,1,0,Urban Road,Rainy,9,10,40,Car,1,0,Wet,9,0,0,0,9,26,71,T-Junction,Low
8,Saturday,10,1,1,Residential,Clear,7,45,40,Auto,2,7,Good,9,1,1,1,8,23,45,Y-Junction,High
6,Monday,4,0,0,National Highway,Clear,10,43,80,Car,3,7,Dry,6,0,1,0,6,25,46,T-Junction,High
18,Saturday,1,1,1,Highway,Clear,4,28,80,Bus,2,0,Wet,9,0,0,3,8,33,71,T-Junction,High
8,Saturday,5,1,1,Urban Road,Cloudy,6,10,40,Car,3,1,Dry,8,0,1,0,6,35,64,No Junction,Medium
18,Saturday,1,1,1,Highway,Rainy,6,15,80,Motorcycle,4,7,Wet,4,0,0,1,5,36,20,No Junction,High
12,Saturday,1,0,1,Urban Road,Cloudy,6,53,40,Auto,2,2,Under Construction,10,0,0,2,7,25,77,Intersection,Medium
12,Thursday,11,0,0,Highway,Rainy,5,57,80,Motorcycle,2,6,Dry,5,0,0,0,9,27,79,No Junction,Medium
13,Sunday,5,0,1,Residential,Clear,1,82,40,Car,1,7,Dry,15,0,1,0,7,29,36,Y-Junction,Medium
11,Sunday,5,0,1,State Highway,Clear,1,45,60,Motorcycle,1,11,Slippery,5,0,1,0,5,21,43,No Junction,Medium
6,Thursday,7,0,0,Urban Road,Clear,3,95,40,Bus,2,12,Dry,3,0,0,0,5,29,41,T-Junction,Medium
9,Monday,2,1,0,Residential,Cloudy,7,10,40,Car,1,8,Wet,13,1,0,2,6,27,93,Intersection,High
17,Thursday,6,1,0,Urban Road,Clear,7,66,40,Truck,1,3,Dry,10,0,0,0,6,38,49,Intersection,Medium
17,Monday,2,1,0,Urban Road,Clear,5,59,40,Truck,2,3,Under Construction,9,0,0,0,5,25,72,No Junction,Medium
9,Friday,10,1,0,Urban Road,Rainy,6,17,40,Motorcycle,2,8,Dry,6,0,0,3,8,27,86,Y-Junction,Medium
13,Sunday,5,0,1,Urban Road,Clear,1,59,40,Car,3,0,Under Construction,8,0,0,0,7,38,78,Y-Junction,Medium
8,Tuesday,4,1,0,Urban Road,Clear,5,13,40,Car,1,5,Slippery,7,1,0,0,9,23,63,Y-Junction,Medium
8,Wednesday,11,1,0,State Highway,Clear,8,19,60,Car,3,11,Dry,10,0,0,2,5,29,83,Intersection,High
2,Sunday,10,0,1,State Highway,Clear,2,71,60,Bus,1,0,Dry,6,0,0,0,9,32,30,Intersection,Medium
21,Thursday,5,0,0,State Highway,Clear,7,28,60,Motorcycle,4,8,Good,6,0,0,1,5,25,74,Roundabout,High
8,Thursday,2,1,0,Urban Road,Rainy,3,10,40,Car,1,4,Wet,10,0,1,0,6,33,59,Intersection,Medium
8,Friday,8,1,0,Highway,Clear,5,10,80,Motorcycle,2,4,Dry,11,0,1,0,6,26,58,T-Junction,Medium
9,Thursday,8,1,0,State Highway,Rainy,10,10,60,Car,1,0,Dry,6,0,0,2,5,27,67,T-Junction,Medium
7,Monday,6,1,0,Urban Road,Rainy,1,40,40,Bicycle,2,6,Dry,9,0,0,2,9,17,88,Roundabout,Medium
17,Monday,3,1,0,Residential,Foggy,6,48,40,Car,1,0,Wet,11,0,1,0,1,28,84,Y-Junction,High
6,Tuesday,4,0,0,State Highway,Foggy,6,21,60,Bus,2,3,Wet,5,1,0,1,3,23,58,No Junction,High
7,Tuesday,1,1,0,State Highway,Clear,7,29,60,Motorcycle,4,3,Slippery,7,0,0,3,5,22,69,Intersection,High
17,Sunday,9,1,1,Urban Road,Cloudy,7,58,40,Auto,2,2,Under Construction,3,0,1,3,8,32,46,No Junction,High
10,Tuesday,10,1,0,National Highway,Cloudy,8,10,80,Car,2,2,Dry,14,0,1,2,5,30,57,T-Junction,High
18,Monday,5,1,0,Residential,Rainy,5,35,40,Motorcycle,4,0,Dry,8,0,0,2,6,21,70,No Junction,High
15,Saturday,8,0,1,Residential,Rainy,5,24,40,Motorcycle,1,2,Slippery,10,1,1,3,8,20,68,T-Junction,High
8,Saturday,3,1,1,Residential,Cloudy,5,10,40,Motorcycle,3,0,Wet,6,0,0,2,8,16,72,Y-Junction,Medium
17,Tuesday,4,1,0,Highway,Rainy,7,25,80,Car,2,2,Good,6,0,1,1,6,35,69,T-Junction,High
7,Tuesday,4,1,0,Urban Road,Rainy,5,61,40,Bus,2,7,Slippery,7,0,0,2,6,10,54,Intersection,High
15,Monday,8,0,0,State Highway,Rainy,9,23,60,Car,2,2,Dry,7,0,0,0,6,30,51,No Junction,Low
12,Friday,12,0,0,Highway,Clear,4,24,80,Car,2,4,Wet,15,0,1,0,9,20,58,Y-Junction,Medium
9,Sunday,9,1,1,Urban Road,Rainy,4,10,40,Motorcycle,2,8,Dry,9,0,0,0,8,34,70,Intersection,Medium
16,Thursday,3,0,0,Urban Road,Clear,6,37,40,Bus,1,7,Wet,10,0,0,0,7,33,69,T-Junction,Medium
20,Sunday,7,1,1,Urban Road,Clear,5,21,40,Car,5,3,Slippery,8,0,0,0,7,23,73,T-Junction,High
23,Wednesday,9,0,0,Residential,Cloudy,6,15,40,Auto,1,6,Wet,8,0,0,1,9,24,65,T-Junction,Low
16,Saturday,2,0,1,National Highway,Clear,3,29,80,Motorcycle,2,0,Dry,10,0,0,0,7,27,64,T-Junction,Medium
12,Saturday,4,0,1,Urban Road,Rainy,1,56,40,Car,1,0,Under Construction,7,0,0,0,8,24,49,No Junction,Low
8,Monday,3,1,0,Residential,Clear,9,10,40,Car,2,8,Dry,12,0,0,0,6,33,68,Y-Junction,Medium
8,Sunday,8,1,1,State Highway,Clear,3,24,60,Car,4,8,Dry,5,0,0,0,8,28,87,Intersection,Medium
13,Monday,4,0,0,Residential,Clear,3,36,40,Motorcycle,2,4,Wet,11,0,0,1,9,33,41,No Junction,Medium
11,Wednesday,9,0,0,Highway,Foggy,4,53,80,Car,1,7,Slippery,11,0,0,0,1,26,70,Y-Junction,High
21,Sunday,1,0,1,Residential,Foggy,2,52,40,Truck,2,5,Slippery,14,0,0,0,4,36,84,No Junction,High
11,Wednesday,1,0,0,National Highway,Cloudy,3,39,80,Car,2,2,Dry,3,0,0,1,9,18,46,T-Junction,Medium
11,Tuesday,4,0,0,Urban Road,Cloudy,2,54,40,Car,2,9,Slippery,11,0,0,0,9,25,68,Roundabout,Medium
11,Sunday,3,0,1,Residential,Heavy Rain,5,40,40,Car,4,10,Dry,6,0,1,0,4,32,58,No Junction,High
19,Wednesday,3,1,0,National Highway,Rainy,9,30,80,Car,2,4,Dry,10,1,0,2,8,23,44,No Junction,High
17,Thursday,10,1,0,State Highway,Clear,5,10,60,Car,4,7,Slippery,10,1,0,2,9,21,64,No Junction,High
17,Thursday,12,1,0,Residential,Cloudy,9,52,40,Car,2,1,Dry,5,0,0,0,8,17,71,Intersection,Medium
10,Saturday,2,1,1,National Highway,Heavy Rain,6,18,80,Bicycle,1,0,Dry,10,0,1,2,2,29,78,Y-Junction,High
19,Thursday,10,1,0,Highway,Rainy,8,10,80,Car,2,7,Dry,6,1,0,2,9,33,67,Roundabout,High
3,Sunday,10,0,1,State Highway,Clear,5,28,60,Bus,3,0,Dry,5,0,0,0,6,25,39,Roundabout,Medium
20,Thursday,2,1,0,Urban Road,Clear,5,28,40,Motorcycle,1,8,Under Construction,3,0,1,1,9,31,88,T-Junction,Medium
14,Thursday,8,0,0,Urban Road,Rainy,3,23,40,Car,1,2,Under Construction,12,0,0,0,7,39,45,T-Junction,Low
12,Tuesday,1,0,0,Urban Road,Rainy,4,41,40,Auto,1,5,Under Construction,7,0,0,1,8,33,41,Intersection,Medium
14,Saturday,8,0,1,Highway,Clear,3,45,80,Motorcycle,1,2,Dry,4,0,0,1,5,32,74,T-Junction,Medium
17,Monday,10,1,0,Urban Road,Cloudy,8,44,40,Car,3,3,Good,8,1,0,0,9,25,81,No Junction,High
1,Saturday,3,0,1,Highway,Rainy,4,22,80,Bus,2,0,Wet,8,0,0,0,6,25,44,No Junction,Low
20,Saturday,2,1,1,Highway,Rainy,6,61,80,Truck,1,5,Under Construction,5,0,0,1,6,30,41,Y-Junction,High
13,Saturday,9,0,1,Urban Road,Rainy,5,25,40,Car,5,9,Good,5,0,0,1,8,27,87,No Junction,Medium
10,Wednesday,5,1,0,State Highway,Clear,4,13,60,Car,2,2,Wet,11,0,0,0,9,30,20,Y-Junction,Medium
7,Monday,5,1,0,Urban Road,Cloudy,8,10,40,Truck,1,1,Dry,8,1,0,1,9,12,29,No Junction,Medium
12,Wednesday,6,0,0,Urban Road,Clear,5,39,40,Car,1,11,Wet,6,0,0,1,7,24,70,Intersection,Medium
14,Tuesday,4,0,0,Residential,Foggy,10,28,40,Motorcycle,2,9,Dry,6,0,1,0,2,34,46,T-Junction,High
12,Tuesday,7,0,0,Urban Road,Clear,2,58,40,Car,1,5,Dry,6,0,0,1,7,16,59,Intersection,Medium
17,Friday,7,1,0,National Highway,Clear,7,10,80,Car,1,3,Dry,3,0,1,1,6,23,31,T-Junction,High
12,Friday,11,0,0,State Highway,Clear,3,10,60,Motorcycle,2,0,Wet,10,0,0,1,9,26,68,No Junction,Medium
22,Tuesday,9,0,0,Urban Road,Clear,5,44,40,Motorcycle,2,0,Dry,6,0,1,0,8,17,51,No Junction,Medium
16,Tuesday,6,0,0,National Highway,Cloudy,7,35,80,Truck,2,12,Under Construction,7,0,0,1,7,31,69,T-Junction,Medium
19,Wednesday,1,1,0,Residential,Foggy,10,19,40,Motorcycle,3,3,Dry,9,1,0,1,1,30,88,Intersection,High
6,Tuesday,9,0,0,Urban Road,Cloudy,3,44,40,Motorcycle,2,1,Wet,11,0,0,0,8,16,98,Intersection,Medium
12,Sunday,12,0,1,Residential,Cloudy,3,20,40,Truck,2,9,Dry,8,0,0,0,5,26,83,Intersection,Low
10,Monday,10,1,0,Residential,Cloudy,2,22,40,Auto,2,0,Under Construction,4,0,0,0,8,26,67,No Junction,Low
16,Wednesday,9,0,0,Residential,Rainy,8,35,40,Car,3,5,Slippery,7,1,1,0,7,31,67,Roundabout,High
20,Tuesday,5,1,0,Residential,Cloudy,5,27,40,Motorcycle,2,12,Dry,7,1,0,2,8,32,37,Y-Junction,High
6,Wednesday,7,0,0,Urban Road,Clear,1,69,40,Truck,2,4,Slippery,3,1,0,0,7,32,69,Intersection,High
6,Wednesday,1,0,0,National Highway,Clear,5,52,80,Motorcycle,2,6,Dry,9,0,0,1,5,34,54,No Junction,Medium
20,Thursday,4,1,0,State Highway,Clear,4,17,60,Car,4,3,Slippery,9,0,0,0,9,29,77,Intersection,Medium
8,Friday,12,1,0,Residential,Clear,5,68,40,Motorcycle,2,1,Wet,8,0,1,0,6,37,60,Intersection,High
17,Wednesday,10,1,0,Highway,Clear,5,10,80,Auto,2,3,Dry,5,0,1,0,5,31,86,T-Junction,High
15,Saturday,4,0,1,Residential,Clear,6,18,40,Car,2,7,Wet,8,0,0,1,9,27,27,No Junction,Medium
19,Sunday,5,1,1,Residential,Foggy,9,15,40,Motorcycle,2,8,Dry,11,1,1,2,4,38,77,No Junction,High
7,Sunday,6,1,1,State Highway,Rainy,6,10,60,Truck,1,9,Slippery,7,1,0,1,7,23,84,Y-Junction,Medium
7,Wednesday,4,1,0,National Highway,Rainy,6,10,80,Auto,2,10,Slippery,10,0,0,2,5,28,62,No Junction,High
15,Saturday,6,0,1,National Highway,Cloudy,1,10,80,Auto,1,0,Slippery,9,0,1,0,8,29,61,T-Junction,Medium
22,Sunday,10,0,1,Urban Road,Heavy Rain,3,55,40,Bus,5,9,Under Construction,3,0,1,1,4,31,62,Intersection,High
12,Thursday,7,0,0,State Highway,Rainy,5,10,60,Motorcycle,2,9,Slippery,6,1,0,1,6,25,75,Intersection,Medium
10,Tuesday,3,1,0,Highway,Clear,8,24,80,Car,2,1,Wet,9,0,0,1,5,24,90,Y-Junction,High
16,Wednesday,9,0,0,Urban Road,Rainy,6,50,40,Motorcycle,1,6,Under Construction,8,0,0,1,6,34,57,No Junction,Medium
22,Thursday,8,0,0,Highway,Rainy,5,43,80,Car,4,5,Under Construction,10,0,0,0,8,21,80,Intersection,Medium
19,Monday,1,1,0,State Highway,Clear,7,10,60,Motorcycle,1,6,Slippery,8,0,0,0,9,35,53,No Junction,Low
23,Thursday,2,0,0,National Highway,Clear,5,10,80,Truck,2,2,Good,9,0,0,3,5,27,66,No Junction,Medium
2,Friday,2,0,0,Urban Road,Clear,6,64,40,Truck,2,5,Good,6,0,1,1,9,29,57,No Junction,Medium
7,Friday,10,1,0,Urban Road,Foggy,4,35,40,Car,1,4,Dry,9,0,1,1,2,24,73,Roundabout,High
16,Tuesday,9,0,0,National Highway,Clear,2,15,80,Motorcycle,5,12,Dry,4,0,0,0,9,26,64,Intersection,Medium
19,Saturday,12,1,1,Residential,Rainy,8,10,40,Car,2,1,Wet,10,0,0,1,9,34,44,T-Junction,Medium
9,Tuesday,9,1,0,Urban Road,Foggy,7,42,40,Motorcycle,3,1,Good,8,0,1,0,1,25,48,No Junction,High
8,Sunday,9,1,1,Urban Road,Cloudy,8,41,40,Bicycle,4,5,Dry,4,0,0,1,5,17,78,Roundabout,High
19,Saturday,1,1,1,Residential,Rainy,7,18,40,Motorcycle,1,4,Slippery,7,0,0,1,5,28,50,No Junction,High
5,Saturday,7,0,1,National Highway,Rainy,2,76,80,Auto,2,1,Under Construction,15,0,0,1,5,23,43,No Junction,High
11,Saturday,12,0,1,Urban Road,Clear,6,35,40,Car,4,8,Good,7,0,0,0,6,22,76,T-Junction,Medium
14,Saturday,11,0,1,Highway,Rainy,7,14,80,Truck,2,4,Wet,7,0,1,1,8,24,80,T-Junction,High
16,Friday,3,0,0,Highway,Rainy,4,10,80,Motorcycle,3,4,Dry,5,0,0,0,8,40,46,T-Junction,Medium
18,Sunday,11,1,1,Highway,Clear,8,57,80,Motorcycle,2,0,Dry,4,1,0,0,9,26,47,Roundabout,High
11,Friday,9,0,0,Residential,Clear,4,10,40,Bicycle,5,9,Good,5,1,0,2,6,25,69,No Junction,High
17,Wednesday,8,1,0,National Highway,Cloudy,8,14,80,Car,1,5,Good,14,0,0,2,8,33,80,Intersection,High
16,Sunday,3,0,1,Residential,Clear,5,73,40,Auto,4,12,Under Construction,9,0,1,2,5,31,54,Roundabout,High
15,Friday,1,0,0,National Highway,Cloudy,3,37,80,Auto,2,8,Good,3,0,0,0,7,34,57,No Junction,Medium
17,Tuesday,9,1,0,National Highway,Clear,6,45,80,Car,2,5,Dry,8,0,0,0,7,36,48,Roundabout,Medium
8,Friday,10,1,0,Urban Road,Clear,5,41,40,Car,2,5,Wet,11,1,0,1,8,42,93,T-Junction,High
6,Sunday,1,0,1,Urban Road,Rainy,3,50,40,Bus,3,3,Dry,9,0,0,2,6,23,63,Intersection,High
7,Sunday,3,1,1,Residential,Clear,9,15,40,Auto,1,4,Slippery,3,0,0,0,8,33,67,Intersection,Medium
8,Tuesday,6,1,0,Highway,Rainy,6,13,80,Motorcycle,1,14,Dry,9,0,0,1,5,23,59,Y-Junction,Medium
14,Monday,6,0,0,Residential,Rainy,5,24,40,Auto,1,0,Dry,8,0,0,1,6,26,58,Y-Junction,Low
20,Sunday,11,1,1,Urban Road,Cloudy,7,10,40,Car,2,4,Under Construction,8,1,0,0,7,31,79,T-Junction,Medium
18,Friday,10,1,0,Residential,Cloudy,5,15,40,Bus,2,1,Slippery,13,0,0,1,9,28,64,Roundabout,Low
19,Tuesday,4,1,0,Residential,Foggy,4,31,40,Truck,4,0,Good,7,0,0,2,3,30,81,No Junction,High
11,Saturday,2,0,1,Urban Road,Clear,2,27,40,Motorcycle,1,6,Wet,5,1,0,1,6,26,81,Intersection,Medium
12,Sunday,10,0,1,Residential,Clear,3,45,40,Car,2,5,Dry,3,0,0,1,9,22,54,No Junction,Low
12,Thursday,6,0,0,Urban Road,Clear,4,33,40,Car,5,5,Wet,5,0,0,0,5,32,47,Roundabout,High
8,Saturday,10,1,1,Highway,Cloudy,7,66,80,Truck,2,12,Good,5,1,0,0,7,20,49,No Junction,High
5,Wednesday,5,0,0,Residential,Rainy,1,87,40,Motorcycle,2,0,Slippery,3,0,0,0,6,36,20,No Junction,Medium
16,Sunday,6,0,1,Urban Road,Clear,7,31,40,Auto,1,16,Under Construction,10,0,0,0,8,27,94,No Junction,Low
23,Tuesday,7,0,0,State Highway,Rainy,7,10,60,Bus,2,2,Dry,9,0,0,0,6,34,63,No Junction,Low
7,Saturday,11,1,1,Highway,Heavy Rain,1,49,80,Car,2,1,Dry,7,0,0,0,4,39,91,No Junction,Medium
4,Friday,9,0,0,Residential,Foggy,5,65,40,Car,2,4,Good,5,0,1,0,4,29,95,T-Junction,High
19,Friday,12,1,0,Residential,Cloudy,4,10,40,Auto,1,8,Dry,8,1,0,3,8,21,78,T-Junction,Medium
8,Sunday,12,1,1,Highway,Cloudy,6,33,80,Motorcycle,2,4,Wet,9,0,0,0,7,35,58,T-Junction,Medium
19,Monday,7,1,0,Urban Road,Foggy,4,47,40,Motorcycle,2,4,Dry,13,0,0,0,3,26,69,T-Junction,High
18,Thursday,4,1,0,Residential,Cloudy,5,32,40,Motorcycle,1,8,Wet,9,0,0,0,7,20,63,T-Junction,Medium
22,Sunday,10,0,1,Urban Road,Rainy,3,50,40,Motorcycle,4,11,Dry,9,0,0,1,8,33,79,Intersection,Medium
12,Tuesday,5,0,0,Highway,Rainy,5,25,80,Truck,2,10,Slippery,8,0,0,2,9,31,94,Roundabout,Medium
17,Saturday,6,1,1,Residential,Foggy,5,33,40,Motorcycle,2,15,Good,7,0,1,0,1,29,82,No Junction,High
13,Thursday,9,0,0,Urban Road,Clear,5,34,40,Car,2,8,Dry,10,0,0,1,9,23,92,No Junction,Low
17,Monday,5,1,0,Residential,Rainy,9,10,40,Bus,3,11,Wet,7,0,0,0,6,35,54,T-Junction,High
13,Sunday,5,0,1,State Highway,Heavy Rain,5,29,60,Motorcycle,4,2,Dry,7,0,0,1,2,34,65,Y-Junction,High
8,Wednesday,7,1,0,Highway,Cloudy,7,10,80,Auto,1,4,Wet,6,0,0,2,7,27,65,No Junction,Medium
14,Thursday,2,0,0,Urban Road,Cloudy,4,16,40,Auto,2,7,Wet,7,0,0,0,5,37,92,Intersection,Medium
15,Monday,3,0,0,Urban Road,Heavy Rain,8,10,40,Car,2,3,Wet,9,0,0,1,5,33,64,No Junction,High
19,Sunday,12,1,1,Residential,Rainy,7,27,40,Bus,3,7,Dry,9,0,0,3,5,23,64,T-Junction,High
18,Sunday,2,1,1,Urban Road,Clear,4,12,40,Auto,3,3,Dry,5,0,0,0,5,25,53,Intersection,Medium
17,Tuesday,10,1,0,Urban Road,Foggy,8,38,40,Motorcycle,5,10,Wet,8,1,1,2,1,30,69,T-Junction,High
7,Sunday,10,1,1,Highway,Clear,7,15,80,Motorcycle,3,7,Good,5,0,1,1,5,27,71,T-Junction,High
18,Wednesday,12,1,0,Highway,Clear,8,19,80,Motorcycle,1,3,Dry,9,0,0,0,5,29,72,Y-Junction,Medium
14,Sunday,2,0,1,Residential,Clear,4,26,40,Car,1,15,Slippery,12,0,0,2,5,21,78,No Junction,Medium
21,Friday,3,0,0,Urban Road,Clear,9,33,40,Motorcycle,5,0,Wet,9,0,0,1,7,23,57,T-Junction,High
21,Monday,6,0,0,Highway,Rainy,5,37,80,Motorcycle,1,4,Dry,7,0,0,1,6,28,86,T-Junction,Medium
5,Friday,5,0,0,Urban Road,Cloudy,1,73,40,Bus,2,9,Wet,11,0,0,2,7,29,38,Y-Junction,High
19,Sunday,11,1,1,Highway,Foggy,1,59,80,Motorcycle,2,3,Slippery,4,1,0,0,4,29,100,Intersection,High
3,Wednesday,5,0,0,Highway,Clear,2,16,80,Bicycle,1,0,Wet,8,0,0,2,6,20,20,No Junction,Low
11,Monday,2,0,0,Urban Road,Cloudy,5,57,40,Truck,3,0,Dry,16,0,1,0,6,28,27,Y-Junction,High
15,Monday,2,0,0,Highway,Cloudy,6,23,80,Car,3,8,Under Construction,5,0,0,0,5,33,73,No Junction,Medium
7,Sunday,12,1,1,State Highway,Clear,8,11,60,Motorcycle,5,7,Dry,7,0,0,0,7,25,44,No Junction,Medium
18,Wednesday,1,1,0,Highway,Rainy,6,54,80,Motorcycle,5,6,Dry,7,0,0,1,9,23,63,T-Junction,High
0,Tuesday,3,0,0,Residential,Rainy,4,38,40,Car,2,6,Wet,4,0,1,0,9,25,67,Intersection,Medium
7,Monday,12,1,0,Urban Road,Clear,8,10,40,Motorcycle,4,9,Dry,5,1,0,0,5,26,100,Intersection,High
16,Wednesday,12,0,0,Residential,Cloudy,4,65,40,Auto,2,0,Dry,8,1,1,0,7,35,86,T-Junction,High
18,Thursday,11,1,0,Highway,Rainy,8,10,80,Car,3,14,Wet,12,0,0,0,5,20,39,T-Junction,High
21,Friday,7,0,0,National Highway,Clear,3,50,80,Car,3,1,Slippery,9,0,1,3,7,21,20,Y-Junction,High
18,Monday,11,1,0,State Highway,Rainy,7,10,60,Motorcycle,1,4,Wet,11,0,1,0,5,15,70,Intersection,High
17,Thursday,5,1,0,Highway,Rainy,6,12,80,Auto,2,9,Slippery,10,0,0,0,6,35,77,Intersection,Medium
12,Monday,7,0,0,Urban Road,Heavy Rain,8,35,40,Truck,5,4,Under Construction,9,0,0,0,5,29,65,No Junction,High
0,Tuesday,9,0,0,Residential,Clear,6,10,40,Motorcycle,2,5,Good,3,0,1,0,5,20,59,Intersection,Medium
7,Sunday,6,1,1,National Highway,Cloudy,9,53,80,Car,2,0,Dry,12,0,0,0,7,26,57,Intersection,Medium
15,Wednesday,2,0,0,Urban Road,Clear,6,44,40,Truck,2,0,Wet,11,0,1,0,9,30,42,Y-Junction,Medium
17,Monday,1,1,0,Urban Road,Rainy,5,40,40,Truck,4,0,Dry,8,0,0,3,5,31,30,No Junction,High
12,Wednesday,1,0,0,Urban Road,Rainy,3,22,40,Bicycle,2,6,Under Construction,4,0,0,0,8,34,44,Intersection,Medium
18,Saturday,10,1,1,Urban Road,Cloudy,4,10,40,Car,1,7,Under Construction,3,0,1,0,9,18,50,Y-Junction,Low
15,Monday,9,0,0,Urban Road,Foggy,6,34,40,Car,1,6,Dry,4,1,1,0,1,34,100,T-Junction,High
6,Tuesday,6,0,0,Urban Road,Clear,5,21,40,Motorcycle,5,6,Wet,5,1,0,0,7,17,68,Intersection,High
8,Tuesday,6,1,0,Highway,Clear,6,12,80,Motorcycle,1,8,Under Construction,9,0,1,0,6,33,58,Y-Junction,Medium
19,Sunday,4,1,1,Highway,Clear,8,45,80,Motorcycle,3,11,Wet,7,0,0,2,6,33,69,T-Junction,High
18,Sunday,12,1,1,Residential,Rainy,7,13,40,Motorcycle,2,0,Slippery,8,0,0,2,7,42,81,Intersection,Medium
21,Thursday,2,0,0,Residential,Clear,6,42,40,Motorcycle,1,11,Under Construction,9,0,0,0,8,25,65,No Junction,Low
7,Tuesday,10,1,0,Urban Road,Cloudy,6,26,40,Car,2,5,Under Construction,11,1,1,0,6,23,67,T-Junction,High
23,Wednesday,3,0,0,State Highway,Heavy Rain,2,77,60,Motorcycle,2,10,Wet,6,0,0,0,2,29,88,No Junction,High
8,Saturday,3,1,1,Urban Road,Cloudy,8,10,40,Car,1,0,Good,3,0,0,3,8,28,100,No Junction,Medium
1,Tuesday,8,0,0,Urban Road,Clear,5,22,40,Car,5,4,Wet,5,0,0,3,5,41,55,Intersection,High
23,Monday,6,0,0,Residential,Cloudy,7,10,40,Car,5,4,Dry,9,0,0,1,6,19,29,No Junction,Medium
9,Tuesday,7,1,0,Residential,Clear,3,74,40,Car,1,6,Wet,10,0,0,0,6,23,44,Y-Junction,High
17,Saturday,9,1,1,State Highway,Clear,6,10,60,Car,5,6,Dry,10,0,0,2,5,21,49,T-Junction,High
7,Wednesday,1,1,0,Highway,Clear,4,38,80,Car,4,0,Dry,5,0,1,1,8,30,64,Roundabout,High
16,Monday,2,0,0,Highway,Clear,5,47,80,Motorcycle,4,6,Under Construction,8,0,0,0,8,25,57,No Junction,Medium
21,Thursday,9,0,0,Residential,Clear,4,42,40,Motorcycle,3,0,Good,12,0,1,0,5,30,100,No Junction,Medium
10,Thursday,5,1,0,Urban Road,Clear,8,10,40,Auto,2,8,Under Construction,10,0,0,2,6,31,59,No Junction,Medium
17,Thursday,4,1,0,Highway,Clear,8,10,80,Car,2,4,Dry,3,0,0,3,5,31,70,No Junction,High
8,Sunday,1,1,1,Residential,Clear,5,32,40,Truck,1,5,Wet,7,0,0,2,7,27,34,Intersection,Medium
17,Monday,9,1,0,Urban Road,Foggy,6,23,40,Auto,1,4,Good,6,0,0,0,3,32,48,Intersection,Medium
10,Thursday,11,1,0,Urban Road,Rainy,6,10,40,Motorcycle,3,0,Good,3,0,0,2,9,29,20,Intersection,Medium
8,Sunday,9,1,1,Urban Road,Clear,2,36,40,Auto,1,0,Good,12,0,0,0,8,25,82,Intersection,Low
10,Tuesday,4,1,0,Highway,Clear,7,26,80,Motorcycle,1,10,Wet,3,0,0,1,6,25,97,Roundabout,Medium
7,Monday,9,1,0,Highway,Rainy,2,45,80,Bus,3,10,Under Construction,7,0,0,3,6,26,50,T-Junction,High
21,Monday,10,0,0,Urban Road,Clear,3,54,40,Car,2,10,Under Construction,11,1,0,0,7,36,77,No Junction,High
12,Monday,1,0,0,Urban Road,Heavy Rain,5,10,40,Car,2,11,Dry,5,1,0,0,4,28,99,Intersection,High
8,Friday,5,1,0,State Highway,Cloudy,7,11,60,Car,1,0,Dry,7,0,0,2,7,28,91,No Junction,Medium
13,Sunday,1,0,1,Highway,Clear,5,10,80,Auto,3,0,Under Construction,9,0,0,0,7,27,70,T-Junction,Medium
10,Wednesday,4,1,0,State Highway,Rainy,6,32,60,Motorcycle,3,8,Dry,5,0,0,0,8,21,74,No Junction,Medium
18,Friday,12,1,0,Urban Road,Rainy,9,10,40,Car,2,6,Dry,6,0,0,0,7,18,58,T-Junction,Medium
23,Friday,5,0,0,Urban Road,Clear,6,14,40,Motorcycle,2,10,Dry,8,0,0,0,8,30,38,No Junction,Low
12,Friday,11,0,0,Urban Road,Foggy,5,24,40,Car,1,4,Dry,9,0,0,3,1,22,95,No Junction,High
20,Wednesday,3,1,0,Urban Road,Rainy,3,34,40,Truck,1,0,Dry,10,0,0,1,5,30,76,T-Junction,Medium
16,Friday,2,0,0,Urban Road,Cloudy,8,14,40,Car,2,13,Dry,5,0,0,0,8,27,69,No Junction,Low
7,Thursday,6,1,0,Urban Road,Clear,4,10,40,Car,3,4,Dry,3,0,1,1,9,34,20,No Junction,Medium
18,Monday,11,1,0,Residential,Rainy,7,27,40,Car,4,4,Under Construction,10,1,1,1,5,32,31,T-Junction,High
14,Monday,3,0,0,Urban Road,Heavy Rain,8,30,40,Car,2,8,Dry,11,0,0,2,5,31,75,T-Junction,High
17,Sunday,10,1,1,Residential,Foggy,1,10,40,Truck,4,4,Wet,15,0,0,0,2,22,36,Intersection,High
20,Tuesday,1,1,0,Residential,Clear,6,17,40,Motorcycle,1,8,Wet,17,0,0,2,8,15,64,Roundabout,Medium
13,Saturday,11,0,1,Urban Road,Clear,1,53,40,Motorcycle,2,3,Slippery,13,0,1,0,9,35,58,Intersection,Medium
21,Thursday,5,0,0,State Highway,Clear,6,42,60,Car,2,8,Dry,4,0,0,0,9,28,41,No Junction,Medium
18,Wednesday,2,1,0,State Highway,Clear,6,13,60,Truck,1,3,Dry,7,0,0,2,7,27,54,T-Junction,Medium
14,Saturday,2,0,1,National Highway,Rainy,2,83,80,Bicycle,2,13,Dry,9,0,0,0,5,26,100,Roundabout,High
16,Monday,4,0,0,Highway,Clear,3,42,80,Motorcycle,2,10,Good,9,0,1,2,9,31,67,No Junction,Medium
10,Friday,4,1,0,State Highway,Clear,6,41,60,Motorcycle,1,8,Slippery,7,0,0,0,5,35,61,No Junction,Medium
23,Sunday,4,0,1,State Highway,Cloudy,5,26,60,Car,2,8,Dry,11,1,0,0,9,24,91,Intersection,Medium
17,Sunday,7,1,1,Residential,Rainy,4,46,40,Car,2,9,Under Construction,6,0,0,0,8,18,50,Intersection,Medium
4,Tuesday,1,0,0,Urban Road,Clear,4,35,40,Car,3,3,Dry,8,1,1,0,7,38,51,No Junction,Medium
10,Tuesday,8,1,0,National Highway,Clear,7,44,80,Motorcycle,3,3,Dry,8,0,0,0,9,30,27,No Junction,Medium
17,Monday,12,1,0,National Highway,Clear,6,13,80,Car,2,3,Wet,9,0,0,0,7,30,91,Intersection,Medium
5,Thursday,10,0,0,Residential,Foggy,5,38,40,Bicycle,2,2,Wet,9,0,0,2,3,12,69,No Junction,High
2,Sunday,9,0,1,Urban Road,Clear,1,39,40,Motorcycle,1,7,Slippery,5,0,0,2,9,29,25,Y-Junction,Medium
13,Saturday,10,0,1,State Highway,Clear,2,43,60,Car,2,3,Dry,3,0,0,1,8,16,34,Y-Junction,Medium
10,Tuesday,6,1,0,Highway,Cloudy,6,24,80,Truck,2,14,Slippery,6,0,0,0,6,26,71,Intersection,Medium
12,Monday,4,0,0,Urban Road,Clear,1,10,40,Car,2,4,Wet,8,0,1,0,5,32,94,No Junction,Medium
9,Thursday,6,1,0,National Highway,Clear,6,47,80,Auto,1,8,Dry,9,1,0,0,7,29,47,No Junction,Medium
7,Monday,10,1,0,State Highway,Rainy,6,10,60,Motorcycle,2,6,Slippery,6,0,0,0,5,32,44,Y-Junction,Medium
17,Monday,7,1,0,National Highway,Clear,8,40,80,Motorcycle,3,7,Good,8,0,0,3,8,24,22,T-Junction,High
14,Thursday,6,0,0,Residential,Clear,7,42,40,Car,1,6,Dry,8,0,1,1,7,22,42,T-Junction,High
8,Thursday,11,1,0,Urban Road,Rainy,9,32,40,Car,4,7,Wet,6,0,0,0,7,25,75,No Junction,High
10,Thursday,1,1,0,National Highway,Cloudy,7,10,80,Bicycle,1,2,Slippery,7,0,0,1,7,27,57,No Junction,Medium
16,Monday,5,0,0,Urban Road,Rainy,2,39,40,Bus,3,1,Under Construction,4,1,0,1,6,24,82,Intersection,High
6,Tuesday,8,0,0,State Highway,Clear,2,59,60,Bus,3,4,Dry,3,0,0,1,6,27,42,Y-Junction,Medium
7,Wednesday,8,1,0,Residential,Clear,7,10,40,Car,2,1,Wet,11,0,0,3,7,28,85,Intersection,High
6,Wednesday,12,0,0,Urban Road,Clear,6,11,40,Motorcycle,1,1,Slippery,8,0,1,3,6,29,38,Intersection,High
19,Monday,10,1,0,Highway,Rainy,4,10,80,Motorcycle,1,2,Dry,6,0,0,2,7,40,82,No Junction,Medium
18,Monday,9,1,0,Urban Road,Rainy,9,33,40,Car,2,7,Wet,9,0,0,1,8,22,56,T-Junction,High
18,Tuesday,4,1,0,Urban Road,Clear,9,10,40,Bus,4,4,Wet,9,0,0,1,7,32,70,No Junction,High
18,Thursday,10,1,0,Highway,Rainy,9,30,80,Car,2,6,Under Construction,14,0,1,0,6,28,77,No Junction,High
17,Monday,6,1,0,Urban Road,Cloudy,7,33,40,Motorcycle,3,10,Slippery,12,0,1,3,8,38,29,No Junction,High
13,Sunday,7,0,1,Residential,Clear,1,70,40,Motorcycle,1,0,Dry,9,0,0,2,8,22,45,Roundabout,Medium
17,Friday,5,1,0,Residential,Cloudy,8,10,40,Motorcycle,3,13,Dry,14,0,0,1,6,26,72,No Junction,Medium
3,Thursday,11,0,0,Highway,Rainy,4,13,80,Car,1,10,Slippery,7,0,0,1,7,25,51,Y-Junction,Medium
17,Sunday,8,1,1,Residential,Foggy,5,29,40,Motorcycle,1,8,Slippery,11,1,0,0,1,15,58,Y-Junction,High
19,Monday,3,1,0,Highway,Foggy,9,10,80,Truck,2,11,Dry,6,1,0,0,4,28,62,No Junction,High
14,Friday,8,0,0,Highway,Foggy,3,59,80,Car,2,5,Wet,8,0,0,0,1,28,28,T-Junction,High
11,Sunday,5,0,1,Highway,Rainy,4,41,80,Car,2,0,Under Construction,10,1,0,0,8,24,39,Intersection,Medium
9,Saturday,1,1,1,Residential,Heavy Rain,5,43,40,Motorcycle,2,10,Dry,8,0,1,1,5,15,65,Y-Junction,High
17,Tuesday,6,1,0,Highway,Cloudy,5,48,80,Bicycle,2,2,Dry,8,0,0,2,9,33,69,Intersection,High
18,Friday,2,1,0,Highway,Clear,5,10,80,Motorcycle,2,8,Wet,8,0,0,0,7,38,100,No Junction,Medium
20,Monday,7,1,0,Highway,Rainy,5,10,80,Bus,3,0,Slippery,11,0,1,1,8,35,50,No Junction,High
10,Wednesday,9,1,0,National Highway,Rainy,4,10,80,Motorcycle,2,7,Slippery,8,0,0,0,7,28,65,No Junction,Medium
18,Sunday,3,1,1,National Highway,Clear,10,10,80,Car,3,0,Dry,6,0,0,0,8,27,50,T-Junction,High
16,Monday,10,0,0,Highway,Clear,5,31,80,Car,2,1,Good,7,0,1,0,9,35,66,T-Junction,Medium
20,Wednesday,4,1,0,Urban Road,Clear,7,10,40,Motorcycle,4,5,Dry,11,0,0,3,6,35,100,Intersection,High
15,Tuesday,4,0,0,National Highway,Clear,3,53,80,Motorcycle,1,6,Wet,10,1,0,1,5,29,82,No Junction,High
14,Tuesday,4,0,0,Highway,Cloudy,3,50,80,Car,2,0,Wet,7,0,0,2,7,28,68,Intersection,Medium
16,Thursday,3,0,0,Highway,Foggy,3,39,80,Motorcycle,4,10,Dry,5,0,0,0,4,31,48,No Junction,High
18,Sunday,5,1,1,Highway,Cloudy,4,34,80,Motorcycle,1,10,Wet,6,0,1,0,7,29,42,T-Junction,Medium
22,Thursday,9,0,0,National Highway,Cloudy,5,49,80,Car,5,9,Dry,7,0,1,0,5,36,83,T-Junction,High
6,Wednesday,11,0,0,Residential,Rainy,4,26,40,Truck,3,4,Wet,7,1,0,0,5,31,71,No Junction,High
5,Wednesday,8,0,0,Urban Road,Cloudy,8,40,40,Car,2,8,Wet,5,0,0,1,5,32,30,Intersection,High
22,Tuesday,10,0,0,Highway,Rainy,3,10,80,Car,2,6,Slippery,10,1,1,1,9,32,81,T-Junction,High
15,Friday,2,0,0,National Highway,Rainy,5,27,80,Car,1,0,Good,6,1,1,0,5,27,38,Intersection,Medium
17,Wednesday,12,1,0,Urban Road,Clear,2,50,40,Auto,2,6,Dry,5,1,0,0,5,38,87,Y-Junction,High
14,Wednesday,9,0,0,Residential,Clear,4,15,40,Truck,5,0,Good,7,0,0,0,5,27,33,Intersection,Medium
6,Sunday,12,0,1,Urban Road,Clear,9,10,40,Truck,5,1,Good,9,0,0,0,5,26,56,T-Junction,High
18,Friday,10,1,0,State Highway,Clear,4,15,60,Truck,1,2,Dry,5,0,0,1,9,26,79,T-Junction,Medium
18,Thursday,2,1,0,Highway,Clear,8,15,80,Car,1,6,Good,8,0,0,0,7,38,51,No Junction,Medium
10,Thursday,7,1,0,State Highway,Foggy,7,16,60,Car,1,12,Wet,6,0,0,0,1,17,62,Roundabout,Medium
9,Wednesday,5,1,0,Urban Road,Rainy,6,34,40,Auto,2,0,Under Construction,7,0,0,3,9,24,62,Y-Junction,Medium
19,Sunday,7,1,1,Highway,Foggy,3,56,80,Car,4,11,Good,7,1,0,1,1,32,54,No Junction,High
6,Thursday,5,0,0,Urban Road,Cloudy,4,41,40,Auto,1,8,Under Construction,9,0,0,1,6,30,91,Intersection,Medium
20,Thursday,12,1,0,State Highway,Rainy,5,43,60,Auto,2,8,Wet,8,0,1,0,7,29,83,Intersection,High
8,Saturday,6,1,1,Urban Road,Clear,3,29,40,Motorcycle,5,3,Wet,15,0,0,0,7,30,20,Y-Junction,Medium
16,Sunday,8,0,1,Highway,Cloudy,1,35,80,Motorcycle,2,5,Wet,10,0,0,1,6,34,90,T-Junction,Medium
22,Thursday,1,0,0,Residential,Rainy,4,60,40,Motorcycle,2,4,Dry,9,1,1,0,7,29,53,T-Junction,High
17,Tuesday,11,1,0,Residential,Cloudy,5,19,40,Motorcycle,1,11,Dry,7,0,0,0,5,29,100,No Junction,Medium
12,Monday,12,0,0,Residential,Clear,2,18,40,Bicycle,2,10,Wet,6,0,1,0,5,36,47,Intersection,Medium
17,Wednesday,1,1,0,Urban Road,Rainy,4,44,40,Motorcycle,2,7,Under Construction,11,0,1,1,5,29,49,No Junction,High
10,Wednesday,5,1,0,Highway,Clear,5,42,80,Motorcycle,2,4,Under Construction,3,0,0,0,5,32,58,No Junction,Medium
9,Tuesday,1,1,0,Residential,Rainy,8,26,40,Motorcycle,4,1,Good,11,0,0,3,8,12,82,No Junction,High
23,Monday,3,0,0,Urban Road,Rainy,5,36,40,Car,4,1,Dry,11,0,0,3,5,25,57,T-Junction,High
18,Monday,10,1,0,National Highway,Rainy,7,15,80,Auto,2,11,Slippery,7,0,0,1,8,23,68,T-Junction,Medium
17,Tuesday,9,1,0,Urban Road,Rainy,5,13,40,Car,1,11,Slippery,11,0,0,3,7,23,73,Roundabout,High
11,Friday,7,0,0,Urban Road,Clear,8,49,40,Motorcycle,4,3,Dry,7,0,1,0,7,25,54,Y-Junction,High
4,Friday,12,0,0,Urban Road,Clear,3,27,40,Motorcycle,2,8,Dry,7,1,1,0,8,25,100,No Junction,Medium
3,Monday,6,0,0,Urban Road,Cloudy,5,10,40,Bus,1,11,Dry,9,0,0,0,7,33,59,Intersection,Low
15,Friday,8,0,0,Urban Road,Clear,7,45,40,Bus,2,0,Good,6,0,0,0,9,23,48,Intersection,Medium
18,Friday,8,1,0,Urban Road,Heavy Rain,6,19,40,Car,2,0,Good,10,0,0,0,2,33,64,No Junction,Medium
15,Friday,6,0,0,State Highway,Rainy,1,61,60,Bicycle,2,4,Under Construction,6,0,0,0,9,32,90,Intersection,Medium
20,Monday,4,1,0,Urban Road,Rainy,7,20,40,Car,1,5,Wet,8,1,0,2,8,21,59,No Junction,Medium
3,Friday,4,0,0,Urban Road,Rainy,5,44,40,Motorcycle,1,7,Dry,15,0,1,0,6,19,72,Intersection,Medium
11,Wednesday,4,0,0,Highway,Rainy,1,33,80,Truck,2,2,Good,9,0,0,1,8,26,57,Intersection,Medium
8,Saturday,6,1,1,Residential,Clear,6,45,40,Motorcycle,1,9,Dry,11,0,0,3,5,34,80,Intersection,High
13,Monday,1,0,0,Highway,Clear,4,14,80,Motorcycle,4,0,Wet,10,0,1,0,6,29,20,No Junction,High
6,Tuesday,12,0,0,Urban Road,Clear,5,10,40,Bicycle,1,9,Dry,3,0,0,0,8,38,73,Roundabout,Low
22,Friday,2,0,0,Residential,Clear,2,31,40,Car,2,8,Good,7,0,0,1,5,19,62,Intersection,Medium
8,Thursday,6,1,0,Urban Road,Clear,8,10,40,Bus,3,2,Dry,12,0,0,0,7,20,95,Roundabout,Medium
21,Monday,11,0,0,Residential,Rainy,3,61,40,Truck,4,1,Dry,4,1,0,1,8,21,68,Intersection,High
12,Sunday,1,0,1,Residential,Rainy,1,35,40,Auto,4,7,Slippery,7,0,0,3,6,32,54,Intersection,High
23,Tuesday,9,0,0,National Highway,Cloudy,6,23,80,Car,2,0,Dry,14,0,0,3,7,32,78,No Junction,Medium
15,Saturday,12,0,1,Urban Road,Clear,5,36,40,Car,1,3,Good,4,0,1,1,8,31,66,No Junction,Medium
22,Wednesday,6,0,0,Urban Road,Foggy,5,10,40,Bus,1,0,Dry,11,0,0,0,3,29,62,Roundabout,Medium
0,Sunday,7,0,1,Urban Road,Clear,5,71,40,Bus,2,1,Good,5,0,0,0,7,36,86,Intersection,High
18,Tuesday,12,1,0,Urban Road,Cloudy,5,16,40,Truck,2,9,Slippery,9,0,1,2,5,27,75,No Junction,High
21,Friday,1,0,0,Highway,Cloudy,3,53,80,Car,4,12,Wet,10,0,1,1,6,34,65,No Junction,Medium
7,Thursday,8,1,0,Residential,Rainy,9,19,40,Car,2,3,Good,10,0,1,2,5,41,100,No Junction,High
6,Friday,12,0,0,Urban Road,Foggy,1,16,40,Car,3,4,Wet,5,0,0,2,4,24,42,T-Junction,High
12,Tuesday,12,0,0,Urban Road,Heavy Rain,1,47,40,Bus,2,5,Wet,11,0,1,3,5,25,67,T-Junction,High
22,Monday,12,0,0,Urban Road,Clear,4,29,40,Auto,1,1,Dry,5,1,1,0,5,16,84,T-Junction,High
15,Sunday,12,0,1,Residential,Clear,2,51,40,Motorcycle,3,7,Dry,3,0,0,0,9,32,20,T-Junction,Medium
15,Thursday,12,0,0,Urban Road,Rainy,7,53,40,Car,2,2,Slippery,5,0,0,1,9,26,20,T-Junction,High
7,Sunday,5,1,1,Urban Road,Clear,5,46,40,Auto,1,7,Dry,5,1,0,0,8,27,40,Intersection,Medium
0,Sunday,5,0,1,National Highway,Rainy,4,48,80,Motorcycle,2,6,Dry,10,0,0,0,5,40,94,No Junction,Medium
19,Thursday,6,1,0,Residential,Rainy,8,10,40,Car,4,11,Wet,11,0,0,0,8,31,89,No Junction,Medium
6,Tuesday,7,0,0,Urban Road,Rainy,6,21,40,Motorcycle,3,3,Slippery,8,0,1,1,5,22,85,Intersection,High
17,Saturday,7,1,1,Urban Road,Clear,3,45,40,Car,1,4,Dry,5,0,0,1,6,25,80,Intersection,High
21,Saturday,5,0,1,Urban Road,Clear,4,24,40,Motorcycle,3,6,Under Construction,6,0,0,0,6,23,70,T-Junction,Medium
8,Friday,1,1,0,State Highway,Cloudy,3,31,60,Bicycle,1,3,Dry,7,0,0,0,7,30,89,Y-Junction,Medium
17,Tuesday,11,1,0,State Highway,Rainy,8,21,60,Motorcycle,2,1,Slippery,4,0,0,0,9,29,60,No Junction,Low
6,Thursday,9,0,0,Urban Road,Clear,4,11,40,Auto,1,0,Under Construction,4,0,1,1,9,35,52,No Junction,Low
16,Tuesday,6,0,0,State Highway,Foggy,6,26,60,Auto,2,2,Dry,7,0,0,0,2,30,100,T-Junction,Medium
7,Thursday,9,1,0,Highway,Cloudy,6,29,80,Car,1,3,Under Construction,7,0,0,3,7,26,62,Intersection,Medium
18,Sunday,11,1,1,State Highway,Clear,5,16,60,Truck,4,6,Slippery,4,0,0,1,7,29,76,T-Junction,Medium
9,Friday,4,1,0,Urban Road,Clear,7,47,40,Motorcycle,2,5,Under Construction,11,0,0,0,7,21,95,Roundabout,Medium
13,Monday,2,0,0,Urban Road,Rainy,5,15,40,Car,2,12,Wet,5,0,0,0,5,25,58,No Junction,Low
16,Sunday,3,0,1,State Highway,Cloudy,2,71,60,Car,4,9,Dry,4,0,0,1,7,28,79,T-Junction,Medium
7,Monday,12,1,0,Urban Road,Heavy Rain,4,61,40,Car,1,7,Good,11,1,0,1,2,37,55,No Junction,High
18,Tuesday,4,1,0,National Highway,Cloudy,5,46,80,Motorcycle,4,10,Slippery,8,0,1,1,7,33,68,T-Junction,High
9,Thursday,10,1,0,Highway,Clear,7,42,80,Car,1,11,Dry,7,0,0,0,5,29,97,T-Junction,High
17,Monday,12,1,0,Urban Road,Clear,9,10,40,Car,3,5,Good,5,0,0,0,9,31,70,Intersection,Medium
7,Sunday,8,1,1,Residential,Clear,5,10,40,Car,1,11,Good,6,0,1,3,9,35,70,T-Junction,Medium
17,Thursday,3,1,0,Highway,Foggy,5,29,80,Car,1,9,Dry,5,0,0,0,4,27,54,Roundabout,High
7,Friday,8,1,0,Highway,Clear,4,14,80,Bicycle,4,0,Dry,6,0,0,0,5,33,90,T-Junction,Medium
12,Sunday,6,0,1,Highway,Clear,4,33,80,Motorcycle,2,0,Wet,8,0,0,0,7,25,98,Y-Junction,Medium
8,Tuesday,4,1,0,National Highway,Rainy,6,10,80,Motorcycle,1,0,Good,5,0,0,0,6,29,73,Intersection,Medium
18,Thursday,7,1,0,State Highway,Clear,5,11,60,Car,2,4,Dry,3,0,0,2,9,34,54,Intersection,Medium
9,Tuesday,11,1,0,Urban Road,Clear,9,29,40,Car,4,1,Wet,13,0,0,0,9,34,43,Roundabout,Medium
20,Thursday,5,1,0,Highway,Clear,7,10,80,Motorcycle,2,14,Slippery,4,0,0,2,6,17,50,T-Junction,High
21,Sunday,5,0,1,Highway,Rainy,4,42,80,Motorcycle,1,6,Dry,3,0,0,1,7,29,45,T-Junction,Medium
8,Saturday,9,1,1,Urban Road,Foggy,4,14,40,Motorcycle,1,5,Wet,11,0,1,0,1,32,78,Intersection,High
17,Saturday,3,1,1,National Highway,Rainy,5,20,80,Car,2,0,Dry,6,0,1,0,7,25,24,No Junction,Medium
6,Thursday,10,0,0,Residential,Heavy Rain,5,10,40,Motorcycle,3,6,Wet,9,1,0,1,5,33,64,No Junction,High
12,Friday,4,0,0,Urban Road,Rainy,3,19,40,Auto,4,3,Wet,10,0,0,0,6,21,57,Intersection,Medium
18,Tuesday,5,1,0,Urban Road,Clear,8,27,40,Motorcycle,1,6,Dry,10,0,0,3,5,22,88,No Junction,Medium
17,Wednesday,1,1,0,National Highway,Rainy,5,10,80,Truck,1,0,Under Construction,9,0,1,2,7,11,75,Y-Junction,Medium
17,Thursday,7,1,0,Urban Road,Cloudy,9,12,40,Auto,2,8,Dry,5,0,1,2,6,25,47,Intersection,High
9,Thursday,8,1,0,National Highway,Clear,8,14,80,Truck,1,7,Slippery,4,0,0,0,6,15,60,Roundabout,Medium
11,Saturday,6,0,1,Highway,Foggy,4,55,80,Motorcycle,2,3,Slippery,13,0,0,0,3,35,81,T-Junction,High
6,Monday,9,0,0,Residential,Foggy,5,10,40,Auto,4,6,Dry,8,0,0,0,1,39,64,Roundabout,High
18,Sunday,3,1,1,Residential,Cloudy,5,24,40,Truck,1,6,Dry,9,0,1,0,9,22,20,T-Junction,Low
14,Saturday,2,0,1,Residential,Clear,5,23,40,Motorcycle,2,10,Dry,6,0,0,0,8,26,62,No Junction,Low
18,Tuesday,5,1,0,Residential,Clear,6,55,40,Car,3,6,Dry,8,0,0,0,9,28,27,Y-Junction,Medium
8,Saturday,9,1,1,Highway,Rainy,1,77,80,Car,1,7,Under Construction,6,0,0,0,7,22,60,No Junction,Medium
10,Wednesday,11,1,0,Highway,Heavy Rain,6,43,80,Motorcycle,2,12,Slippery,7,0,0,0,5,30,92,Intersection,High
10,Friday,1,1,0,National Highway,Cloudy,6,38,80,Bus,3,0,Under Construction,3,1,1,2,9,26,69,Intersection,High
2,Sunday,1,0,1,Urban Road,Clear,2,38,40,Motorcycle,1,8,Slippery,9,0,1,2,5,19,66,Y-Junction,Medium
10,Wednesday,10,1,0,National Highway,Clear,8,13,80,Car,1,3,Dry,3,0,0,0,5,30,46,T-Junction,Medium
19,Friday,3,1,0,Residential,Rainy,3,23,40,Motorcycle,1,4,Dry,11,0,1,1,8,31,63,T-Junction,Medium
21,Wednesday,10,0,0,Urban Road,Clear,4,44,40,Motorcycle,3,10,Dry,13,0,0,0,9,15,54,Y-Junction,Medium
14,Sunday,3,0,1,National Highway,Foggy,3,27,80,Car,2,10,Dry,6,0,0,0,2,27,80,Intersection,High
13,Saturday,5,0,1,State Highway,Clear,2,22,60,Car,2,2,Wet,10,0,1,0,5,25,59,Intersection,Medium
3,Wednesday,4,0,0,Urban Road,Clear,6,21,40,Motorcycle,1,0,Dry,6,1,0,0,8,29,72,Intersection,Medium
20,Saturday,6,1,1,Highway,Clear,9,10,80,Car,1,3,Wet,7,0,0,0,7,35,62,T-Junction,High
1,Sunday,12,0,1,State Highway,Clear,4,13,60,Car,2,7,Dry,6,0,0,0,9,34,66,No Junction,Low
22,Saturday,8,0,1,State Highway,Clear,4,71,60,Truck,2,6,Wet,6,0,1,0,7,34,57,No Junction,Medium
14,Tuesday,8,0,0,State Highway,Rainy,6,49,60,Motorcycle,3,6,Dry,6,0,1,0,6,28,57,Roundabout,High
10,Saturday,11,1,1,Residential,Rainy,6,32,40,Car,3,2,Wet,3,1,0,1,7,26,64,T-Junction,High
21,Monday,4,0,0,Urban Road,Clear,8,19,40,Motorcycle,3,5,Dry,8,0,1,2,5,15,53,Roundabout,High
2,Wednesday,1,0,0,State Highway,Clear,4,37,60,Car,4,4,Dry,3,0,0,2,5,32,93,Roundabout,Medium
16,Sunday,7,0,1,Highway,Clear,4,58,80,Car,3,14,Dry,6,0,1,0,7,33,30,T-Junction,High
15,Thursday,6,0,0,Urban Road,Foggy,4,53,40,Car,2,9,Dry,3,0,0,1,4,17,81,No Junction,High
8,Thursday,5,1,0,Highway,Clear,9,36,80,Motorcycle,1,6,Dry,6,0,0,3,6,30,98,Intersection,High
12,Thursday,4,0,0,Highway,Clear,3,45,80,Car,2,5,Dry,8,0,0,1,6,34,56,Y-Junction,Medium
17,Sunday,6,1,1,Urban Road,Rainy,4,53,40,Bicycle,1,2,Good,12,0,1,1,9,22,60,Intersection,Medium
18,Monday,8,1,0,Highway,Cloudy,7,10,80,Car,1,2,Dry,7,0,0,2,5,32,46,No Junction,Medium
0,Saturday,6,0,1,Highway,Clear,6,10,80,Bicycle,2,7,Good,7,1,0,0,9,21,87,T-Junction,Medium
22,Wednesday,3,0,0,Urban Road,Clear,8,17,40,Motorcycle,2,6,Wet,4,0,1,0,9,25,81,Intersection,Medium
7,Friday,9,1,0,Residential,Rainy,3,16,40,Car,2,8,Wet,5,0,0,2,7,20,43,Roundabout,Medium
8,Friday,3,1,0,Urban Road,Foggy,8,14,40,Auto,3,2,Slippery,11,0,0,3,1,32,37,T-Junction,High
9,Sunday,4,1,1,Urban Road,Rainy,6,31,40,Motorcycle,2,7,Slippery,9,0,0,0,9,32,59,No Junction,Medium
3,Tuesday,5,0,0,State Highway,Clear,3,21,60,Car,5,8,Dry,5,1,0,0,7,24,78,T-Junction,High
7,Monday,11,1,0,Urban Road,Clear,9,35,40,Car,1,3,Dry,3,0,1,2,8,20,76,No Junction,Medium
23,Wednesday,2,0,0,Urban Road,Clear,6,28,40,Car,2,9,Slippery,12,1,0,0,6,43,64,No Junction,Medium
10,Saturday,11,1,1,National Highway,Cloudy,7,54,80,Motorcycle,1,2,Dry,4,0,0,1,7,28,71,Roundabout,Medium
7,Thursday,10,1,0,Highway,Clear,7,10,80,Bicycle,2,2,Wet,7,0,1,0,7,27,65,T-Junction,High
6,Monday,11,0,0,Urban Road,Rainy,4,64,40,Car,1,8,Good,5,0,1,0,9,23,54,Intersection,Medium
18,Monday,10,1,0,Residential,Cloudy,7,10,40,Car,2,4,Wet,4,0,0,0,7,22,67,T-Junction,Medium
20,Wednesday,2,1,0,State Highway,Rainy,7,19,60,Bicycle,1,11,Dry,8,0,0,0,7,31,48,T-Junction,Medium
8,Sunday,6,1,1,State Highway,Clear,3,33,60,Car,3,4,Dry,10,0,0,1,9,30,86,Intersection,Low
2,Saturday,2,0,1,Highway,Clear,5,10,80,Car,1,13,Dry,9,1,0,2,7,24,55,Y-Junction,High
8,Sunday,10,1,1,Residential,Heavy Rain,8,10,40,Bicycle,2,4,Wet,9,0,0,1,2,33,55,T-Junction,High
5,Sunday,1,0,1,Residential,Clear,6,52,40,Truck,4,8,Wet,4,0,1,1,5,26,28,No Junction,High
6,Tuesday,8,0,0,Urban Road,Rainy,3,37,40,Car,1,7,Wet,8,0,0,0,9,31,55,T-Junction,Low
12,Sunday,10,0,1,Highway,Clear,3,77,80,Car,4,5,Dry,8,0,0,3,8,30,66,Intersection,High
8,Saturday,10,1,1,Residential,Clear,7,10,40,Motorcycle,2,6,Dry,3,1,0,0,8,27,32,Y-Junction,Medium
14,Tuesday,1,0,0,Urban Road,Cloudy,4,55,40,Car,1,1,Good,3,0,1,0,5,32,87,T-Junction,Medium
8,Tuesday,10,1,0,Highway,Rainy,5,26,80,Car,4,9,Dry,8,0,0,0,6,34,43,Intersection,High
22,Thursday,6,0,0,Urban Road,Clear,7,10,40,Car,2,0,Dry,5,0,0,2,7,34,66,T-Junction,Medium
21,Thursday,12,0,0,Highway,Heavy Rain,4,47,80,Motorcycle,2,1,Dry,4,0,0,3,4,19,82,No Junction,High
16,Wednesday,1,0,0,Urban Road,Foggy,2,46,40,Car,2,6,Dry,3,0,0,3,3,34,29,Intersection,High
11,Saturday,8,0,1,Urban Road,Heavy Rain,5,43,40,Auto,2,0,Good,5,1,0,0,4,30,41,No Junction,High
11,Sunday,5,0,1,Urban Road,Foggy,6,38,40,Truck,3,9,Dry,12,1,0,0,3,31,69,No Junction,High
12,Tuesday,3,0,0,National Highway,Foggy,4,54,80,Bicycle,2,3,Wet,10,0,0,1,4,15,76,Y-Junction,High
18,Wednesday,5,1,0,Urban Road,Rainy,8,41,40,Bus,2,4,Dry,12,0,1,2,6,19,20,T-Junction,High
13,Tuesday,1,0,0,Urban Road,Clear,1,24,40,Car,2,10,Wet,5,0,0,1,8,26,68,No Junction,Medium
20,Monday,1,1,0,National Highway,Clear,6,10,80,Truck,1,9,Under Construction,11,0,0,2,8,17,49,T-Junction,Medium
22,Friday,12,0,0,State Highway,Rainy,4,22,60,Motorcycle,2,7,Dry,11,0,0,0,5,38,66,T-Junction,Low
10,Friday,4,1,0,Urban Road,Clear,9,10,40,Motorcycle,2,7,Dry,12,0,0,1,9,22,63,No Junction,Medium
16,Tuesday,9,0,0,Urban Road,Foggy,7,10,40,Motorcycle,2,13,Dry,7,0,0,0,4,20,82,T-Junction,Medium
6,Wednesday,9,0,0,Residential,Heavy Rain,4,38,40,Truck,2,12,Wet,6,0,0,2,5,25,51,Intersection,High
8,Thursday,1,1,0,National Highway,Rainy,6,10,80,Motorcycle,1,0,Wet,7,1,0,0,8,26,99,Y-Junction,Medium
12,Saturday,3,0,1,Highway,Cloudy,7,44,80,Bus,1,8,Good,8,0,0,1,9,29,80,T-Junction,Medium
8,Tuesday,12,1,0,Urban Road,Clear,9,38,40,Car,4,7,Dry,4,0,0,1,8,14,56,Roundabout,High
20,Tuesday,4,1,0,State Highway,Cloudy,5,25,60,Motorcycle,4,0,Slippery,6,0,1,0,8,20,48,Roundabout,High
7,Saturday,2,1,1,Urban Road,Cloudy,5,44,40,Truck,4,3,Dry,11,0,0,1,7,24,80,No Junction,High
13,Sunday,7,0,1,Residential,Cloudy,5,35,40,Bus,3,13,Dry,6,0,0,1,5,31,65,T-Junction,Medium
16,Thursday,3,0,0,Residential,Rainy,5,57,40,Auto,4,5,Slippery,8,0,0,0,7,26,83,Intersection,High
18,Tuesday,1,1,0,Urban Road,Cloudy,9,44,40,Car,2,7,Good,9,0,1,2,8,29,71,Intersection,High
11,Monday,1,0,0,Urban Road,Heavy Rain,4,22,40,Motorcycle,1,6,Dry,11,0,1,2,2,34,20,T-Junction,High
20,Thursday,3,1,0,Residential,Cloudy,8,30,40,Car,2,4,Dry,9,0,0,0,5,27,57,No Junction,Medium
16,Monday,6,0,0,Residential,Rainy,5,41,40,Motorcycle,2,8,Wet,10,0,0,0,6,30,66,No Junction,High
12,Friday,4,0,0,State Highway,Cloudy,7,22,60,Motorcycle,1,14,Slippery,9,0,0,0,6,27,29,T-Junction,Medium
5,Saturday,1,0,1,State Highway,Clear,2,18,60,Auto,2,6,Under Construction,8,0,0,0,9,35,84,Roundabout,Low
13,Thursday,7,0,0,Highway,Clear,3,43,80,Motorcycle,1,6,Dry,10,0,0,1,6,32,57,Roundabout,Medium
19,Sunday,2,1,1,Residential,Clear,7,19,40,Truck,2,7,Slippery,3,0,0,0,7,11,38,Intersection,Medium
17,Thursday,12,1,0,Urban Road,Clear,7,10,40,Truck,4,3,Dry,10,0,0,0,8,30,52,Y-Junction,Medium
19,Wednesday,5,1,0,Residential,Rainy,6,10,40,Motorcycle,2,6,Wet,3,0,0,3,6,39,56,Y-Junction,High
14,Wednesday,8,0,0,Urban Road,Rainy,5,82,40,Car,2,6,Dry,6,0,1,1,7,35,71,Intersection,High
7,Saturday,7,1,1,Residential,Cloudy,5,11,40,Car,2,2,Dry,10,0,1,0,5,25,83,T-Junction,Medium
1,Sunday,11,0,1,Residential,Rainy,5,49,40,Truck,2,5,Good,7,1,1,2,9,32,32,No Junction,High
9,Thursday,12,1,0,Residential,Foggy,6,24,40,Motorcycle,3,8,Wet,7,0,0,0,1,22,75,T-Junction,High
18,Friday,8,1,0,State Highway,Rainy,7,34,60,Car,4,0,Dry,8,1,1,0,5,26,41,Roundabout,High
19,Sunday,10,1,1,Highway,Rainy,4,10,80,Auto,2,7,Slippery,13,1,0,1,7,23,70,Y-Junction,High
9,Tuesday,11,1,0,Urban Road,Clear,8,49,40,Motorcycle,4,0,Slippery,3,0,0,1,6,28,33,No Junction,High
14,Saturday,6,0,1,Urban Road,Heavy Rain,3,27,40,Car,1,3,Dry,5,0,0,0,5,40,84,Intersection,Medium
12,Sunday,7,0,1,National Highway,Rainy,8,10,80,Car,1,13,Wet,12,0,0,0,6,17,78,Y-Junction,Medium
12,Saturday,9,0,1,Highway,Rainy,3,73,80,Car,1,9,Wet,7,0,0,0,8,32,77,Intersection,Medium
8,Sunday,6,1,1,Urban Road,Cloudy,6,29,40,Bicycle,2,5,Dry,7,0,0,0,9,23,78,Intersection,Low
7,Wednesday,9,1,0,National Highway,Clear,7,20,80,Car,2,1,Good,10,0,0,2,8,22,58,No Junction,Medium
8,Friday,12,1,0,State Highway,Clear,6,10,60,Truck,3,8,Wet,4,0,0,0,6,30,69,No Junction,Medium
5,Saturday,2,0,1,State Highway,Clear,7,16,60,Car,2,0,Under Construction,10,1,0,1,6,28,59,No Junction,High
8,Friday,2,1,0,Urban Road,Cloudy,3,48,40,Car,2,6,Wet,6,0,1,0,5,30,100,Intersection,High
0,Saturday,2,0,1,State Highway,Foggy,5,40,60,Car,1,7,Slippery,7,0,0,0,4,27,100,No Junction,Medium
17,Wednesday,6,1,0,Urban Road,Clear,6,10,40,Auto,1,4,Dry,5,0,1,0,5,27,50,No Junction,Medium
10,Tuesday,2,1,0,Residential,Clear,7,40,40,Bicycle,3,3,Wet,9,0,1,2,5,28,100,Roundabout,High
23,Wednesday,3,0,0,Urban Road,Rainy,4,30,40,Motorcycle,1,5,Slippery,7,1,0,0,9,27,86,Roundabout,Medium
8,Saturday,8,1,1,Residential,Cloudy,6,44,40,Car,2,5,Dry,8,0,0,2,6,26,100,T-Junction,High
10,Friday,8,1,0,Urban Road,Clear,7,16,40,Car,4,0,Slippery,6,1,1,0,8,28,38,Y-Junction,High
11,Monday,11,0,0,Urban Road,Rainy,3,43,40,Car,4,18,Dry,7,0,0,2,7,24,40,No Junction,Medium
0,Wednesday,12,0,0,Residential,Cloudy,4,57,40,Motorcycle,1,8,Under Construction,6,1,0,0,5,36,90,T-Junction,Medium
19,Friday,4,1,0,Urban Road,Rainy,10,10,40,Truck,4,11,Good,6,0,0,0,7,18,31,T-Junction,Medium
3,Sunday,9,0,1,Urban Road,Clear,4,26,40,Truck,1,6,Wet,5,0,0,0,5,19,59,No Junction,Medium
22,Sunday,8,0,1,Urban Road,Foggy,4,12,40,Motorcycle,2,14,Dry,5,0,0,1,2,37,80,T-Junction,High
21,Wednesday,1,0,0,State Highway,Foggy,7,32,60,Motorcycle,2,7,Wet,13,0,0,0,1,32,82,Intersection,High
15,Saturday,8,0,1,Urban Road,Cloudy,5,27,40,Motorcycle,2,7,Slippery,8,1,0,1,9,20,76,Intersection,Medium
15,Sunday,1,0,1,State Highway,Cloudy,4,49,60,Motorcycle,2,14,Good,3,0,0,0,5,32,83,No Junction,Medium
17,Friday,4,1,0,Residential,Clear,6,17,40,Motorcycle,3,5,Dry,7,0,0,0,6,23,37,Intersection,Medium
11,Tuesday,10,0,0,Residential,Clear,4,47,40,Truck,2,3,Slippery,10,0,0,3,9,30,53,Y-Junction,Medium
17,Friday,6,1,0,Urban Road,Heavy Rain,10,18,40,Motorcycle,1,11,Dry,3,0,0,1,2,27,83,No Junction,High
4,Sunday,7,0,1,Residential,Rainy,2,31,40,Car,4,7,Slippery,9,0,0,0,5,30,66,T-Junction,Medium
5,Sunday,10,0,1,Highway,Rainy,2,65,80,Motorcycle,2,11,Under Construction,7,0,0,0,7,28,47,T-Junction,Medium
13,Thursday,4,0,0,Urban Road,Cloudy,3,27,40,Car,1,0,Under Construction,3,1,0,0,5,22,83,No Junction,Medium
15,Monday,8,0,0,Residential,Rainy,2,11,40,Motorcycle,3,1,Slippery,6,1,1,0,9,24,53,T-Junction,High
20,Saturday,8,1,1,National Highway,Rainy,6,17,80,Motorcycle,1,5,Wet,7,0,0,3,5,28,62,No Junction,High
6,Friday,9,0,0,Highway,Clear,6,10,80,Car,2,9,Under Construction,4,0,1,0,7,19,64,Y-Junction,Medium
19,Sunday,6,1,1,Urban Road,Rainy,5,28,40,Truck,4,0,Wet,5,0,0,1,8,24,63,T-Junction,Medium
8,Saturday,4,1,1,National Highway,Rainy,4,15,80,Car,2,9,Dry,8,0,0,0,7,26,78,Y-Junction,Medium
12,Wednesday,2,0,0,State Highway,Cloudy,6,52,60,Car,2,2,Good,8,1,1,0,7,28,73,No Junction,High
10,Wednesday,7,1,0,Highway,Clear,7,23,80,Bus,5,11,Dry,9,0,0,0,5,24,39,No Junction,High
12,Friday,10,0,0,Urban Road,Clear,1,13,40,Bus,3,6,Wet,5,0,0,0,8,32,59,T-Junction,Low
7,Thursday,3,1,0,Highway,Clear,3,33,80,Auto,1,8,Dry,11,0,0,0,9,18,57,Intersection,Medium
14,Sunday,11,0,1,State Highway,Clear,5,80,60,Motorcycle,1,7,Dry,7,0,1,1,9,28,32,Roundabout,Medium
19,Friday,12,1,0,Urban Road,Foggy,10,31,40,Motorcycle,5,8,Wet,6,0,1,1,2,31,76,Intersection,High
13,Tuesday,3,0,0,State Highway,Clear,5,58,60,Truck,1,0,Wet,7,0,0,1,7,45,100,T-Junction,Medium
14,Thursday,3,0,0,National Highway,Clear,5,70,80,Bus,2,11,Dry,9,0,1,0,7,19,94,No Junction,Medium
20,Sunday,4,1,1,National Highway,Clear,6,36,80,Motorcycle,5,3,Dry,8,0,0,0,6,16,80,Roundabout,Medium
18,Sunday,2,1,1,State Highway,Rainy,7,10,60,Truck,1,8,Dry,6,0,0,2,5,33,29,Roundabout,Medium
14,Saturday,5,0,1,Urban Road,Heavy Rain,1,67,40,Car,4,6,Slippery,10,0,1,1,3,30,61,No Junction,High
8,Friday,3,1,0,Highway,Foggy,7,34,80,Car,2,4,Dry,7,0,0,0,1,30,92,No Junction,High
20,Sunday,10,1,1,Residential,Clear,6,13,40,Car,1,8,Good,10,0,0,2,6,16,92,T-Junction,Medium
16,Saturday,5,0,1,Urban Road,Rainy,3,28,40,Car,1,0,Dry,12,0,0,0,6,26,72,T-Junction,Low
8,Sunday,12,1,1,Highway,Clear,4,30,80,Motorcycle,2,2,Good,6,0,0,0,6,29,56,Intersection,Medium
9,Monday,7,1,0,Urban Road,Cloudy,7,10,40,Truck,2,2,Slippery,6,0,0,1,8,19,58,T-Junction,Medium
19,Thursday,9,1,0,National Highway,Clear,5,12,80,Motorcycle,2,6,Dry,4,1,0,0,7,19,68,Intersection,Medium
4,Friday,2,0,0,State Highway,Clear,4,43,60,Truck,2,8,Dry,5,1,0,2,9,24,20,Intersection,Medium
23,Monday,9,0,0,Urban Road,Clear,6,10,40,Motorcycle,2,5,Under Construction,9,0,0,1,5,22,48,Roundabout,Medium
7,Friday,10,1,0,Urban Road,Rainy,7,18,40,Motorcycle,2,3,Good,9,0,0,0,8,31,22,Roundabout,Medium
19,Tuesday,6,1,0,Residential,Clear,4,10,40,Motorcycle,1,10,Good,3,0,0,2,7,24,23,Intersection,Medium
12,Wednesday,12,0,0,State Highway,Clear,7,10,60,Motorcycle,2,13,Wet,4,0,0,0,8,21,29,Intersection,Low
14,Saturday,6,0,1,Urban Road,Clear,3,10,40,Car,4,4,Dry,12,1,0,1,7,40,68,Intersection,High
20,Friday,11,1,0,National Highway,Foggy,7,32,80,Motorcycle,1,3,Dry,5,1,1,3,4,31,46,Roundabout,High
12,Thursday,3,0,0,State Highway,Clear,4,25,60,Motorcycle,5,5,Dry,7,0,0,3,5,30,63,No Junction,High
15,Friday,10,0,0,National Highway,Clear,4,80,80,Motorcycle,5,7,Dry,8,1,0,0,6,22,66,T-Junction,High
4,Friday,9,0,0,Residential,Clear,7,19,40,Car,1,3,Wet,8,0,0,0,9,21,36,T-Junction,Medium
0,Friday,4,0,0,State Highway,Cloudy,3,37,60,Car,2,7,Wet,3,0,1,0,9,26,35,No Junction,Medium
8,Sunday,5,1,1,State Highway,Rainy,6,18,60,Car,2,10,Slippery,8,1,0,0,9,35,42,Intersection,High
17,Friday,3,1,0,Urban Road,Rainy,5,10,40,Car,3,5,Dry,3,0,0,0,9,21,64,Roundabout,Low
7,Sunday,5,1,1,Urban Road,Clear,6,26,40,Car,1,0,Dry,6,0,0,1,8,16,88,Roundabout,Medium
7,Thursday,8,1,0,State Highway,Rainy,3,32,60,Motorcycle,1,7,Dry,6,0,1,1,5,18,20,T-Junction,Medium
12,Thursday,8,0,0,Highway,Clear,3,41,80,Auto,2,2,Under Construction,3,0,0,1,5,16,88,T-Junction,Medium
17,Friday,8,1,0,Urban Road,Heavy Rain,10,10,40,Auto,1,7,Good,9,0,0,0,5,23,83,No Junction,Medium
18,Sunday,6,1,1,State Highway,Rainy,2,32,60,Truck,4,7,Dry,5,0,0,0,7,35,42,No Junction,Medium
7,Wednesday,1,1,0,State Highway,Clear,6,10,60,Motorcycle,4,2,Wet,13,0,1,0,6,16,60,Intersection,High
6,Friday,11,0,0,Highway,Rainy,4,53,80,Motorcycle,1,4,Wet,9,0,0,0,9,27,66,No Junction,Medium
22,Saturday,10,0,1,Urban Road,Rainy,4,34,40,Car,2,3,Wet,7,0,0,1,7,23,63,No Junction,Medium
9,Saturday,12,1,1,Urban Road,Clear,4,57,40,Car,2,10,Dry,10,1,1,2,5,26,59,T-Junction,High
20,Thursday,6,1,0,Urban Road,Clear,7,27,40,Auto,2,3,Wet,3,0,0,0,6,24,81,No Junction,Medium
20,Saturday,12,1,1,National Highway,Clear,5,22,80,Car,2,6,Dry,8,0,0,1,5,14,44,No Junction,Medium
19,Saturday,11,1,1,Residential,Clear,3,33,40,Motorcycle,1,0,Slippery,4,0,0,0,5,25,78,T-Junction,Medium
7,Tuesday,10,1,0,National Highway,Rainy,5,37,80,Motorcycle,1,5,Dry,10,0,0,1,8,33,63,No Junction,Medium
19,Friday,7,1,0,Highway,Cloudy,6,37,80,Car,3,9,Wet,6,0,0,0,6,29,45,No Junction,High
18,Friday,9,1,0,Urban Road,Cloudy,8,10,40,Bus,3,12,Wet,3,0,0,1,8,26,52,Intersection,High
16,Friday,12,0,0,State Highway,Heavy Rain,3,50,60,Car,1,8,Under Construction,3,0,0,0,2,32,20,T-Junction,High
10,Friday,8,1,0,Urban Road,Rainy,6,18,40,Car,1,5,Dry,7,0,0,0,6,26,88,Roundabout,Low
9,Monday,11,1,0,Urban Road,Rainy,8,50,40,Motorcycle,4,4,Wet,9,1,0,0,7,23,51,No Junction,High
7,Friday,12,1,0,National Highway,Clear,5,27,80,Motorcycle,2,6,Under Construction,3,0,1,3,5,23,50,Y-Junction,High
14,Sunday,8,0,1,State Highway,Cloudy,2,71,60,Truck,2,3,Dry,3,0,0,3,5,26,42,Intersection,High
16,Thursday,7,0,0,Urban Road,Rainy,4,53,40,Bicycle,4,6,Wet,6,0,0,0,8,36,88,T-Junction,High
11,Sunday,2,0,1,Residential,Clear,5,44,40,Car,4,5,Dry,12,0,0,0,8,21,49,No Junction,Medium
13,Thursday,1,0,0,Highway,Heavy Rain,4,60,80,Car,2,5,Slippery,6,0,1,0,2,21,66,No Junction,High
11,Monday,2,0,0,National Highway,Foggy,7,36,80,Car,3,9,Dry,8,0,0,0,2,33,22,Intersection,High
17,Friday,6,1,0,State Highway,Rainy,7,10,60,Bus,2,1,Wet,3,1,0,0,5,29,100,T-Junction,High
21,Wednesday,2,0,0,Highway,Clear,3,34,80,Truck,2,8,Dry,16,0,0,1,7,36,47,No Junction,Medium
7,Sunday,10,1,1,Highway,Clear,6,21,80,Motorcycle,1,10,Dry,4,0,0,0,6,36,26,Y-Junction,Low
11,Friday,4,0,0,State Highway,Clear,6,36,60,Motorcycle,3,5,Wet,8,0,1,0,5,33,73,T-Junction,High
7,Thursday,10,1,0,Highway,Cloudy,5,42,80,Motorcycle,3,7,Wet,3,0,0,3,9,32,56,T-Junction,High
17,Sunday,3,1,1,National Highway,Heavy Rain,7,10,80,Car,3,8,Wet,9,0,0,1,5,28,69,Intersection,High
18,Tuesday,6,1,0,National Highway,Clear,6,10,80,Car,5,11,Dry,6,0,0,0,8,17,92,Intersection,Medium
22,Saturday,12,0,1,State Highway,Rainy,3,31,60,Car,1,2,Wet,8,1,0,0,8,22,45,Roundabout,Low
9,Tuesday,12,1,0,Residential,Foggy,8,25,40,Car,5,5,Dry,7,0,1,1,4,23,54,Intersection,High
22,Wednesday,8,0,0,Urban Road,Clear,3,40,40,Auto,4,7,Dry,9,0,0,0,5,34,57,Y-Junction,Medium
5,Friday,11,0,0,Highway,Rainy,4,19,80,Car,1,6,Slippery,11,1,1,0,8,38,40,Y-Junction,High
16,Monday,6,0,0,Residential,Cloudy,4,48,40,Car,1,10,Slippery,3,0,0,0,7,28,72,T-Junction,Medium
5,Friday,2,0,0,Urban Road,Clear,6,38,40,Motorcycle,1,0,Dry,12,0,0,1,7,29,38,T-Junction,Medium
21,Wednesday,5,0,0,Residential,Heavy Rain,3,37,40,Car,1,7,Dry,5,0,0,0,4,24,74,No Junction,Medium
15,Wednesday,11,0,0,Urban Road,Rainy,5,91,40,Motorcycle,3,7,Dry,9,0,0,0,6,26,70,Intersection,Medium
17,Saturday,6,1,1,Urban Road,Clear,9,10,40,Bicycle,2,4,Slippery,5,0,0,0,5,25,51,No Junction,High
19,Wednesday,9,1,0,Urban Road,Cloudy,7,10,40,Car,2,11,Slippery,8,0,0,0,6,38,47,T-Junction,Medium
7,Tuesday,6,1,0,State Highway,Clear,3,43,60,Car,2,6,Wet,6,1,0,0,8,37,46,No Junction,High
3,Saturday,10,0,1,Urban Road,Rainy,6,32,40,Motorcycle,2,5,Under Construction,13,0,1,0,5,19,79,Roundabout,Medium
20,Friday,5,1,0,Urban Road,Clear,7,10,40,Motorcycle,1,0,Good,5,1,0,0,8,28,92,Intersection,Medium
10,Sunday,1,1,1,Urban Road,Cloudy,10,10,40,Car,4,11,Good,12,0,0,0,6,26,52,No Junction,Medium
7,Friday,10,1,0,Highway,Rainy,6,10,80,Truck,2,4,Good,4,0,1,0,9,10,44,Intersection,Medium
13,Monday,5,0,0,State Highway,Clear,7,45,60,Motorcycle,2,6,Under Construction,12,0,0,0,7,35,57,T-Junction,Medium
16,Wednesday,5,0,0,Residential,Clear,9,20,40,Car,1,4,Dry,10,0,0,1,7,42,57,T-Junction,Medium
3,Wednesday,6,0,0,Highway,Clear,1,62,80,Bus,1,8,Dry,6,0,1,0,7,33,60,Y-Junction,Medium
9,Thursday,7,1,0,Urban Road,Clear,6,10,40,Motorcycle,2,5,Under Construction,7,0,1,2,5,25,58,Roundabout,High
3,Saturday,4,0,1,National Highway,Cloudy,3,65,80,Car,2,4,Dry,8,0,1,1,8,35,67,No Junction,High
12,Thursday,7,0,0,Residential,Cloudy,7,41,40,Bus,2,11,Dry,8,1,0,1,7,30,76,Y-Junction,High
21,Saturday,5,0,1,Urban Road,Rainy,2,32,40,Car,5,7,Dry,9,1,0,1,8,39,66,T-Junction,High
23,Tuesday,6,0,0,Urban Road,Heavy Rain,7,40,40,Auto,2,7,Slippery,8,1,0,3,4,30,84,Roundabout,High
17,Saturday,4,1,1,Urban Road,Rainy,5,35,40,Car,2,2,Wet,4,1,0,0,6,27,87,Intersection,High
7,Friday,12,1,0,Highway,Clear,5,42,80,Car,2,7,Dry,6,0,1,0,9,27,52,T-Junction,Medium
21,Monday,8,0,0,State Highway,Foggy,3,32,60,Car,1,2,Slippery,8,0,0,1,4,26,58,T-Junction,High
14,Sunday,9,0,1,Urban Road,Rainy,6,10,40,Truck,4,9,Good,4,0,1,0,5,31,68,No Junction,Medium
7,Saturday,2,1,1,State Highway,Clear,6,10,60,Truck,3,7,Wet,6,1,0,0,7,36,87,T-Junction,High
21,Saturday,12,0,1,Urban Road,Clear,2,31,40,Bicycle,2,3,Wet,9,0,1,1,6,21,57,T-Junction,High
18,Saturday,11,1,1,Highway,Rainy,9,10,80,Motorcycle,1,6,Dry,8,0,1,1,7,33,100,T-Junction,Medium
18,Monday,4,1,0,State Highway,Clear,7,31,60,Bus,3,7,Dry,7,0,0,1,9,45,50,Intersection,Medium
18,Wednesday,11,1,0,Urban Road,Rainy,8,10,40,Motorcycle,1,9,Wet,11,0,1,1,7,22,48,Roundabout,Medium
8,Monday,8,1,0,Residential,Clear,10,10,40,Motorcycle,1,5,Under Construction,10,1,1,1,9,33,33,Intersection,High
8,Wednesday,8,1,0,State Highway,Clear,8,33,60,Car,1,9,Good,6,0,0,0,8,27,69,No Junction,Medium
17,Sunday,9,1,1,National Highway,Clear,8,23,80,Bus,1,12,Wet,9,1,0,1,9,19,50,No Junction,High
8,Friday,3,1,0,Highway,Cloudy,6,19,80,Truck,2,9,Dry,5,0,0,0,6,17,61,No Junction,Medium
12,Monday,1,0,0,Highway,Clear,5,67,80,Motorcycle,1,4,Slippery,8,0,1,0,6,32,56,Y-Junction,High
19,Wednesday,9,1,0,Urban Road,Rainy,6,37,40,Car,2,9,Dry,8,0,1,0,8,20,64,Intersection,Medium
19,Friday,1,1,0,Urban Road,Clear,6,22,40,Motorcycle,3,10,Dry,7,0,1,2,5,33,77,Y-Junction,Medium
13,Friday,3,0,0,Urban Road,Heavy Rain,5,37,40,Car,2,9,Slippery,7,0,0,1,4,28,62,No Junction,High
19,Wednesday,3,1,0,Highway,Clear,5,10,80,Truck,2,1,Slippery,8,0,1,3,8,39,59,Roundabout,High
19,Wednesday,9,1,0,Urban Road,Clear,9,10,40,Bicycle,2,0,Under Construction,7,0,0,0,8,22,48,Roundabout,Medium
17,Tuesday,1,1,0,Highway,Clear,8,10,80,Car,3,0,Wet,3,0,0,2,6,21,99,Roundabout,High
8,Friday,7,1,0,State Highway,Clear,7,10,60,Car,5,0,Under Construction,12,0,0,1,8,35,73,Intersection,Medium
9,Wednesday,2,1,0,State Highway,Foggy,7,10,60,Car,2,3,Dry,9,0,0,2,3,26,33,T-Junction,High
10,Friday,7,1,0,Highway,Clear,6,63,80,Motorcycle,2,6,Dry,6,0,0,0,7,33,46,Intersection,Medium
7,Monday,1,1,0,State Highway,Foggy,4,17,60,Truck,5,0,Under Construction,10,0,0,0,4,35,84,Intersection,High
9,Sunday,10,1,1,Urban Road,Rainy,2,39,40,Motorcycle,1,7,Wet,6,0,1,0,6,37,51,No Junction,Medium
8,Thursday,10,1,0,Urban Road,Clear,5,37,40,Bicycle,1,5,Dry,3,0,0,1,6,20,62,Y-Junction,Medium
13,Thursday,8,0,0,Highway,Clear,7,23,80,Truck,1,7,Slippery,9,0,0,3,6,26,64,T-Junction,High
21,Saturday,10,0,1,State Highway,Clear,1,49,60,Car,2,10,Under Construction,3,1,1,1,7,17,53,Intersection,High
6,Wednesday,10,0,0,Urban Road,Clear,3,33,40,Car,1,7,Wet,3,1,0,1,6,35,74,Intersection,High
